team_id,time,packet_id,lat,lon,sat,temp,humidity,alt_baro,acc_x,acc_y,acc_z,heading,pm1_0,pm2_5,pm10,voltage,current,watt,battery_percent,status
14,0.0,1.0,18.123461,98.123466,11.0,27.0,65.0,500.5,1.9,79.993,1001.709,0.0,11.0,21.0,36.0,4.2,120.19,0.505,99.0,1.0
14,0.1,2.0,18.123466,98.123474,12.0,27.01,65.1,503.0,11.971,79.718,1010.568,1.0,12.0,22.0,37.0,4.2,121.199,0.509,99.0,1.0
14,0.2,3.0,18.123472,98.123482,13.0,27.02,65.1,505.5,21.921,79.045,1018.465,2.0,13.0,23.0,38.0,4.2,122.206,0.513,99.0,1.0
14,0.3,4.0,18.123478,98.123489,14.0,27.03,65.2,508.0,31.646,77.976,1024.679,3.0,14.0,24.0,39.0,4.2,123.206,0.517,99.0,1.0
14,0.4,5.0,18.123484,98.123497,10.0,27.04,65.2,510.6,41.05,76.519,1028.644,4.0,15.0,25.0,40.0,4.2,124.199,0.522,99.0,1.0
14,0.5,6.0,18.123489,98.123505,11.0,27.05,65.3,513.1,50.035,74.678,1030.0,5.0,16.0,26.0,41.0,4.199,125.18,0.526,99.0,1.0
14,0.6,7.0,18.123495,98.123512,12.0,27.06,65.3,515.6,58.51,72.465,1028.623,6.0,17.0,27.0,42.0,4.199,126.149,0.53,99.0,1.0
14,0.7,8.0,18.123501,98.12352,13.0,27.07,65.4,518.2,66.388,69.89,1024.637,7.0,18.0,28.0,43.0,4.199,127.102,0.534,99.0,1.0
14,0.8,9.0,18.123507,98.123528,14.0,27.08,65.4,520.7,73.59,66.965,1018.408,8.0,19.0,29.0,44.0,4.199,128.036,0.538,99.0,1.0
14,0.9,10.0,18.123512,98.123535,10.0,27.09,65.5,523.2,80.042,63.706,1010.501,9.0,10.0,30.0,45.0,4.199,128.951,0.541,99.0,1.0
14,1.0,11.0,18.123518,98.123543,11.0,27.1,65.5,525.7,85.678,60.129,1001.637,10.0,11.0,31.0,46.0,4.199,129.842,0.545,99.0,1.0
14,1.1,12.0,18.123524,98.12355,12.0,27.11,65.6,528.2,90.441,56.251,992.624,11.0,12.0,32.0,47.0,4.199,130.708,0.549,99.0,1.0
14,1.2,13.0,18.123529,98.123558,13.0,27.12,65.6,530.8,94.282,52.092,984.283,12.0,13.0,33.0,48.0,4.199,131.547,0.552,99.0,1.0
14,1.3,14.0,18.123535,98.123566,14.0,27.13,65.7,533.3,97.162,47.673,977.375,13.0,14.0,34.0,49.0,4.199,132.357,0.556,99.0,1.0
14,1.4,15.0,18.123541,98.123573,10.0,27.14,65.7,535.8,99.052,43.015,972.527,14.0,15.0,20.0,50.0,4.199,133.135,0.559,99.0,1.0
14,1.5,16.0,18.123547,98.123581,11.0,27.15,65.8,538.3,99.932,38.143,970.183,15.0,16.0,21.0,51.0,4.198,133.88,0.562,99.0,1.0
14,1.6,17.0,18.123552,98.123589,12.0,27.16,65.8,540.9,99.794,33.08,970.555,16.0,17.0,22.0,52.0,4.198,134.589,0.565,99.0,1.0
14,1.7,18.0,18.123558,98.123596,13.0,27.17,65.9,543.4,98.638,27.852,973.61,17.0,18.0,23.0,53.0,4.198,135.261,0.568,99.0,1.0
14,1.8,19.0,18.123564,98.123604,14.0,27.18,65.9,545.9,96.478,22.485,979.069,18.0,19.0,24.0,54.0,4.198,135.894,0.571,99.0,1.0
14,1.9,20.0,18.123569,98.123611,10.0,27.19,66.0,548.5,93.333,17.005,986.435,19.0,10.0,25.0,35.0,4.198,136.486,0.573,99.0,1.0
14,2.0,21.0,18.123575,98.123619,11.0,27.2,66.0,551.0,89.238,11.44,995.037,20.0,11.0,26.0,36.0,4.198,137.037,0.575,99.0,1.0
14,2.1,22.0,18.123581,98.123627,12.0,27.21,66.1,553.5,84.233,5.819,1004.092,21.0,12.0,27.0,37.0,4.198,137.544,0.577,99.0,1.0
14,2.2,23.0,18.123587,98.123634,13.0,27.22,66.1,556.0,78.37,0.168,1012.773,22.0,13.0,28.0,38.0,4.198,138.006,0.579,99.0,1.0
14,2.3,24.0,18.123592,98.123642,14.0,27.23,66.2,558.5,71.707,-5.484,1020.291,23.0,14.0,29.0,39.0,4.198,138.423,0.581,99.0,1.0
14,2.4,25.0,18.123598,98.12365,10.0,27.23,66.2,561.1,64.314,-11.108,1025.96,24.0,15.0,30.0,40.0,4.198,138.792,0.583,99.0,1.0
14,2.5,26.0,18.123604,98.123657,11.0,27.24,66.3,563.6,56.265,-16.677,1029.264,25.0,16.0,31.0,41.0,4.197,139.114,0.584,99.0,1.0
14,2.6,27.0,18.12361,98.123665,12.0,27.25,66.3,566.1,47.643,-22.163,1029.902,26.0,17.0,32.0,42.0,4.197,139.387,0.585,99.0,1.0
14,2.7,28.0,18.123615,98.123672,13.0,27.26,66.4,568.7,38.536,-27.537,1027.815,27.0,18.0,33.0,43.0,4.197,139.61,0.586,99.0,1.0
14,2.8,29.0,18.123621,98.12368,14.0,27.27,66.4,571.2,29.035,-32.774,1023.194,28.0,19.0,34.0,44.0,4.197,139.783,0.587,99.0,1.0
14,2.9,30.0,18.123627,98.123688,10.0,27.28,66.5,573.7,19.239,-37.848,1016.46,29.0,10.0,20.0,45.0,4.197,139.906,0.587,99.0,1.0
14,3.0,31.0,18.123632,98.123695,11.0,27.29,66.5,576.2,9.246,-42.732,1008.227,30.0,11.0,21.0,46.0,4.197,139.979,0.587,99.0,1.0
14,3.2,32.0,18.123638,98.123703,12.0,27.29,66.5,578.8,-0.841,-47.403,999.243,31.0,12.0,22.0,47.0,4.197,140.0,0.588,99.0,1.0
14,3.3,33.0,18.123644,98.123711,13.0,27.3,66.6,581.3,-10.919,-51.837,990.329,32.0,13.0,23.0,48.0,4.197,139.97,0.587,99.0,1.0
14,3.4,34.0,18.12365,98.123718,14.0,27.31,66.6,583.8,-20.886,-56.012,982.296,33.0,14.0,24.0,49.0,4.197,139.889,0.587,99.0,1.0
14,3.5,35.0,18.123655,98.123726,10.0,27.32,66.7,586.3,-30.64,-59.907,975.876,34.0,15.0,25.0,50.0,4.197,139.758,0.587,99.0,1.0
14,3.6,36.0,18.123661,98.123734,11.0,27.33,66.7,588.8,-40.082,-63.503,971.654,35.0,16.0,26.0,51.0,4.196,139.576,0.586,99.0,1.0
14,3.7,37.0,18.123667,98.123741,12.0,27.33,66.8,591.4,-49.115,-66.781,970.014,36.0,17.0,27.0,52.0,4.196,139.345,0.585,99.0,1.0
14,3.8,38.0,18.123672,98.123749,13.0,27.34,66.8,593.9,-57.647,-69.726,971.106,37.0,18.0,28.0,53.0,4.196,139.064,0.584,99.0,1.0
14,3.9,39.0,18.123678,98.123756,14.0,27.35,66.9,596.4,-65.593,-72.322,974.831,38.0,19.0,29.0,54.0,4.196,138.734,0.582,99.0,1.0
14,4.0,40.0,18.123684,98.123764,10.0,27.36,66.9,599.0,-72.869,-74.557,980.849,39.0,10.0,30.0,35.0,4.196,138.357,0.581,99.0,1.0
14,4.1,41.0,18.12369,98.123772,11.0,27.36,67.0,601.5,-79.403,-76.42,988.612,40.0,11.0,31.0,36.0,4.196,137.933,0.579,99.0,1.0
14,4.2,42.0,18.123695,98.123779,12.0,27.37,67.0,604.0,-85.127,-77.901,997.412,41.0,12.0,32.0,37.0,4.196,137.463,0.577,99.0,1.0
14,4.3,43.0,18.123701,98.123787,13.0,27.38,67.1,606.5,-89.984,-78.992,1006.448,42.0,13.0,33.0,38.0,4.196,136.948,0.575,99.0,1.0
14,4.4,44.0,18.123707,98.123795,14.0,27.38,67.1,609.0,-93.924,-79.689,1014.897,43.0,14.0,34.0,39.0,4.196,136.391,0.572,99.0,1.0
14,4.5,45.0,18.123713,98.123802,10.0,27.39,67.2,611.6,-96.906,-79.988,1021.988,44.0,15.0,20.0,40.0,4.196,135.791,0.57,99.0,1.0
14,4.6,46.0,18.123718,98.12381,11.0,27.4,67.2,614.1,-98.901,-79.887,1027.076,45.0,16.0,21.0,41.0,4.195,135.152,0.567,99.0,1.0
14,4.7,47.0,18.123724,98.123817,12.0,27.4,67.2,616.6,-99.888,-79.387,1029.697,46.0,17.0,22.0,42.0,4.195,134.473,0.564,99.0,1.0
14,4.8,48.0,18.12373,98.123825,13.0,27.41,67.3,619.2,-99.856,-78.49,1029.613,47.0,18.0,23.0,43.0,4.195,133.758,0.561,99.0,1.0
14,4.9,49.0,18.123735,98.123833,14.0,27.41,67.3,621.7,-98.807,-77.201,1026.83,48.0,19.0,24.0,44.0,4.195,133.008,0.558,99.0,1.0
14,5.0,50.0,18.123741,98.12384,10.0,27.42,67.4,624.2,-96.751,-75.526,1021.603,49.0,10.0,25.0,45.0,4.195,132.224,0.555,99.0,1.0
14,5.1,51.0,18.123747,98.123848,11.0,27.42,67.4,626.7,-93.709,-73.474,1014.408,50.0,11.0,26.0,46.0,4.195,131.41,0.551,99.0,1.0
14,5.2,52.0,18.123753,98.123856,12.0,27.43,67.5,629.2,-89.711,-71.055,1005.9,51.0,12.0,27.0,47.0,4.195,130.566,0.548,99.0,1.0
14,5.3,53.0,18.123758,98.123863,13.0,27.43,67.5,631.8,-84.799,-68.281,996.855,52.0,13.0,28.0,48.0,4.195,129.695,0.544,99.0,1.0
14,5.4,54.0,18.123764,98.123871,14.0,27.44,67.6,634.3,-79.023,-65.166,988.096,53.0,14.0,29.0,49.0,4.195,128.8,0.54,99.0,1.0
14,5.5,55.0,18.12377,98.123878,10.0,27.44,67.6,636.8,-72.441,-61.725,980.421,54.0,15.0,30.0,50.0,4.195,127.882,0.536,99.0,1.0
14,5.6,56.0,18.123775,98.123886,11.0,27.45,67.6,639.3,-65.122,-57.975,974.531,55.0,16.0,31.0,51.0,4.194,126.944,0.532,99.0,1.0
14,5.7,57.0,18.123781,98.123894,12.0,27.45,67.7,641.9,-57.138,-53.936,970.961,56.0,17.0,32.0,52.0,4.194,125.989,0.528,99.0,1.0
14,5.8,58.0,18.123787,98.123901,13.0,27.46,67.7,644.4,-48.572,-49.628,970.036,57.0,18.0,33.0,53.0,4.194,125.018,0.524,99.0,1.0
14,5.9,59.0,18.123793,98.123909,14.0,27.46,67.8,646.9,-39.511,-45.072,971.842,58.0,19.0,34.0,54.0,4.194,124.034,0.52,99.0,1.0
14,6.0,60.0,18.123798,98.123917,10.0,27.47,67.8,649.5,-30.047,-40.29,976.213,59.0,10.0,20.0,35.0,4.194,123.04,0.516,99.0,1.0
14,6.1,61.0,18.123804,98.123924,11.0,27.47,67.9,652.0,-20.277,-35.307,982.751,60.0,11.0,21.0,36.0,4.194,122.038,0.512,99.0,1.0
14,6.2,62.0,18.12381,98.123932,12.0,27.47,67.9,654.5,-10.3,-30.148,990.861,61.0,12.0,22.0,37.0,4.194,121.031,0.508,99.0,1.0
14,6.3,63.0,18.123816,98.12394,13.0,27.48,67.9,657.0,-0.219,-24.838,999.803,62.0,13.0,23.0,38.0,4.194,120.022,0.503,99.0,1.0
14,6.4,64.0,18.123821,98.123947,14.0,27.48,68.0,659.5,9.865,-19.404,1008.764,63.0,14.0,24.0,39.0,4.194,119.012,0.499,99.0,1.0
14,6.5,65.0,18.123827,98.123955,10.0,27.48,68.0,662.1,19.849,-13.873,1016.925,64.0,15.0,25.0,40.0,4.194,118.005,0.495,99.0,1.0
14,6.6,66.0,18.123833,98.123962,11.0,27.48,68.1,664.6,29.63,-8.272,1023.545,65.0,16.0,26.0,41.0,4.193,117.003,0.491,99.0,1.0
14,6.7,67.0,18.123838,98.12397,12.0,27.49,68.1,667.1,39.109,-2.631,1028.02,66.0,17.0,27.0,42.0,4.193,116.009,0.486,99.0,1.0
14,6.8,68.0,18.123844,98.123978,13.0,27.49,68.1,669.7,48.189,3.024,1029.942,67.0,18.0,28.0,43.0,4.193,115.025,0.482,99.0,1.0
14,6.9,69.0,18.12385,98.123985,14.0,27.49,68.2,672.2,56.779,8.664,1029.135,68.0,19.0,29.0,44.0,4.193,114.053,0.478,99.0,1.0
14,7.0,70.0,18.123856,98.123993,10.0,27.49,68.2,674.7,64.789,14.26,1025.675,69.0,10.0,30.0,45.0,4.193,113.097,0.474,99.0,1.0
14,7.1,71.0,18.123861,98.124001,11.0,27.49,68.3,677.2,72.14,19.785,1019.875,70.0,11.0,31.0,46.0,4.193,112.158,0.47,99.0,1.0
14,7.2,72.0,18.123867,98.124008,12.0,27.5,68.3,679.8,78.754,25.212,1012.264,71.0,12.0,32.0,47.0,4.193,111.239,0.466,99.0,1.0
14,7.3,73.0,18.123873,98.124016,13.0,27.5,68.3,682.3,84.567,30.512,1003.536,72.0,13.0,33.0,48.0,4.193,110.343,0.463,99.0,1.0
14,7.4,74.0,18.123878,98.124023,14.0,27.5,68.4,684.8,89.517,35.66,994.486,73.0,14.0,34.0,49.0,4.193,109.471,0.459,99.0,1.0
14,7.5,75.0,18.123884,98.124031,10.0,27.5,68.4,687.3,93.555,40.63,985.938,74.0,15.0,20.0,50.0,4.193,108.626,0.455,99.0,1.0
14,7.6,76.0,18.12389,98.124039,11.0,27.5,68.4,689.8,96.639,45.396,978.671,75.0,16.0,21.0,51.0,4.192,107.81,0.452,99.0,1.0
14,7.7,77.0,18.123896,98.124046,12.0,27.5,68.5,692.4,98.739,49.936,973.348,76.0,17.0,22.0,52.0,4.192,107.026,0.449,99.0,1.0
14,7.8,78.0,18.123901,98.124054,13.0,27.5,68.5,694.9,99.832,54.227,970.453,77.0,18.0,23.0,53.0,4.192,106.274,0.446,99.0,1.0
14,7.9,79.0,18.123907,98.124062,14.0,27.5,68.6,697.4,99.907,58.246,970.25,78.0,19.0,24.0,54.0,4.192,105.557,0.443,99.0,1.0
14,8.0,80.0,18.123913,98.124069,10.0,27.5,68.6,700.0,98.965,61.975,972.757,79.0,10.0,25.0,35.0,4.192,104.877,0.44,99.0,1.0
14,8.1,81.0,18.123919,98.124077,11.0,27.5,68.6,702.5,97.013,65.393,977.746,80.0,11.0,26.0,36.0,4.192,104.236,0.437,99.0,1.0
14,8.2,82.0,18.123924,98.124084,12.0,27.5,68.7,705.0,94.073,68.485,984.763,82.0,12.0,27.0,37.0,4.192,103.634,0.434,99.0,1.0
14,8.3,83.0,18.12393,98.124092,13.0,27.5,68.7,707.5,90.174,71.235,993.168,83.0,13.0,28.0,38.0,4.192,103.075,0.432,99.0,1.0
14,8.4,84.0,18.123936,98.1241,14.0,27.5,68.7,710.0,85.356,73.629,1002.196,84.0,14.0,29.0,39.0,4.192,102.559,0.43,99.0,1.0
14,8.5,85.0,18.123941,98.124107,10.0,27.5,68.8,712.6,79.668,75.655,1011.023,85.0,15.0,30.0,40.0,4.191,102.087,0.428,99.0,1.0
14,8.6,86.0,18.123947,98.124115,11.0,27.49,68.8,715.1,73.168,77.303,1018.846,86.0,16.0,31.0,41.0,4.191,101.661,0.426,99.0,1.0
14,8.7,87.0,18.123953,98.124123,12.0,27.49,68.8,717.6,65.922,78.565,1024.953,87.0,17.0,32.0,42.0,4.191,101.281,0.424,99.0,1.0
14,8.8,88.0,18.123959,98.12413,13.0,27.49,68.9,720.2,58.004,79.434,1028.785,88.0,18.0,33.0,43.0,4.191,100.95,0.423,99.0,1.0
14,8.9,89.0,18.123964,98.124138,14.0,27.49,68.9,722.7,49.495,79.907,1029.995,89.0,19.0,34.0,44.0,4.191,100.667,0.422,99.0,1.0
14,9.0,90.0,18.12397,98.124146,10.0,27.49,68.9,725.2,40.482,79.98,1028.473,90.0,10.0,20.0,45.0,4.191,100.433,0.421,98.0,1.0
14,9.1,91.0,18.123976,98.124153,11.0,27.48,69.0,727.7,31.056,79.653,1024.356,91.0,11.0,21.0,46.0,4.191,100.249,0.42,98.0,1.0
14,9.2,92.0,18.123981,98.124161,12.0,27.48,69.0,730.2,21.313,78.929,1018.02,92.0,12.0,22.0,47.0,4.191,100.115,0.42,98.0,1.0
14,9.3,93.0,18.123987,98.124168,13.0,27.48,69.0,732.8,11.353,77.81,1010.042,93.0,13.0,23.0,48.0,4.191,100.032,0.419,98.0,1.0
14,9.4,94.0,18.123993,98.124176,14.0,27.48,69.0,735.3,1.278,76.303,1001.15,94.0,14.0,24.0,49.0,4.191,100.0,0.419,98.0,1.0
14,9.5,95.0,18.123999,98.124184,10.0,27.47,69.1,737.8,-8.811,74.414,992.152,95.0,15.0,25.0,50.0,4.19,100.019,0.419,98.0,1.0
14,9.6,96.0,18.124004,98.124191,11.0,27.47,69.1,740.4,-18.81,72.153,983.87,96.0,16.0,26.0,51.0,4.19,100.089,0.419,98.0,1.0
14,9.7,97.0,18.12401,98.124199,12.0,27.47,69.1,742.9,-28.617,69.532,977.057,97.0,17.0,27.0,52.0,4.19,100.21,0.42,98.0,1.0
14,9.8,98.0,18.124016,98.124207,13.0,27.46,69.2,745.4,-38.132,66.563,972.335,98.0,18.0,28.0,53.0,4.19,100.381,0.421,98.0,1.0
14,9.9,99.0,18.124022,98.124214,14.0,27.46,69.2,747.9,-47.259,63.262,970.133,99.0,19.0,29.0,54.0,4.19,100.603,0.422,98.0,1.0
14,10.0,100.0,18.124027,98.124222,10.0,27.45,69.2,750.5,-55.904,59.645,970.652,100.0,10.0,30.0,35.0,4.19,100.873,0.423,98.0,1.0
14,10.1,101.0,18.124033,98.124229,11.0,27.45,69.2,753.0,-63.979,55.73,973.845,101.0,11.0,31.0,36.0,4.19,101.193,0.424,98.0,1.0
14,10.2,102.0,18.124039,98.124237,12.0,27.45,69.3,755.5,-71.402,51.536,979.421,102.0,12.0,32.0,37.0,4.19,101.56,0.426,98.0,1.0
14,10.3,103.0,18.124044,98.124245,13.0,27.44,69.3,758.0,-78.097,47.085,986.872,103.0,13.0,33.0,38.0,4.19,101.975,0.427,98.0,1.0
14,10.4,104.0,18.12405,98.124252,14.0,27.44,69.3,760.5,-83.997,42.399,995.519,104.0,14.0,34.0,39.0,4.19,102.435,0.429,98.0,1.0
14,10.5,105.0,18.124056,98.12426,10.0,27.43,69.3,763.1,-89.04,37.5,1004.574,105.0,15.0,20.0,40.0,4.189,102.94,0.431,98.0,1.0
14,10.6,106.0,18.124062,98.124268,11.0,27.43,69.4,765.6,-93.176,32.415,1013.213,106.0,16.0,21.0,41.0,4.189,103.489,0.434,98.0,1.0
14,10.7,107.0,18.124067,98.124275,12.0,27.42,69.4,768.1,-96.362,27.167,1020.648,107.0,17.0,22.0,42.0,4.189,104.08,0.436,98.0,1.0
14,10.8,108.0,18.124073,98.124283,13.0,27.41,69.4,770.7,-98.566,21.784,1026.201,108.0,18.0,23.0,43.0,4.189,104.711,0.439,98.0,1.0
14,10.9,109.0,18.124079,98.12429,14.0,27.41,69.4,773.2,-99.765,16.292,1029.367,109.0,19.0,24.0,44.0,4.189,105.381,0.441,98.0,1.0
14,11.0,110.0,18.124084,98.124298,10.0,27.4,69.5,775.7,-99.947,10.718,1029.858,110.0,10.0,25.0,45.0,4.189,106.089,0.444,98.0,1.0
14,11.1,111.0,18.12409,98.124306,11.0,27.4,69.5,778.2,-99.111,5.091,1027.629,111.0,11.0,26.0,46.0,4.189,106.832,0.448,98.0,1.0
14,11.2,112.0,18.124096,98.124313,12.0,27.39,69.5,780.8,-97.265,-0.561,1022.882,112.0,12.0,27.0,47.0,4.189,107.609,0.451,98.0,1.0
14,11.3,113.0,18.124102,98.124321,13.0,27.38,69.5,783.3,-94.427,-6.211,1016.05,113.0,13.0,28.0,48.0,4.189,108.417,0.454,98.0,1.0
14,11.4,114.0,18.124107,98.124329,14.0,27.38,69.5,785.8,-90.627,-11.83,1007.756,114.0,14.0,29.0,49.0,4.189,109.255,0.458,98.0,1.0
14,11.5,115.0,18.124113,98.124336,10.0,27.37,69.6,788.3,-85.903,-17.39,998.756,115.0,15.0,30.0,50.0,4.188,110.12,0.461,98.0,1.0
14,11.6,116.0,18.124119,98.124344,11.0,27.36,69.6,790.8,-80.304,-22.862,989.869,116.0,16.0,31.0,51.0,4.188,111.01,0.465,98.0,1.0
14,11.7,117.0,18.124125,98.124352,12.0,27.36,69.6,793.4,-73.886,-28.221,981.905,117.0,17.0,32.0,52.0,4.188,111.924,0.469,98.0,1.0
14,11.8,118.0,18.12413,98.124359,13.0,27.35,69.6,795.9,-66.715,-33.438,975.589,118.0,18.0,33.0,53.0,4.188,112.858,0.473,98.0,1.0
14,11.9,119.0,18.124136,98.124367,14.0,27.34,69.6,798.4,-58.864,-38.489,971.498,119.0,19.0,34.0,54.0,4.188,113.81,0.477,98.0,1.0
14,12.0,120.0,18.124142,98.124374,10.0,27.33,69.7,801.0,-50.413,-43.347,970.003,120.0,10.0,20.0,35.0,4.188,114.778,0.481,98.0,1.0
14,12.1,121.0,18.124147,98.124382,11.0,27.33,69.7,803.5,-41.448,-47.988,971.241,121.0,11.0,21.0,36.0,4.188,115.759,0.485,98.0,1.0
14,12.2,122.0,18.124153,98.12439,12.0,27.32,69.7,806.0,-32.061,-52.39,975.1,122.0,12.0,22.0,37.0,4.188,116.751,0.489,98.0,1.0
14,12.3,123.0,18.124159,98.124397,13.0,27.31,69.7,808.5,-22.347,-56.53,981.227,123.0,13.0,23.0,38.0,4.188,117.751,0.493,98.0,1.0
14,12.4,124.0,18.124165,98.124405,14.0,27.3,69.7,811.0,-12.405,-60.388,989.065,124.0,14.0,24.0,39.0,4.188,118.757,0.497,98.0,1.0
14,12.5,125.0,18.12417,98.124413,10.0,27.3,69.8,813.6,-2.337,-63.943,997.898,125.0,15.0,25.0,40.0,4.187,119.766,0.502,98.0,1.0
14,12.6,126.0,18.124176,98.12442,11.0,27.29,69.8,816.1,7.755,-67.18,1006.924,126.0,16.0,26.0,41.0,4.187,120.776,0.506,98.0,1.0
14,12.7,127.0,18.124182,98.124428,12.0,27.28,69.8,818.6,17.768,-70.081,1015.318,127.0,17.0,27.0,42.0,4.187,121.784,0.51,98.0,1.0
14,12.8,128.0,18.124187,98.124435,13.0,27.27,69.8,821.1,27.6,-72.631,1022.317,128.0,18.0,28.0,43.0,4.187,122.787,0.514,98.0,1.0
14,12.9,129.0,18.124193,98.124443,14.0,27.26,69.8,823.7,37.15,-74.819,1027.283,129.0,19.0,29.0,44.0,4.187,123.783,0.518,98.0,1.0
14,13.0,130.0,18.124199,98.124451,10.0,27.25,69.8,826.2,46.322,-76.633,1029.763,130.0,10.0,30.0,45.0,4.187,124.77,0.522,98.0,1.0
14,13.1,131.0,18.124205,98.124458,11.0,27.24,69.8,828.7,55.022,-78.063,1029.531,131.0,11.0,31.0,46.0,4.187,125.744,0.526,98.0,1.0
14,13.2,132.0,18.12421,98.124466,12.0,27.24,69.8,831.2,63.161,-79.104,1026.609,132.0,12.0,32.0,47.0,4.187,126.704,0.53,98.0,1.0
14,13.4,133.0,18.124216,98.124474,13.0,27.23,69.9,833.8,70.656,-79.75,1021.262,133.0,13.0,33.0,48.0,4.187,127.647,0.534,98.0,1.0
14,13.5,134.0,18.124222,98.124481,14.0,27.22,69.9,836.3,77.431,-79.997,1013.978,134.0,14.0,34.0,49.0,4.187,128.57,0.538,98.0,1.0
14,13.6,135.0,18.124228,98.124489,10.0,27.21,69.9,838.8,83.417,-79.845,1005.421,135.0,15.0,20.0,50.0,4.186,129.471,0.542,98.0,1.0
14,13.7,136.0,18.124233,98.124496,11.0,27.2,69.9,841.4,88.553,-79.293,996.37,136.0,16.0,21.0,51.0,4.186,130.348,0.546,98.0,1.0
14,13.8,137.0,18.124239,98.124504,12.0,27.19,69.9,843.9,92.786,-78.346,987.65,137.0,17.0,22.0,52.0,4.186,131.199,0.549,98.0,1.0
14,13.9,138.0,18.124245,98.124512,13.0,27.18,69.9,846.4,96.073,-77.007,980.054,138.0,18.0,23.0,53.0,4.186,132.021,0.553,98.0,1.0
14,14.0,139.0,18.12425,98.124519,14.0,27.17,69.9,848.9,98.381,-75.283,974.276,139.0,19.0,24.0,54.0,4.186,132.813,0.556,98.0,1.0
14,14.1,140.0,18.124256,98.124527,10.0,27.16,69.9,851.5,99.687,-73.183,970.842,140.0,10.0,25.0,35.0,4.186,133.571,0.559,98.0,1.0
14,14.2,141.0,18.124262,98.124535,11.0,27.15,69.9,854.0,99.976,-70.717,970.064,141.0,11.0,26.0,36.0,4.186,134.296,0.562,98.0,1.0
14,14.3,142.0,18.124268,98.124542,12.0,27.14,69.9,856.5,99.247,-67.898,972.014,142.0,12.0,27.0,37.0,4.186,134.983,0.565,98.0,1.0
14,14.4,143.0,18.124273,98.12455,13.0,27.13,70.0,859.0,97.505,-64.74,976.513,143.0,13.0,28.0,38.0,4.186,135.633,0.568,98.0,1.0
14,14.5,144.0,18.124279,98.124557,14.0,27.12,70.0,861.5,94.77,-61.258,983.153,144.0,14.0,29.0,39.0,4.186,136.243,0.57,98.0,1.0
14,14.6,145.0,18.124285,98.124565,10.0,27.11,70.0,864.1,91.07,-57.471,991.327,145.0,15.0,30.0,40.0,4.185,136.811,0.573,98.0,1.0
14,14.7,146.0,18.12429,98.124573,11.0,27.1,70.0,866.6,86.44,-53.396,1000.291,146.0,16.0,31.0,41.0,4.185,137.337,0.575,98.0,1.0
14,14.8,147.0,18.124296,98.12458,12.0,27.09,70.0,869.1,80.93,-49.054,1009.229,147.0,17.0,32.0,42.0,4.185,137.818,0.577,98.0,1.0
14,14.9,148.0,18.124302,98.124588,13.0,27.08,70.0,871.7,74.595,-44.467,1017.326,148.0,18.0,33.0,43.0,4.185,138.254,0.579,98.0,1.0
14,15.0,149.0,18.124308,98.124596,14.0,27.07,70.0,874.2,67.5,-39.658,1023.844,149.0,19.0,34.0,44.0,4.185,138.643,0.58,98.0,1.0
14,15.1,150.0,18.124313,98.124603,10.0,27.06,70.0,876.7,59.717,-34.651,1028.19,150.0,10.0,20.0,45.0,4.185,138.985,0.582,98.0,1.0
14,15.2,151.0,18.124319,98.124611,11.0,27.05,70.0,879.2,51.325,-29.471,1029.968,151.0,11.0,21.0,46.0,4.185,139.278,0.583,98.0,1.0
14,15.3,152.0,18.124325,98.124619,12.0,27.04,70.0,881.8,42.41,-24.144,1029.015,152.0,12.0,22.0,47.0,4.185,139.522,0.584,98.0,1.0
14,15.4,153.0,18.124331,98.124626,13.0,27.03,70.0,884.3,33.062,-18.695,1025.419,153.0,13.0,23.0,48.0,4.185,139.717,0.585,98.0,1.0
14,15.5,154.0,18.124336,98.124634,14.0,27.02,70.0,886.8,23.378,-13.154,1019.507,154.0,14.0,24.0,49.0,4.185,139.861,0.585,98.0,1.0
14,15.6,155.0,18.124342,98.124641,10.0,27.01,70.0,889.3,13.455,-7.547,1011.818,155.0,15.0,25.0,50.0,4.184,139.954,0.586,98.0,1.0
14,15.7,156.0,18.124348,98.124649,11.0,27.0,70.0,891.8,3.396,-1.902,1003.051,156.0,16.0,26.0,51.0,4.184,139.997,0.586,98.0,1.0
14,15.8,157.0,18.124353,98.124657,12.0,26.99,70.0,894.4,-6.699,3.753,994.007,157.0,17.0,27.0,52.0,4.184,139.989,0.586,98.0,1.0
14,15.9,158.0,18.124359,98.124664,13.0,26.98,70.0,896.9,-16.725,9.388,985.509,158.0,18.0,28.0,53.0,4.184,139.929,0.585,98.0,1.0
14,16.0,159.0,18.124365,98.124672,14.0,26.97,70.0,899.4,-26.58,14.977,978.331,159.0,19.0,29.0,54.0,4.184,139.819,0.585,98.0,1.0
14,16.1,160.0,18.124371,98.12468,10.0,26.96,70.0,901.9,-36.165,20.491,973.128,160.0,10.0,30.0,35.0,4.184,139.659,0.584,98.0,1.0
14,16.2,161.0,18.124376,98.124687,11.0,26.95,70.0,904.5,-45.381,25.903,970.372,161.0,11.0,31.0,36.0,4.184,139.448,0.583,98.0,1.0
14,16.3,162.0,18.124382,98.124695,12.0,26.94,70.0,907.0,-54.135,31.185,970.316,162.0,12.0,32.0,37.0,4.184,139.188,0.582,98.0,1.0
14,16.4,163.0,18.124388,98.124702,13.0,26.93,70.0,909.5,-62.336,36.311,972.965,163.0,13.0,33.0,38.0,4.184,138.878,0.581,98.0,1.0
14,16.5,164.0,18.124393,98.12471,14.0,26.92,70.0,912.0,-69.903,41.256,978.076,164.0,14.0,34.0,39.0,4.184,138.521,0.58,98.0,1.0
14,16.6,165.0,18.124399,98.124718,10.0,26.91,70.0,914.6,-76.757,45.995,985.185,165.0,15.0,20.0,40.0,4.183,138.116,0.578,98.0,1.0
14,16.7,166.0,18.124405,98.124725,11.0,26.9,70.0,917.1,-82.828,50.504,993.644,166.0,16.0,21.0,41.0,4.183,137.665,0.576,98.0,1.0
14,16.8,167.0,18.124411,98.124733,12.0,26.89,70.0,919.6,-88.056,54.76,1002.682,167.0,17.0,22.0,42.0,4.183,137.169,0.574,98.0,1.0
14,16.9,168.0,18.124416,98.124741,13.0,26.88,70.0,922.1,-92.386,58.743,1011.475,168.0,18.0,23.0,43.0,4.183,136.63,0.572,98.0,1.0
14,17.0,169.0,18.124422,98.124748,14.0,26.87,70.0,924.7,-95.774,62.433,1019.223,169.0,19.0,24.0,44.0,4.183,136.048,0.569,98.0,1.0
14,17.1,170.0,18.124428,98.124756,10.0,26.86,70.0,927.2,-98.186,65.811,1025.22,170.0,10.0,25.0,45.0,4.183,135.425,0.566,98.0,1.0
14,17.2,171.0,18.124434,98.124763,11.0,26.85,69.9,929.7,-99.597,68.859,1028.919,171.0,11.0,26.0,46.0,4.183,134.762,0.564,98.0,1.0
14,17.3,172.0,18.124439,98.124771,12.0,26.84,69.9,932.2,-99.994,71.564,1029.983,172.0,12.0,27.0,47.0,4.183,134.062,0.561,98.0,1.0
14,17.4,173.0,18.124445,98.124779,13.0,26.83,69.9,934.8,-99.371,73.911,1028.315,173.0,13.0,28.0,48.0,4.183,133.327,0.558,98.0,1.0
14,17.5,174.0,18.124451,98.124786,14.0,26.83,69.9,937.3,-97.735,75.889,1024.068,174.0,14.0,29.0,49.0,4.183,132.557,0.554,98.0,1.0
14,17.6,175.0,18.124456,98.124794,10.0,26.82,69.9,939.8,-95.103,77.488,1017.628,175.0,15.0,30.0,50.0,4.182,131.755,0.551,98.0,1.0
14,17.7,176.0,18.124462,98.124802,11.0,26.81,69.9,942.3,-91.502,78.699,1009.581,176.0,16.0,31.0,51.0,4.182,130.923,0.548,98.0,1.0
14,17.8,177.0,18.124468,98.124809,12.0,26.8,69.9,944.9,-86.968,79.518,1000.662,177.0,17.0,32.0,52.0,4.182,130.064,0.544,98.0,1.0
14,17.9,178.0,18.124474,98.124817,13.0,26.79,69.9,947.4,-81.548,79.939,991.683,178.0,18.0,33.0,53.0,4.182,129.178,0.54,98.0,1.0
14,18.0,179.0,18.124479,98.124825,14.0,26.78,69.9,949.9,-75.296,79.96,983.461,179.0,19.0,34.0,54.0,4.182,128.27,0.536,98.0,1.0
14,18.1,180.0,18.124485,98.124832,10.0,26.77,69.9,952.5,-68.278,79.582,976.746,180.0,10.0,20.0,35.0,4.182,127.34,0.533,97.0,1.0
14,18.2,181.0,18.124491,98.12484,11.0,26.76,69.8,955.0,-60.563,78.807,972.15,181.0,11.0,21.0,36.0,4.182,126.391,0.529,97.0,1.0
14,18.3,182.0,18.124496,98.124847,12.0,26.75,69.8,957.5,-52.231,77.638,970.091,183.0,12.0,22.0,37.0,4.182,125.427,0.524,97.0,1.0
14,18.4,183.0,18.124502,98.124855,13.0,26.74,69.8,960.0,-43.367,76.08,970.757,184.0,13.0,23.0,38.0,4.182,124.448,0.52,97.0,1.0
14,18.5,184.0,18.124508,98.124863,14.0,26.73,69.8,962.6,-34.06,74.143,974.088,185.0,14.0,24.0,39.0,4.181,123.458,0.516,97.0,1.0
14,18.6,185.0,18.124514,98.12487,10.0,26.73,69.8,965.1,-24.406,71.835,979.779,186.0,15.0,25.0,40.0,4.181,122.459,0.512,97.0,1.0
14,18.7,186.0,18.124519,98.124878,11.0,26.72,69.8,967.6,-14.504,69.169,987.312,187.0,16.0,26.0,41.0,4.181,121.454,0.508,97.0,1.0
14,18.8,187.0,18.124525,98.124886,12.0,26.71,69.8,970.1,-4.454,66.156,996.002,188.0,17.0,27.0,42.0,4.181,120.446,0.504,97.0,1.0
14,18.9,188.0,18.124531,98.124893,13.0,26.7,69.7,972.7,5.641,62.813,1005.056,189.0,18.0,28.0,43.0,4.181,119.436,0.499,97.0,1.0
14,19.0,189.0,18.124537,98.124901,14.0,26.69,69.7,975.2,15.679,59.157,1013.649,190.0,19.0,29.0,44.0,4.181,118.427,0.495,97.0,1.0
14,19.1,190.0,18.124542,98.124908,10.0,26.69,69.7,977.7,25.558,55.205,1020.999,191.0,10.0,30.0,45.0,4.181,117.423,0.491,97.0,1.0
14,19.2,191.0,18.124548,98.124916,11.0,26.68,69.7,980.2,35.175,50.976,1026.435,192.0,11.0,31.0,46.0,4.181,116.425,0.487,97.0,1.0
14,19.3,192.0,18.124554,98.124924,12.0,26.67,69.7,982.8,44.435,46.494,1029.463,193.0,12.0,32.0,47.0,4.181,115.436,0.483,97.0,1.0
14,19.4,193.0,18.124559,98.124931,13.0,26.66,69.7,985.3,53.241,41.779,1029.807,194.0,13.0,33.0,48.0,4.181,114.459,0.479,97.0,1.0
14,19.5,194.0,18.124565,98.124939,14.0,26.66,69.6,987.8,61.505,36.855,1027.435,195.0,14.0,34.0,49.0,4.18,113.496,0.474,97.0,1.0
14,19.6,195.0,18.124571,98.124947,10.0,26.65,69.6,990.3,69.141,31.747,1022.563,196.0,15.0,20.0,50.0,4.18,112.55,0.471,97.0,1.0
14,19.7,196.0,18.124577,98.124954,11.0,26.64,69.6,992.9,76.074,26.48,1015.636,197.0,16.0,21.0,51.0,4.18,111.622,0.467,97.0,1.0
14,19.8,197.0,18.124582,98.124962,12.0,26.63,69.6,995.4,82.23,21.081,1007.284,198.0,17.0,22.0,52.0,4.18,110.716,0.463,97.0,1.0
14,19.9,198.0,18.124588,98.124969,13.0,26.63,69.6,997.9,87.549,15.577,998.269,199.0,18.0,23.0,53.0,4.18,109.834,0.459,97.0,1.0
14,20.0,199.0,18.124594,98.124977,14.0,26.62,69.5,1000.0,91.975,9.995,989.411,200.0,19.0,24.0,54.0,4.18,108.977,0.456,97.0,2.0
14,20.1,200.0,18.124599,98.124985,10.0,26.61,69.5,1000.0,95.464,4.363,981.518,201.0,10.0,25.0,35.0,4.18,108.149,0.452,97.0,2.0
14,20.2,201.0,18.124605,98.124992,11.0,26.61,69.5,1000.0,97.98,-1.291,975.309,202.0,11.0,26.0,36.0,4.18,107.351,0.449,97.0,2.0
14,20.3,202.0,18.124611,98.125,12.0,26.6,69.5,1000.0,99.497,-6.938,971.349,203.0,12.0,27.0,37.0,4.18,106.585,0.445,97.0,2.0
14,20.4,203.0,18.124617,98.125008,13.0,26.6,69.5,1000.0,100.0,-12.551,970.0,204.0,13.0,28.0,38.0,4.18,105.853,0.442,97.0,2.0
14,20.5,204.0,18.124622,98.125015,14.0,26.59,69.4,1000.0,99.484,-18.101,971.384,205.0,14.0,29.0,39.0,4.179,105.158,0.44,97.0,2.0
14,20.6,205.0,18.124628,98.125023,10.0,26.58,69.4,1000.0,97.954,-23.56,975.375,206.0,15.0,30.0,40.0,4.179,104.5,0.437,97.0,2.0
14,20.7,206.0,18.124634,98.125031,11.0,26.58,69.4,1000.0,95.425,-28.902,981.61,207.0,16.0,31.0,41.0,4.179,103.882,0.434,97.0,2.0
14,20.8,207.0,18.12464,98.125038,12.0,26.57,69.4,1000.0,91.924,-34.099,989.52,208.0,17.0,32.0,42.0,4.179,103.305,0.432,97.0,2.0
14,20.9,208.0,18.124645,98.125046,13.0,26.57,69.3,1000.0,87.486,-39.126,998.385,209.0,18.0,33.0,43.0,4.179,102.77,0.429,97.0,2.0
14,21.0,209.0,18.124651,98.125053,14.0,26.56,69.3,1000.0,82.156,-43.958,1007.397,210.0,19.0,34.0,44.0,4.179,102.279,0.427,97.0,2.0
14,21.1,210.0,18.124657,98.125061,10.0,26.56,69.3,1000.0,75.989,-48.57,1015.736,211.0,10.0,20.0,45.0,4.179,101.834,0.426,97.0,2.0
14,21.2,211.0,18.124662,98.125069,11.0,26.55,69.3,1000.0,69.048,-52.939,1022.64,212.0,11.0,21.0,46.0,4.179,101.435,0.424,97.0,2.0
14,21.3,212.0,18.124668,98.125076,12.0,26.55,69.2,1000.0,61.402,-57.044,1027.482,213.0,12.0,22.0,47.0,4.179,101.083,0.422,97.0,2.0
14,21.4,213.0,18.124674,98.125084,13.0,26.54,69.2,1000.0,53.131,-60.863,1029.82,214.0,13.0,23.0,48.0,4.179,100.779,0.421,97.0,2.0
14,21.5,214.0,18.12468,98.125092,14.0,26.54,69.2,1000.0,44.319,-64.379,1029.441,215.0,14.0,24.0,49.0,4.178,100.525,0.42,97.0,2.0
14,21.6,215.0,18.124685,98.125099,10.0,26.54,69.1,1000.0,35.054,-67.573,1026.38,216.0,15.0,25.0,50.0,4.178,100.32,0.419,97.0,2.0
14,21.7,216.0,18.124691,98.125107,11.0,26.53,69.1,1000.0,25.432,-70.429,1020.915,217.0,16.0,26.0,51.0,4.178,100.165,0.419,97.0,2.0
14,21.8,217.0,18.124697,98.125114,12.0,26.53,69.1,1000.0,15.552,-72.934,1013.545,218.0,17.0,27.0,52.0,4.178,100.061,0.418,97.0,2.0
14,21.9,218.0,18.124702,98.125122,13.0,26.53,69.1,1000.0,5.512,-75.074,1004.941,219.0,18.0,28.0,53.0,4.178,100.008,0.418,97.0,2.0
14,22.0,219.0,18.124708,98.12513,14.0,26.52,69.0,1000.0,-4.584,-76.839,995.886,220.0,19.0,29.0,54.0,4.178,100.005,0.418,97.0,2.0
14,22.1,220.0,18.124714,98.125137,10.0,26.52,69.0,1000.0,-14.632,-78.22,987.207,221.0,10.0,30.0,35.0,4.178,100.054,0.418,97.0,2.0
14,22.2,221.0,18.12472,98.125145,11.0,26.52,69.0,1000.0,-24.532,-79.21,979.693,222.0,11.0,31.0,36.0,4.178,100.153,0.418,97.0,2.0
14,22.3,222.0,18.124725,98.125153,12.0,26.51,68.9,1000.0,-34.182,-79.804,974.029,223.0,12.0,32.0,37.0,4.178,100.303,0.419,97.0,2.0
14,22.4,223.0,18.124731,98.12516,13.0,26.51,68.9,1000.0,-43.483,-80.0,970.731,224.0,13.0,33.0,38.0,4.178,100.504,0.42,97.0,2.0
14,22.5,224.0,18.124737,98.125168,14.0,26.51,68.9,1000.0,-52.341,-79.796,970.1,225.0,14.0,34.0,39.0,4.177,100.754,0.421,97.0,2.0
14,22.6,225.0,18.124743,98.125175,10.0,26.51,68.8,1000.0,-60.666,-79.193,972.193,226.0,15.0,20.0,40.0,4.177,101.053,0.422,97.0,2.0
14,22.7,226.0,18.124748,98.125183,11.0,26.51,68.8,1000.0,-68.372,-78.195,976.82,227.0,16.0,21.0,41.0,4.177,101.4,0.424,97.0,2.0
14,22.8,227.0,18.124754,98.125191,12.0,26.51,68.8,1000.0,-75.382,-76.806,983.558,228.0,17.0,22.0,42.0,4.177,101.795,0.425,97.0,2.0
14,22.9,228.0,18.12476,98.125198,13.0,26.5,68.7,1000.0,-81.623,-75.033,991.795,229.0,18.0,23.0,43.0,4.177,102.236,0.427,97.0,2.0
14,23.0,229.0,18.124765,98.125206,14.0,26.5,68.7,1000.0,-87.032,-72.885,1000.779,230.0,19.0,24.0,44.0,4.177,102.723,0.429,97.0,2.0
14,23.1,230.0,18.124771,98.125214,10.0,26.5,68.7,1000.0,-91.554,-70.373,1009.692,231.0,10.0,25.0,45.0,4.177,103.254,0.431,97.0,2.0
14,23.2,231.0,18.124777,98.125221,11.0,26.5,68.6,1000.0,-95.143,-67.51,1017.722,232.0,11.0,26.0,46.0,4.177,103.827,0.434,97.0,2.0
14,23.4,232.0,18.124783,98.125229,12.0,26.5,68.6,1000.0,-97.762,-64.309,1024.137,233.0,12.0,27.0,47.0,4.177,104.441,0.436,97.0,2.0
14,23.5,233.0,18.124788,98.125237,13.0,26.5,68.6,1000.0,-99.385,-60.787,1028.354,234.0,13.0,28.0,48.0,4.177,105.096,0.439,97.0,2.0
14,23.6,234.0,18.124794,98.125244,14.0,26.5,68.5,1000.0,-99.995,-56.961,1029.987,235.0,14.0,29.0,49.0,4.176,105.788,0.442,97.0,2.0
14,23.7,235.0,18.1248,98.125252,10.0,26.5,68.5,1000.0,-99.586,-52.851,1028.888,236.0,15.0,30.0,50.0,4.176,106.516,0.445,97.0,2.0
14,23.8,236.0,18.124805,98.125259,11.0,26.5,68.5,1000.0,-98.161,-48.476,1025.157,237.0,16.0,31.0,51.0,4.176,107.279,0.448,97.0,2.0
14,23.9,237.0,18.124811,98.125267,12.0,26.5,68.4,1000.0,-95.737,-43.859,1019.134,238.0,17.0,32.0,52.0,4.176,108.074,0.451,97.0,2.0
14,24.0,238.0,18.124817,98.125275,13.0,26.5,68.4,1000.0,-92.336,-39.023,1011.368,239.0,18.0,33.0,53.0,4.176,108.9,0.455,97.0,2.0
14,24.1,239.0,18.124823,98.125282,14.0,26.5,68.4,1000.0,-87.994,-33.993,1002.566,240.0,19.0,34.0,54.0,4.176,109.754,0.458,97.0,2.0
14,24.2,240.0,18.124828,98.12529,10.0,26.5,68.3,1000.0,-82.756,-28.792,993.53,241.0,10.0,20.0,35.0,4.176,110.634,0.462,97.0,2.0
14,24.3,241.0,18.124834,98.125298,11.0,26.5,68.3,1000.0,-76.674,-23.447,985.084,242.0,11.0,21.0,36.0,4.176,111.538,0.466,97.0,2.0
14,24.4,242.0,18.12484,98.125305,12.0,26.51,68.2,1000.0,-69.81,-17.986,977.997,243.0,12.0,22.0,37.0,4.176,112.463,0.47,97.0,2.0
14,24.5,243.0,18.124846,98.125313,13.0,26.51,68.2,1000.0,-62.235,-12.434,972.914,244.0,13.0,23.0,38.0,4.176,113.408,0.474,97.0,2.0
14,24.6,244.0,18.124851,98.12532,14.0,26.51,68.2,1000.0,-54.026,-6.82,970.299,245.0,14.0,24.0,39.0,4.175,114.37,0.478,97.0,2.0
14,24.7,245.0,18.124857,98.125328,10.0,26.51,68.1,1000.0,-45.266,-1.173,970.391,246.0,15.0,25.0,40.0,4.175,115.346,0.482,97.0,2.0
14,24.8,246.0,18.124863,98.125336,11.0,26.51,68.1,1000.0,-36.044,4.481,973.18,247.0,16.0,26.0,41.0,4.175,116.333,0.486,97.0,2.0
14,24.9,247.0,18.124868,98.125343,12.0,26.52,68.0,1000.0,-26.455,10.112,978.412,248.0,17.0,27.0,42.0,4.175,117.331,0.49,97.0,2.0
14,25.0,248.0,18.124874,98.125351,13.0,26.52,68.0,1000.0,-16.597,15.693,985.611,249.0,18.0,28.0,43.0,4.175,118.335,0.494,97.0,2.0
14,25.1,249.0,18.12488,98.125359,14.0,26.52,68.0,998.7,-6.569,21.195,994.121,250.0,19.0,29.0,44.0,4.175,119.343,0.498,97.0,4.0
14,25.2,250.0,18.124886,98.125366,10.0,26.53,67.9,996.6,3.525,26.591,1003.167,251.0,10.0,30.0,45.0,4.175,120.353,0.502,97.0,4.0
14,25.3,251.0,18.124891,98.125374,11.0,26.53,67.9,994.6,13.584,31.855,1011.925,252.0,11.0,31.0,46.0,4.175,121.362,0.507,97.0,4.0
14,25.4,252.0,18.124897,98.125381,12.0,26.53,67.8,992.6,23.504,36.959,1019.595,253.0,12.0,32.0,47.0,4.175,122.367,0.511,97.0,4.0
14,25.5,253.0,18.124903,98.125389,13.0,26.54,67.8,990.6,33.185,41.879,1025.481,254.0,13.0,33.0,48.0,4.175,123.366,0.515,97.0,4.0
14,25.6,254.0,18.124908,98.125397,14.0,26.54,67.8,988.6,42.527,46.59,1029.045,255.0,14.0,34.0,49.0,4.174,124.357,0.519,97.0,4.0
14,25.7,255.0,18.124914,98.125404,10.0,26.54,67.7,986.5,51.436,51.067,1029.963,256.0,15.0,20.0,50.0,4.174,125.337,0.523,97.0,4.0
14,25.8,256.0,18.12492,98.125412,11.0,26.55,67.7,984.5,59.82,55.29,1028.15,257.0,16.0,21.0,51.0,4.174,126.303,0.527,97.0,4.0
14,25.9,257.0,18.124926,98.12542,12.0,26.55,67.6,982.5,67.595,59.236,1023.773,258.0,17.0,22.0,52.0,4.174,127.253,0.531,97.0,4.0
14,26.0,258.0,18.124931,98.125427,13.0,26.56,67.6,980.5,74.681,62.886,1017.231,259.0,18.0,23.0,53.0,4.174,128.185,0.535,97.0,4.0
14,26.1,259.0,18.124937,98.125435,14.0,26.56,67.5,978.5,81.006,66.222,1009.118,260.0,19.0,24.0,54.0,4.174,129.096,0.539,97.0,4.0
14,26.2,260.0,18.124943,98.125443,10.0,26.57,67.5,976.4,86.505,69.228,1000.175,261.0,10.0,25.0,35.0,4.174,129.983,0.543,97.0,4.0
14,26.3,261.0,18.124949,98.12545,11.0,26.57,67.5,974.4,91.123,71.887,991.215,262.0,11.0,26.0,36.0,4.174,130.845,0.546,97.0,4.0
14,26.4,262.0,18.124954,98.125458,12.0,26.58,67.4,972.4,94.812,74.187,983.056,263.0,12.0,27.0,37.0,4.174,131.68,0.55,97.0,4.0
14,26.5,263.0,18.12496,98.125465,13.0,26.58,67.4,970.4,97.534,76.117,976.441,264.0,13.0,28.0,38.0,4.174,132.484,0.553,97.0,4.0
14,26.6,264.0,18.124966,98.125473,14.0,26.59,67.3,968.4,99.262,77.666,971.972,265.0,14.0,29.0,39.0,4.173,133.257,0.556,97.0,4.0
14,26.7,265.0,18.124971,98.125481,10.0,26.59,67.3,966.3,99.979,78.827,970.057,266.0,15.0,30.0,40.0,4.173,133.996,0.559,97.0,4.0
14,26.8,266.0,18.124977,98.125488,11.0,26.6,67.2,964.3,99.676,79.594,970.87,267.0,16.0,31.0,41.0,4.173,134.699,0.562,97.0,4.0
14,26.9,267.0,18.124983,98.125496,12.0,26.61,67.2,962.3,98.358,79.964,974.337,268.0,17.0,32.0,42.0,4.173,135.365,0.565,97.0,4.0
14,27.0,268.0,18.124989,98.125504,13.0,26.61,67.1,960.3,96.037,79.934,980.142,269.0,18.0,33.0,43.0,4.173,135.992,0.567,97.0,4.0
14,27.1,269.0,18.124994,98.125511,14.0,26.62,67.1,958.3,92.737,79.505,987.756,270.0,19.0,34.0,44.0,4.173,136.578,0.57,96.0,8.0
14,27.2,270.0,18.125,98.125519,10.0,26.63,67.1,956.2,88.493,78.678,996.486,271.0,10.0,20.0,45.0,4.173,137.122,0.572,96.0,8.0
14,27.3,271.0,18.125006,98.125526,11.0,26.63,67.0,954.2,83.346,77.458,1005.536,272.0,11.0,21.0,46.0,4.173,137.621,0.574,96.0,8.0
14,27.4,272.0,18.125011,98.125534,12.0,26.64,67.0,952.2,77.349,75.852,1014.081,273.0,12.0,22.0,47.0,4.173,138.077,0.576,96.0,8.0
14,27.5,273.0,18.125017,98.125542,13.0,26.65,66.9,950.2,70.565,73.866,1021.344,274.0,13.0,23.0,48.0,4.173,138.485,0.578,96.0,8.0
14,27.6,274.0,18.125023,98.125549,14.0,26.65,66.9,948.2,63.061,71.511,1026.662,275.0,14.0,24.0,49.0,4.172,138.847,0.579,96.0,8.0
14,27.7,275.0,18.125029,98.125557,10.0,26.66,66.8,946.1,54.914,68.799,1029.551,276.0,15.0,25.0,50.0,4.172,139.161,0.581,96.0,8.0
14,27.8,276.0,18.125034,98.125565,11.0,26.67,66.8,944.1,46.207,65.743,1029.748,277.0,16.0,26.0,51.0,4.172,139.426,0.582,96.0,8.0
14,27.9,277.0,18.12504,98.125572,12.0,26.68,66.7,942.1,37.03,62.359,1027.234,278.0,17.0,27.0,52.0,4.172,139.641,0.583,96.0,8.0
14,28.0,278.0,18.125046,98.12558,13.0,26.68,66.7,940.1,27.475,58.663,1022.239,279.0,18.0,28.0,53.0,4.172,139.807,0.583,96.0,8.0
14,28.1,279.0,18.125051,98.125587,14.0,26.69,66.6,938.1,17.641,54.674,1015.218,280.0,19.0,29.0,54.0,4.172,139.921,0.584,96.0,8.0
14,28.2,280.0,18.125057,98.125595,10.0,26.7,66.6,936.0,7.626,50.412,1006.81,281.0,10.0,30.0,35.0,4.172,139.985,0.584,96.0,8.0
14,28.3,281.0,18.125063,98.125603,11.0,26.71,66.5,934.0,-2.466,45.898,997.782,282.0,11.0,31.0,36.0,4.172,139.998,0.584,96.0,8.0
14,28.4,282.0,18.125069,98.12561,12.0,26.72,66.5,932.0,-12.534,41.155,988.956,284.0,12.0,32.0,37.0,4.172,139.961,0.584,96.0,8.0
14,28.5,283.0,18.125074,98.125618,13.0,26.72,66.4,930.0,-22.473,36.206,981.136,285.0,13.0,33.0,38.0,4.171,139.872,0.583,96.0,8.0
14,28.6,284.0,18.12508,98.125626,14.0,26.73,66.4,928.0,-32.183,31.076,975.035,286.0,14.0,34.0,39.0,4.171,139.732,0.583,96.0,8.0
14,28.7,285.0,18.125086,98.125633,10.0,26.74,66.3,925.9,-41.566,25.791,971.208,287.0,15.0,20.0,40.0,4.171,139.542,0.582,96.0,8.0
14,28.8,286.0,18.125092,98.125641,11.0,26.75,66.3,923.9,-50.525,20.377,970.005,288.0,16.0,21.0,41.0,4.171,139.303,0.581,96.0,8.0
14,28.9,287.0,18.125097,98.125648,12.0,26.76,66.2,921.9,-58.968,14.861,971.534,289.0,17.0,22.0,42.0,4.171,139.014,0.58,96.0,8.0
14,29.0,288.0,18.125103,98.125656,13.0,26.77,66.2,919.9,-66.811,9.271,975.657,290.0,18.0,23.0,43.0,4.171,138.677,0.578,96.0,8.0
14,29.1,289.0,18.125109,98.125664,14.0,26.78,66.1,917.9,-73.973,3.635,981.998,291.0,19.0,24.0,44.0,4.171,138.292,0.577,96.0,8.0
14,29.2,290.0,18.125114,98.125671,10.0,26.79,66.1,915.8,-80.381,-2.02,989.979,292.0,10.0,25.0,45.0,4.171,137.86,0.575,96.0,8.0
14,29.3,291.0,18.12512,98.125679,11.0,26.8,66.0,913.8,-85.969,-7.664,998.872,293.0,11.0,26.0,46.0,4.171,137.383,0.573,96.0,8.0
14,29.4,292.0,18.125126,98.125687,12.0,26.8,66.0,911.8,-90.682,-13.27,1007.869,294.0,12.0,27.0,47.0,4.171,136.861,0.571,96.0,8.0
14,29.5,293.0,18.125132,98.125694,13.0,26.81,65.9,909.8,-94.47,-18.81,1016.149,295.0,13.0,28.0,48.0,4.17,136.297,0.568,96.0,8.0
14,29.6,294.0,18.125137,98.125702,14.0,26.82,65.9,907.8,-97.295,-24.256,1022.957,296.0,14.0,29.0,49.0,4.17,135.691,0.566,96.0,8.0
14,29.7,295.0,18.125143,98.12571,10.0,26.83,65.8,905.7,-99.128,-29.581,1027.674,297.0,15.0,30.0,50.0,4.17,135.045,0.563,96.0,8.0
14,29.8,296.0,18.125149,98.125717,11.0,26.84,65.8,903.7,-99.952,-34.757,1029.869,298.0,16.0,31.0,51.0,4.17,134.361,0.56,96.0,8.0
14,29.9,297.0,18.125154,98.125725,12.0,26.85,65.7,901.7,-99.756,-39.761,1029.343,299.0,17.0,32.0,52.0,4.17,133.64,0.557,96.0,8.0
14,30.0,298.0,18.12516,98.125732,13.0,26.86,65.7,899.7,-98.544,-44.565,1026.144,300.0,18.0,33.0,53.0,4.17,132.884,0.554,96.0,8.0
14,30.1,299.0,18.125166,98.12574,14.0,26.87,65.6,897.7,-96.327,-49.147,1020.563,301.0,19.0,34.0,54.0,4.17,132.095,0.551,96.0,8.0
14,30.2,300.0,18.125172,98.125748,10.0,26.88,65.6,895.6,-93.129,-53.483,1013.108,302.0,10.0,20.0,35.0,4.17,131.276,0.547,96.0,8.0
14,30.3,301.0,18.125177,98.125755,11.0,26.89,65.5,893.6,-88.981,-57.553,1004.459,303.0,11.0,21.0,36.0,4.17,130.428,0.544,96.0,8.0
14,30.4,302.0,18.125183,98.125763,12.0,26.9,65.5,891.6,-83.926,-61.334,995.404,304.0,12.0,22.0,37.0,4.17,129.553,0.54,96.0,8.0
14,30.5,303.0,18.125189,98.125771,13.0,26.91,65.4,889.6,-78.016,-64.809,986.767,305.0,13.0,23.0,38.0,4.169,128.654,0.536,96.0,8.0
14,30.6,304.0,18.125195,98.125778,14.0,26.92,65.4,887.6,-71.311,-67.96,979.336,306.0,14.0,24.0,39.0,4.169,127.732,0.533,96.0,8.0
14,30.7,305.0,18.1252,98.125786,10.0,26.93,65.3,885.5,-63.879,-70.772,973.788,307.0,15.0,25.0,40.0,4.169,126.791,0.529,96.0,8.0
14,30.8,306.0,18.125206,98.125793,11.0,26.94,65.3,883.5,-55.796,-73.23,970.628,308.0,16.0,26.0,41.0,4.169,125.833,0.525,96.0,8.0
14,30.9,307.0,18.125212,98.125801,12.0,26.95,65.2,881.5,-47.144,-75.323,970.144,309.0,17.0,27.0,42.0,4.169,124.86,0.521,96.0,8.0
14,31.0,308.0,18.125217,98.125809,13.0,26.96,65.2,879.5,-38.012,-77.038,972.38,310.0,18.0,28.0,43.0,4.169,123.875,0.516,96.0,8.0
14,31.1,309.0,18.125223,98.125816,14.0,26.97,65.1,877.5,-28.492,-78.369,977.133,311.0,19.0,29.0,44.0,4.169,122.879,0.512,96.0,8.0
14,31.2,310.0,18.125229,98.125824,10.0,26.98,65.1,875.4,-18.682,-79.309,983.969,312.0,10.0,30.0,45.0,4.169,121.876,0.508,96.0,8.0
14,31.3,311.0,18.125235,98.125832,11.0,26.99,65.0,873.4,-8.682,-79.852,992.265,313.0,11.0,31.0,46.0,4.169,120.869,0.504,96.0,8.0
14,31.4,312.0,18.12524,98.125839,12.0,27.0,65.0,871.4,1.407,-79.996,1001.266,314.0,12.0,32.0,47.0,4.169,119.859,0.5,96.0,8.0
14,31.5,313.0,18.125246,98.125847,13.0,27.01,64.9,869.4,11.482,-79.741,1010.152,315.0,13.0,33.0,48.0,4.168,118.85,0.495,96.0,8.0
14,31.6,314.0,18.125252,98.125854,14.0,27.02,64.9,867.4,21.44,-79.087,1018.113,316.0,14.0,34.0,49.0,4.168,117.843,0.491,96.0,8.0
14,31.7,315.0,18.125257,98.125862,10.0,27.03,64.8,865.3,31.179,-78.038,1024.424,317.0,15.0,20.0,50.0,4.168,116.843,0.487,96.0,8.0
14,31.8,316.0,18.125263,98.12587,11.0,27.04,64.8,863.3,40.6,-76.599,1028.509,318.0,16.0,21.0,51.0,4.168,115.85,0.483,96.0,8.0
14,31.9,317.0,18.125269,98.125877,12.0,27.05,64.7,861.3,49.608,-74.777,1029.997,319.0,17.0,22.0,52.0,4.168,114.867,0.479,96.0,8.0
14,32.0,318.0,18.125275,98.125885,13.0,27.06,64.7,859.3,58.109,-72.582,1028.752,320.0,18.0,23.0,53.0,4.168,113.898,0.475,96.0,8.0
14,32.1,319.0,18.12528,98.125893,14.0,27.07,64.6,857.3,66.019,-70.024,1024.888,321.0,19.0,24.0,54.0,4.168,112.944,0.471,96.0,8.0
14,32.2,320.0,18.125286,98.1259,10.0,27.08,64.6,855.2,73.256,-67.116,1018.756,322.0,10.0,25.0,35.0,4.168,112.009,0.467,96.0,8.0
14,32.3,321.0,18.125292,98.125908,11.0,27.09,64.5,853.2,79.746,-63.873,1010.915,323.0,11.0,26.0,36.0,4.168,111.094,0.463,96.0,8.0
14,32.4,322.0,18.125298,98.125916,12.0,27.1,64.5,851.2,85.423,-60.31,1002.08,324.0,12.0,27.0,37.0,4.168,110.201,0.459,96.0,8.0
14,32.5,323.0,18.125303,98.125923,13.0,27.11,64.4,849.2,90.23,-56.447,993.055,325.0,13.0,28.0,38.0,4.167,109.333,0.456,96.0,8.0
14,32.6,324.0,18.125309,98.125931,14.0,27.12,64.4,847.2,94.117,-52.301,984.663,326.0,14.0,29.0,39.0,4.167,108.493,0.452,96.0,8.0
14,32.7,325.0,18.125315,98.125938,10.0,27.13,64.3,845.1,97.045,-47.894,977.668,327.0,15.0,30.0,40.0,4.167,107.682,0.449,96.0,8.0
14,32.8,326.0,18.12532,98.125946,11.0,27.14,64.3,843.1,98.983,-43.248,972.708,328.0,16.0,31.0,41.0,4.167,106.902,0.445,96.0,8.0
14,32.9,327.0,18.125326,98.125954,12.0,27.15,64.2,841.1,99.913,-38.385,970.235,329.0,17.0,32.0,42.0,4.167,106.156,0.442,96.0,8.0
14,33.0,328.0,18.125332,98.125961,13.0,27.16,64.2,839.1,99.824,-33.331,970.473,330.0,18.0,33.0,43.0,4.167,105.445,0.439,96.0,8.0
14,33.1,329.0,18.125338,98.125969,14.0,27.17,64.1,837.1,98.718,-28.11,973.402,331.0,19.0,34.0,44.0,4.167,104.771,0.437,96.0,8.0
14,33.2,330.0,18.125343,98.125977,10.0,27.18,64.1,835.0,96.606,-22.749,978.754,332.0,10.0,20.0,45.0,4.167,104.136,0.434,96.0,8.0
14,33.3,331.0,18.125349,98.125984,11.0,27.19,64.0,833.0,93.509,-17.275,986.041,333.0,11.0,21.0,46.0,4.167,103.542,0.431,96.0,8.0
14,33.5,332.0,18.125355,98.125992,12.0,27.2,64.0,831.0,89.459,-11.713,994.601,334.0,12.0,22.0,47.0,4.167,102.989,0.429,96.0,8.0
14,33.6,333.0,18.12536,98.125999,13.0,27.21,63.9,829.0,84.498,-6.094,1003.652,335.0,13.0,23.0,48.0,4.166,102.48,0.427,96.0,8.0
14,33.7,334.0,18.125366,98.126007,14.0,27.22,63.9,827.0,78.675,-0.444,1012.371,336.0,14.0,24.0,49.0,4.166,102.015,0.425,96.0,8.0
14,33.8,335.0,18.125372,98.126015,10.0,27.23,63.8,824.9,72.05,5.209,1019.962,337.0,15.0,25.0,50.0,4.166,101.596,0.423,96.0,8.0
14,33.9,336.0,18.125378,98.126022,11.0,27.23,63.8,822.9,64.691,10.835,1025.735,338.0,16.0,26.0,51.0,4.166,101.225,0.422,96.0,8.0
14,34.0,337.0,18.125383,98.12603,12.0,27.24,63.7,820.9,56.672,16.407,1029.163,339.0,17.0,27.0,52.0,4.166,100.901,0.42,96.0,8.0
14,34.1,338.0,18.125389,98.126038,13.0,27.25,63.7,818.9,48.076,21.897,1029.934,340.0,18.0,28.0,53.0,4.166,100.626,0.419,96.0,8.0
14,34.2,339.0,18.125395,98.126045,14.0,27.26,63.6,816.9,38.99,27.278,1027.978,341.0,19.0,29.0,54.0,4.166,100.4,0.418,96.0,8.0
14,34.3,340.0,18.125401,98.126053,10.0,27.27,63.6,814.8,29.506,32.523,1023.473,342.0,10.0,30.0,35.0,4.166,100.224,0.418,96.0,8.0
14,34.4,341.0,18.125406,98.12606,11.0,27.28,63.5,812.8,19.722,37.605,1016.829,343.0,11.0,31.0,36.0,4.166,100.098,0.417,96.0,8.0
14,34.5,342.0,18.125412,98.126068,12.0,27.29,63.5,810.8,9.737,42.499,1008.652,344.0,12.0,32.0,37.0,4.166,100.024,0.417,96.0,8.0
14,34.6,343.0,18.125418,98.126076,13.0,27.29,63.5,808.8,-0.348,47.18,999.687,345.0,13.0,33.0,38.0,4.165,100.0,0.417,96.0,8.0
14,34.7,344.0,18.125423,98.126083,14.0,27.3,63.4,806.8,-10.429,51.626,990.75,346.0,14.0,34.0,39.0,4.165,100.027,0.417,96.0,8.0
14,34.8,345.0,18.125429,98.126091,10.0,27.31,63.4,804.7,-20.404,55.814,982.656,347.0,15.0,20.0,40.0,4.165,100.105,0.417,96.0,8.0
14,34.9,346.0,18.125435,98.126099,11.0,27.32,63.3,802.7,-30.17,59.724,976.142,348.0,16.0,21.0,41.0,4.165,100.234,0.417,96.0,8.0
14,35.0,347.0,18.125441,98.126106,12.0,27.33,63.3,800.7,-39.63,63.334,971.802,349.0,17.0,22.0,42.0,4.165,100.414,0.418,96.0,8.0
14,35.1,348.0,18.125446,98.126114,13.0,27.33,63.2,798.7,-48.685,66.629,970.031,350.0,18.0,23.0,43.0,4.165,100.643,0.419,96.0,8.0
14,35.2,349.0,18.125452,98.126122,14.0,27.34,63.2,796.7,-57.244,69.59,970.99,351.0,19.0,24.0,44.0,4.165,100.922,0.42,96.0,8.0
14,35.3,350.0,18.125458,98.126129,10.0,27.35,63.1,794.6,-65.22,72.204,974.593,352.0,10.0,25.0,45.0,4.165,101.249,0.422,96.0,8.0
14,35.4,351.0,18.125463,98.126137,11.0,27.36,63.1,792.6,-72.531,74.457,980.51,353.0,11.0,26.0,46.0,4.165,101.624,0.423,96.0,8.0
14,35.5,352.0,18.125469,98.126144,12.0,27.36,63.0,790.6,-79.102,76.338,988.203,354.0,12.0,27.0,47.0,4.165,102.046,0.425,96.0,8.0
14,35.6,353.0,18.125475,98.126152,13.0,27.37,63.0,788.6,-84.868,77.837,996.971,355.0,13.0,28.0,48.0,4.164,102.513,0.427,96.0,8.0
14,35.7,354.0,18.125481,98.12616,14.0,27.38,62.9,786.6,-89.768,78.948,1006.015,356.0,14.0,29.0,49.0,4.164,103.026,0.429,96.0,8.0
14,35.8,355.0,18.125486,98.126167,10.0,27.38,62.9,784.5,-93.754,79.664,1014.51,357.0,15.0,30.0,50.0,4.164,103.581,0.431,96.0,8.0
14,35.9,356.0,18.125492,98.126175,11.0,27.39,62.8,782.5,-96.784,79.982,1021.684,358.0,16.0,31.0,51.0,4.164,104.179,0.434,96.0,8.0
14,36.0,357.0,18.125498,98.126183,12.0,27.4,62.8,780.5,-98.827,79.901,1026.882,359.0,17.0,32.0,52.0,4.164,104.816,0.436,96.0,8.0
14,36.1,358.0,18.125504,98.12619,13.0,27.4,62.8,778.5,-99.863,79.42,1029.631,0.0,18.0,33.0,53.0,4.164,105.493,0.439,95.0,8.0
14,36.2,359.0,18.125509,98.126198,14.0,27.41,62.7,776.5,-99.882,78.543,1029.681,1.0,19.0,34.0,54.0,4.164,106.206,0.442,95.0,8.0
14,36.3,360.0,18.125515,98.126205,10.0,27.41,62.7,774.4,-98.882,77.273,1027.026,2.0,10.0,20.0,35.0,4.164,106.955,0.445,95.0,8.0
14,36.4,361.0,18.125521,98.126213,11.0,27.42,62.6,772.4,-96.874,75.617,1021.908,3.0,11.0,21.0,36.0,4.164,107.737,0.449,95.0,8.0
14,36.5,362.0,18.125526,98.126221,12.0,27.42,62.6,770.4,-93.879,73.583,1014.795,4.0,12.0,22.0,37.0,4.164,108.55,0.452,95.0,8.0
14,36.6,363.0,18.125532,98.126228,13.0,27.43,62.5,768.4,-89.928,71.181,1006.334,5.0,13.0,23.0,38.0,4.163,109.392,0.455,95.0,8.0
14,36.7,364.0,18.125538,98.126236,14.0,27.43,62.5,766.4,-85.059,68.424,997.296,6.0,14.0,24.0,39.0,4.163,110.262,0.459,95.0,8.0
14,36.8,365.0,18.125544,98.126244,10.0,27.44,62.4,764.3,-79.324,65.325,988.504,7.0,15.0,25.0,40.0,4.163,111.156,0.463,95.0,8.0
14,36.9,366.0,18.125549,98.126251,11.0,27.44,62.4,762.3,-72.78,61.9,980.76,8.0,16.0,26.0,41.0,4.163,112.073,0.467,95.0,8.0
14,37.0,367.0,18.125555,98.126259,12.0,27.45,62.4,760.3,-65.495,58.165,974.768,9.0,17.0,27.0,42.0,4.163,113.01,0.47,95.0,8.0
14,37.1,368.0,18.125561,98.126266,13.0,27.45,62.3,758.3,-57.542,54.14,971.075,10.0,18.0,28.0,43.0,4.163,113.964,0.474,95.0,8.0
14,37.2,369.0,18.125566,98.126274,14.0,27.46,62.3,756.3,-49.002,49.844,970.018,11.0,19.0,29.0,44.0,4.163,114.935,0.478,95.0,8.0
14,37.3,370.0,18.125572,98.126282,10.0,27.46,62.2,754.2,-39.963,45.299,971.692,12.0,10.0,30.0,45.0,4.163,115.918,0.483,95.0,8.0
14,37.4,371.0,18.125578,98.126289,11.0,27.47,62.2,752.2,-30.517,40.528,975.945,13.0,11.0,31.0,46.0,4.163,116.911,0.487,95.0,8.0
14,37.5,372.0,18.125584,98.126297,12.0,27.47,62.1,750.2,-20.759,35.554,982.39,14.0,12.0,32.0,47.0,4.163,117.913,0.491,95.0,8.0
14,37.6,373.0,18.125589,98.126305,13.0,27.47,62.1,748.2,-10.79,30.403,990.44,15.0,13.0,33.0,48.0,4.162,118.919,0.495,95.0,8.0
14,37.7,374.0,18.125595,98.126312,14.0,27.48,62.1,746.2,-0.711,25.1,999.36,16.0,14.0,34.0,49.0,4.162,119.929,0.499,95.0,8.0
14,37.8,375.0,18.125601,98.12632,10.0,27.48,62.0,744.1,9.375,19.671,1008.339,17.0,15.0,20.0,50.0,4.162,120.939,0.503,95.0,8.0
14,37.9,376.0,18.125607,98.126328,11.0,27.48,62.0,742.1,19.366,14.144,1016.558,18.0,16.0,21.0,51.0,4.162,121.946,0.508,95.0,8.0
14,38.0,377.0,18.125612,98.126335,12.0,27.48,61.9,740.1,29.159,8.547,1023.268,19.0,17.0,22.0,52.0,4.162,122.948,0.512,95.0,8.0
14,38.1,378.0,18.125618,98.126343,13.0,27.49,61.9,738.1,38.655,2.906,1027.859,20.0,18.0,23.0,53.0,4.162,123.943,0.516,95.0,8.0
14,38.2,379.0,18.125624,98.12635,14.0,27.49,61.9,736.1,47.757,-2.748,1029.911,21.0,19.0,24.0,54.0,4.162,124.928,0.52,95.0,8.0
14,38.3,380.0,18.125629,98.126358,10.0,27.49,61.8,734.0,56.372,-8.39,1029.238,22.0,10.0,25.0,35.0,4.162,125.9,0.524,95.0,8.0
14,38.4,381.0,18.125635,98.126366,11.0,27.49,61.8,732.0,64.413,-13.989,1025.901,23.0,11.0,26.0,36.0,4.162,126.857,0.528,95.0,8.0
14,38.5,382.0,18.125641,98.126373,12.0,27.49,61.7,730.0,71.797,-19.518,1020.205,25.0,12.0,27.0,37.0,4.161,127.797,0.532,95.0,8.0
14,38.6,383.0,18.125647,98.126381,13.0,27.5,61.7,728.0,78.45,-24.95,1012.667,26.0,13.0,28.0,38.0,4.161,128.716,0.536,95.0,8.0
14,38.7,384.0,18.125652,98.126389,14.0,27.5,61.7,726.0,84.303,-30.257,1003.976,27.0,14.0,29.0,39.0,4.161,129.614,0.539,95.0,8.0
14,38.8,385.0,18.125658,98.126396,10.0,27.5,61.6,723.9,89.296,-35.413,994.922,28.0,15.0,30.0,40.0,4.161,130.487,0.543,95.0,8.0
14,38.9,386.0,18.125664,98.126404,11.0,27.5,61.6,721.9,93.38,-40.392,986.331,29.0,16.0,31.0,41.0,4.161,131.333,0.546,95.0,8.0
14,39.0,387.0,18.125669,98.126411,12.0,27.5,61.6,719.9,96.512,-45.169,978.986,30.0,17.0,32.0,42.0,4.161,132.151,0.55,95.0,8.0
14,39.1,388.0,18.125675,98.126419,13.0,27.5,61.5,717.9,98.66,-49.72,973.555,31.0,18.0,33.0,43.0,4.161,132.937,0.553,95.0,8.0
14,39.2,389.0,18.125681,98.126427,14.0,27.5,61.5,715.9,99.802,-54.024,970.533,32.0,19.0,34.0,44.0,4.161,133.69,0.556,95.0,8.0
14,39.3,390.0,18.125687,98.126434,10.0,27.5,61.5,713.8,99.927,-58.057,970.196,33.0,10.0,20.0,45.0,4.161,134.409,0.559,95.0,8.0
14,39.4,391.0,18.125692,98.126442,11.0,27.5,61.4,711.8,99.034,-61.8,972.574,34.0,11.0,21.0,46.0,4.161,135.091,0.562,95.0,8.0
14,39.5,392.0,18.125698,98.12645,12.0,27.5,61.4,709.8,97.132,-65.234,977.451,35.0,12.0,22.0,47.0,4.16,135.734,0.565,95.0,8.0
14,39.6,393.0,18.125704,98.126457,13.0,27.5,61.3,707.8,94.239,-68.342,984.383,36.0,13.0,23.0,48.0,4.16,136.337,0.567,95.0,8.0
14,39.7,394.0,18.12571,98.126465,14.0,27.5,61.3,705.8,90.386,-71.109,992.737,37.0,14.0,24.0,49.0,4.16,136.899,0.57,95.0,8.0
14,39.8,395.0,18.125715,98.126472,10.0,27.5,61.3,703.7,85.612,-73.521,1001.753,38.0,15.0,25.0,50.0,4.16,137.417,0.572,95.0,8.0
14,39.9,396.0,18.125721,98.12648,11.0,27.5,61.2,701.7,79.964,-75.565,1010.61,39.0,16.0,26.0,51.0,4.16,137.891,0.574,95.0,8.0
14,40.0,397.0,18.125727,98.126488,12.0,27.49,61.2,699.7,73.503,-77.232,1018.499,40.0,17.0,27.0,52.0,4.16,138.32,0.575,95.0,8.0
14,40.1,398.0,18.125732,98.126495,13.0,27.49,61.2,697.7,66.291,-78.513,1024.704,41.0,18.0,28.0,53.0,4.16,138.701,0.577,95.0,8.0
14,40.2,399.0,18.125738,98.126503,14.0,27.49,61.1,695.7,58.405,-79.401,1028.657,42.0,19.0,29.0,54.0,4.16,139.035,0.578,95.0,8.0
14,40.3,400.0,18.125744,98.126511,10.0,27.49,61.1,693.6,49.922,-79.893,1030.0,43.0,10.0,30.0,35.0,4.16,139.321,0.58,95.0,8.0
14,40.4,401.0,18.12575,98.126518,11.0,27.49,61.1,691.6,40.932,-79.986,1028.609,44.0,11.0,31.0,36.0,4.16,139.557,0.58,95.0,8.0
14,40.5,402.0,18.125755,98.126526,12.0,27.48,61.1,689.6,31.523,-79.679,1024.612,45.0,12.0,32.0,37.0,4.159,139.743,0.581,95.0,8.0
14,40.6,403.0,18.125761,98.126534,13.0,27.48,61.0,687.6,21.794,-78.974,1018.373,46.0,13.0,33.0,38.0,4.159,139.879,0.582,95.0,8.0
14,40.7,404.0,18.125767,98.126541,14.0,27.48,61.0,685.6,11.843,-77.874,1010.459,47.0,14.0,34.0,39.0,4.159,139.965,0.582,95.0,8.0
14,40.8,405.0,18.125772,98.126549,10.0,27.48,61.0,683.5,1.77,-76.385,1001.592,48.0,15.0,20.0,40.0,4.159,139.999,0.582,95.0,8.0
14,40.9,406.0,18.125778,98.126556,11.0,27.47,60.9,681.5,-8.32,-74.515,992.581,49.0,16.0,21.0,41.0,4.159,139.983,0.582,95.0,8.0
14,41.0,407.0,18.125784,98.126564,12.0,27.47,60.9,679.5,-18.326,-72.272,984.245,50.0,17.0,22.0,42.0,4.159,139.915,0.582,95.0,8.0
14,41.1,408.0,18.12579,98.126572,13.0,27.47,60.9,677.5,-28.144,-69.668,977.345,51.0,18.0,23.0,43.0,4.159,139.797,0.581,95.0,8.0
14,41.2,409.0,18.125795,98.126579,14.0,27.46,60.8,675.5,-37.676,-66.716,972.509,52.0,19.0,24.0,44.0,4.159,139.628,0.581,95.0,8.0
14,41.3,410.0,18.125801,98.126587,10.0,27.46,60.8,673.4,-46.824,-63.431,970.178,53.0,10.0,25.0,45.0,4.159,139.409,0.58,95.0,8.0
14,41.4,411.0,18.125807,98.126595,11.0,27.45,60.8,671.4,-55.494,-59.829,970.563,54.0,11.0,26.0,46.0,4.159,139.141,0.579,95.0,8.0
14,41.5,412.0,18.125813,98.126602,12.0,27.45,60.8,669.4,-63.599,-55.928,973.631,55.0,12.0,27.0,47.0,4.158,138.824,0.577,95.0,8.0
14,41.6,413.0,18.125818,98.12661,13.0,27.45,60.7,667.4,-71.056,-51.747,979.101,56.0,13.0,28.0,48.0,4.158,138.459,0.576,95.0,8.0
14,41.7,414.0,18.125824,98.126617,14.0,27.44,60.7,665.4,-77.789,-47.308,986.475,57.0,14.0,29.0,49.0,4.158,138.047,0.574,95.0,8.0
14,41.8,415.0,18.12583,98.126625,10.0,27.44,60.7,663.3,-83.728,-42.632,995.081,58.0,15.0,30.0,50.0,4.158,137.588,0.572,95.0,8.0
14,41.9,416.0,18.125835,98.126633,11.0,27.43,60.7,661.3,-88.815,-37.744,1004.135,59.0,16.0,31.0,51.0,4.158,137.085,0.57,95.0,8.0
14,42.0,417.0,18.125841,98.12664,12.0,27.43,60.6,659.3,-92.996,-32.667,1012.813,60.0,17.0,32.0,52.0,4.158,136.539,0.568,95.0,8.0
14,42.1,418.0,18.125847,98.126648,13.0,27.42,60.6,657.3,-96.229,-27.426,1020.324,61.0,18.0,33.0,53.0,4.158,135.95,0.565,95.0,8.0
14,42.2,419.0,18.125853,98.126656,14.0,27.41,60.6,655.3,-98.481,-22.049,1025.982,62.0,19.0,34.0,54.0,4.158,135.321,0.563,95.0,8.0
14,42.3,420.0,18.125858,98.126663,10.0,27.41,60.6,653.2,-99.73,-16.562,1029.274,63.0,10.0,20.0,35.0,4.158,134.652,0.56,95.0,8.0
14,42.4,421.0,18.125864,98.126671,11.0,27.4,60.5,651.2,-99.962,-10.992,1029.898,64.0,11.0,21.0,36.0,4.158,133.946,0.557,95.0,8.0
14,42.5,422.0,18.12587,98.126678,12.0,27.4,60.5,649.2,-99.176,-5.366,1027.798,65.0,12.0,22.0,37.0,4.157,133.205,0.554,95.0,8.0
14,42.6,423.0,18.125875,98.126686,13.0,27.39,60.5,647.2,-97.378,0.286,1023.166,66.0,13.0,23.0,38.0,4.157,132.43,0.551,95.0,8.0
14,42.7,424.0,18.125881,98.126694,14.0,27.38,60.5,645.2,-94.588,5.936,1016.423,67.0,14.0,24.0,39.0,4.157,131.623,0.547,95.0,8.0
14,42.8,425.0,18.125887,98.126701,10.0,27.38,60.5,643.1,-90.834,11.557,1008.184,68.0,15.0,25.0,40.0,4.157,130.787,0.544,95.0,8.0
14,42.9,426.0,18.125893,98.126709,11.0,27.37,60.4,641.1,-86.154,17.12,999.199,69.0,16.0,26.0,41.0,4.157,129.923,0.54,95.0,8.0
14,43.0,427.0,18.125898,98.126717,12.0,27.36,60.4,639.1,-80.596,22.598,990.287,70.0,17.0,27.0,42.0,4.157,129.034,0.536,95.0,8.0
14,43.1,428.0,18.125904,98.126724,13.0,27.36,60.4,637.1,-74.217,27.962,982.26,71.0,18.0,28.0,43.0,4.157,128.121,0.533,95.0,8.0
14,43.2,429.0,18.12591,98.126732,14.0,27.35,60.4,635.1,-67.081,33.187,975.85,72.0,19.0,29.0,44.0,4.157,127.188,0.529,95.0,8.0
14,43.3,430.0,18.125916,98.12674,10.0,27.34,60.4,633.0,-59.261,38.247,971.639,73.0,10.0,30.0,45.0,4.157,126.237,0.525,95.0,8.0
14,43.4,431.0,18.125921,98.126747,11.0,27.34,60.3,631.0,-50.837,43.115,970.013,74.0,11.0,31.0,46.0,4.157,125.27,0.521,95.0,8.0
14,43.5,432.0,18.125927,98.126755,12.0,27.33,60.3,629.0,-41.896,47.767,971.118,75.0,12.0,32.0,47.0,4.156,124.289,0.517,95.0,8.0
14,43.7,433.0,18.125933,98.126762,13.0,27.32,60.3,627.0,-32.527,52.181,974.855,76.0,13.0,33.0,48.0,4.156,123.298,0.512,95.0,8.0
14,43.8,434.0,18.125938,98.12677,14.0,27.31,60.3,625.0,-22.827,56.334,980.883,77.0,14.0,34.0,49.0,4.156,122.298,0.508,95.0,8.0
14,43.9,435.0,18.125944,98.126778,10.0,27.3,60.3,622.9,-12.894,60.206,988.653,78.0,15.0,20.0,50.0,4.156,121.292,0.504,95.0,8.0
14,44.0,436.0,18.12595,98.126785,11.0,27.3,60.2,620.9,-2.829,63.777,997.456,79.0,16.0,21.0,51.0,4.156,120.283,0.5,95.0,8.0
14,44.1,437.0,18.125956,98.126793,12.0,27.29,60.2,618.9,7.264,67.03,1006.492,80.0,17.0,22.0,52.0,4.156,119.273,0.496,95.0,8.0
14,44.2,438.0,18.125961,98.126801,13.0,27.28,60.2,616.9,17.283,69.947,1014.935,81.0,18.0,23.0,53.0,4.156,118.265,0.491,95.0,8.0
14,44.3,439.0,18.125967,98.126808,14.0,27.27,60.2,614.9,27.126,72.515,1022.018,82.0,19.0,24.0,54.0,4.156,117.262,0.487,95.0,8.0
14,44.4,440.0,18.125973,98.126816,10.0,27.26,60.2,612.8,36.693,74.721,1027.095,83.0,10.0,25.0,35.0,4.156,116.265,0.483,95.0,8.0
14,44.5,441.0,18.125978,98.126823,11.0,27.25,60.2,610.8,45.885,76.553,1029.704,84.0,11.0,26.0,36.0,4.156,115.278,0.479,95.0,8.0
14,44.6,442.0,18.125984,98.126831,12.0,27.25,60.2,608.8,54.61,78.003,1029.606,85.0,12.0,27.0,37.0,4.155,114.303,0.475,95.0,8.0
14,44.7,443.0,18.12599,98.126839,13.0,27.24,60.2,606.8,62.778,79.063,1026.81,86.0,13.0,28.0,38.0,4.155,113.342,0.471,95.0,8.0
14,44.8,444.0,18.125996,98.126846,14.0,27.23,60.1,604.8,70.307,79.728,1021.572,87.0,14.0,29.0,39.0,4.155,112.399,0.467,95.0,8.0
14,44.9,445.0,18.126001,98.126854,10.0,27.22,60.1,602.7,77.119,79.994,1014.369,88.0,15.0,30.0,40.0,4.155,111.475,0.463,95.0,8.0
14,45.0,446.0,18.126007,98.126862,11.0,27.21,60.1,600.7,83.145,79.861,1005.857,89.0,16.0,31.0,41.0,4.155,110.572,0.459,95.0,8.0
14,45.1,447.0,18.126013,98.126869,12.0,27.2,60.1,598.7,88.323,79.329,996.811,90.0,17.0,32.0,42.0,4.155,109.694,0.456,94.0,8.0
14,45.2,448.0,18.126019,98.126877,13.0,27.19,60.1,596.7,92.601,78.401,988.055,91.0,18.0,33.0,43.0,4.155,108.842,0.452,94.0,8.0
14,45.3,449.0,18.126024,98.126884,14.0,27.18,60.1,594.7,95.935,77.081,980.388,92.0,19.0,34.0,44.0,4.155,108.018,0.449,94.0,8.0
14,45.4,450.0,18.12603,98.126892,10.0,27.17,60.1,592.6,98.292,75.376,974.507,93.0,10.0,20.0,45.0,4.155,107.225,0.445,94.0,8.0
14,45.5,451.0,18.126036,98.1269,11.0,27.16,60.1,590.6,99.647,73.294,970.95,94.0,11.0,21.0,46.0,4.155,106.465,0.442,94.0,8.0
14,45.6,452.0,18.126041,98.126907,12.0,27.15,60.1,588.6,99.986,70.846,970.039,95.0,12.0,22.0,47.0,4.154,105.739,0.439,94.0,8.0
14,45.7,453.0,18.126047,98.126915,13.0,27.14,60.1,586.6,99.306,68.044,971.857,96.0,13.0,23.0,48.0,4.154,105.049,0.436,94.0,8.0
14,45.8,454.0,18.126053,98.126923,14.0,27.13,60.0,584.6,97.614,64.902,976.24,97.0,14.0,24.0,49.0,4.154,104.398,0.434,94.0,8.0
14,45.9,455.0,18.126059,98.12693,10.0,27.12,60.0,582.5,94.926,61.435,982.788,98.0,15.0,25.0,50.0,4.154,103.786,0.431,94.0,8.0
14,46.0,456.0,18.126064,98.126938,11.0,27.11,60.0,580.5,91.272,57.662,990.903,99.0,16.0,26.0,51.0,4.154,103.216,0.429,94.0,8.0
14,46.1,457.0,18.12607,98.126945,12.0,27.1,60.0,578.5,86.687,53.601,999.848,100.0,17.0,27.0,52.0,4.154,102.688,0.427,94.0,8.0
14,46.2,458.0,18.126076,98.126953,13.0,27.09,60.0,576.5,81.219,49.272,1008.806,101.0,18.0,28.0,53.0,4.154,102.205,0.425,94.0,8.0
14,46.3,459.0,18.126081,98.126961,14.0,27.08,60.0,574.5,74.922,44.696,1016.962,102.0,19.0,29.0,54.0,4.154,101.766,0.423,94.0,8.0
14,46.4,460.0,18.126087,98.126968,10.0,27.07,60.0,572.4,67.863,39.898,1023.573,103.0,10.0,30.0,35.0,4.154,101.375,0.421,94.0,8.0
14,46.5,461.0,18.126093,98.126976,11.0,27.06,60.0,570.4,60.111,34.9,1028.036,104.0,11.0,31.0,36.0,4.154,101.031,0.42,94.0,8.0
14,46.6,462.0,18.126099,98.126984,12.0,27.05,60.0,568.4,51.747,29.727,1029.944,105.0,12.0,32.0,37.0,4.153,100.735,0.418,94.0,8.0
14,46.7,463.0,18.126104,98.126991,13.0,27.04,60.0,566.4,42.855,24.406,1029.125,106.0,13.0,33.0,38.0,4.153,100.488,0.417,94.0,8.0
14,46.8,464.0,18.12611,98.126999,14.0,27.03,60.0,564.4,33.527,18.964,1025.652,107.0,14.0,34.0,39.0,4.153,100.292,0.417,94.0,8.0
14,46.9,465.0,18.126116,98.127007,10.0,27.02,60.0,562.3,23.857,13.426,1019.842,108.0,15.0,20.0,40.0,4.153,100.145,0.416,94.0,8.0
14,47.0,466.0,18.126122,98.127014,11.0,27.01,60.0,560.3,13.943,7.821,1012.224,109.0,16.0,21.0,41.0,4.153,100.049,0.416,94.0,8.0
14,47.1,467.0,18.126127,98.127022,12.0,27.0,60.0,558.3,3.888,2.178,1003.492,110.0,17.0,22.0,42.0,4.153,100.004,0.415,94.0,8.0
14,47.2,468.0,18.126133,98.127029,13.0,26.99,60.0,556.3,-6.207,-3.477,994.442,111.0,18.0,23.0,43.0,4.153,100.01,0.415,94.0,8.0
14,47.3,469.0,18.126139,98.127037,14.0,26.98,60.0,554.3,-16.239,-9.114,985.899,112.0,19.0,24.0,44.0,4.153,100.066,0.416,94.0,8.0
14,47.4,470.0,18.126144,98.127045,10.0,26.97,60.0,552.2,-26.105,-14.706,978.64,113.0,10.0,25.0,45.0,4.153,100.174,0.416,94.0,8.0
14,47.5,471.0,18.12615,98.127052,11.0,26.96,60.0,550.2,-35.705,-20.224,973.328,114.0,11.0,26.0,46.0,4.153,100.332,0.417,94.0,8.0
14,47.6,472.0,18.126156,98.12706,12.0,26.95,60.0,548.2,-44.941,-25.642,970.445,115.0,12.0,27.0,47.0,4.152,100.541,0.417,94.0,8.0
14,47.7,473.0,18.126162,98.127068,13.0,26.94,60.0,546.2,-53.72,-30.931,970.255,116.0,13.0,28.0,48.0,4.152,100.799,0.419,94.0,8.0
14,47.8,474.0,18.126167,98.127075,14.0,26.93,60.0,544.2,-61.95,-36.065,972.776,117.0,14.0,29.0,49.0,4.152,101.106,0.42,94.0,8.0
14,47.9,475.0,18.126173,98.127083,10.0,26.92,60.0,542.1,-69.55,-41.02,977.776,118.0,15.0,30.0,50.0,4.152,101.461,0.421,94.0,8.0
14,48.0,476.0,18.126179,98.12709,11.0,26.91,60.0,540.1,-76.44,-45.769,984.801,119.0,16.0,31.0,51.0,4.152,101.863,0.423,94.0,8.0
14,48.1,477.0,18.126184,98.127098,12.0,26.9,60.0,538.1,-82.551,-50.29,993.212,120.0,17.0,32.0,52.0,4.152,102.312,0.425,94.0,8.0
14,48.2,478.0,18.12619,98.127106,13.0,26.89,60.0,536.1,-87.821,-54.559,1002.24,121.0,18.0,33.0,53.0,4.152,102.805,0.427,94.0,8.0
14,48.3,479.0,18.126196,98.127113,14.0,26.88,60.0,534.1,-92.196,-58.556,1011.065,122.0,19.0,34.0,54.0,4.152,103.343,0.429,94.0,8.0
14,48.4,480.0,18.126202,98.127121,10.0,26.87,60.0,532.0,-95.631,-62.26,1018.881,123.0,10.0,20.0,35.0,4.152,103.923,0.431,94.0,8.0
14,48.5,481.0,18.126207,98.127129,11.0,26.86,60.0,530.0,-98.091,-65.653,1024.977,124.0,11.0,21.0,36.0,4.152,104.544,0.434,94.0,8.0
14,48.6,482.0,18.126213,98.127136,12.0,26.85,60.1,528.0,-99.552,-68.718,1028.798,126.0,12.0,22.0,37.0,4.151,105.204,0.437,94.0,8.0
14,48.7,483.0,18.126219,98.127144,13.0,26.84,60.1,526.0,-99.998,-71.44,1029.995,127.0,13.0,23.0,38.0,4.151,105.903,0.44,94.0,8.0
14,48.8,484.0,18.126225,98.127151,14.0,26.84,60.1,524.0,-99.425,-73.805,1028.459,128.0,14.0,24.0,39.0,4.151,106.637,0.443,94.0,8.0
14,48.9,485.0,18.12623,98.127159,10.0,26.83,60.1,521.9,-97.838,-75.801,1024.33,129.0,15.0,25.0,40.0,4.151,107.405,0.446,94.0,8.0
14,49.0,486.0,18.126236,98.127167,11.0,26.82,60.1,519.9,-95.254,-77.419,1017.984,130.0,16.0,26.0,41.0,4.151,108.205,0.449,94.0,8.0
14,49.1,487.0,18.126242,98.127174,12.0,26.81,60.1,517.9,-91.7,-78.649,1010.0,131.0,17.0,27.0,42.0,4.151,109.035,0.453,94.0,8.0
14,49.2,488.0,18.126247,98.127182,13.0,26.8,60.1,515.9,-87.21,-79.487,1001.105,132.0,18.0,28.0,43.0,4.151,109.894,0.456,94.0,8.0
14,49.3,489.0,18.126253,98.12719,14.0,26.79,60.1,513.9,-81.832,-79.927,992.11,133.0,19.0,29.0,44.0,4.151,110.778,0.46,94.0,8.0
14,49.4,490.0,18.126259,98.127197,10.0,26.78,60.1,511.8,-75.62,-79.968,983.833,134.0,10.0,30.0,45.0,4.151,111.685,0.464,94.0,8.0
14,49.5,491.0,18.126265,98.127205,11.0,26.77,60.1,509.8,-68.637,-79.61,977.029,135.0,11.0,31.0,46.0,4.15,112.614,0.467,94.0,8.0
14,49.6,492.0,18.12627,98.127213,12.0,26.76,60.2,507.8,-60.954,-78.854,972.318,136.0,12.0,32.0,47.0,4.15,113.562,0.471,94.0,8.0
14,49.7,493.0,18.126276,98.12722,13.0,26.75,60.2,505.8,-52.65,-77.704,970.129,137.0,13.0,33.0,48.0,4.15,114.526,0.475,94.0,8.0
14,49.8,494.0,18.126282,98.127228,14.0,26.74,60.2,503.8,-43.81,-76.165,970.661,138.0,14.0,34.0,49.0,4.15,115.504,0.479,94.0,8.0
14,49.9,495.0,18.126287,98.127235,10.0,26.74,60.2,501.7,-34.523,-74.246,973.867,139.0,15.0,20.0,50.0,4.15,116.493,0.483,94.0,8.0
14,50.0,496.0,18.126293,98.127243,11.0,26.73,60.2,499.7,-24.884,-71.956,979.453,140.0,16.0,21.0,51.0,4.15,117.492,0.488,94.0,8.0
14,50.1,497.0,18.126299,98.127251,12.0,26.72,60.2,497.7,-14.991,-69.307,986.912,141.0,17.0,22.0,52.0,4.15,118.497,0.492,94.0,8.0
14,50.2,498.0,18.126305,98.127258,13.0,26.71,60.2,495.7,-4.946,-66.311,995.563,142.0,18.0,23.0,53.0,4.15,119.505,0.496,94.0,8.0
14,50.3,499.0,18.12631,98.127266,14.0,26.7,60.3,493.7,5.15,-62.984,1004.618,143.0,19.0,24.0,54.0,4.15,120.515,0.5,94.0,8.0
14,50.4,500.0,18.126316,98.127274,10.0,26.69,60.3,491.6,15.193,-59.342,1013.253,144.0,10.0,25.0,35.0,4.15,121.524,0.504,94.0,8.0
14,50.5,501.0,18.126322,98.127281,11.0,26.69,60.3,489.6,25.081,-55.404,1020.68,145.0,11.0,26.0,36.0,4.149,122.528,0.508,94.0,8.0
14,50.6,502.0,18.126328,98.127289,12.0,26.68,60.3,487.6,34.714,-51.189,1026.223,146.0,12.0,27.0,37.0,4.149,123.527,0.513,94.0,8.0
14,50.7,503.0,18.126333,98.127296,13.0,26.67,60.3,485.6,43.993,-46.718,1029.376,147.0,13.0,28.0,38.0,4.149,124.516,0.517,94.0,8.0
14,50.8,504.0,18.126339,98.127304,14.0,26.66,60.3,483.6,52.823,-42.014,1029.854,148.0,14.0,29.0,39.0,4.149,125.494,0.521,94.0,8.0
14,50.9,505.0,18.126345,98.127312,10.0,26.66,60.4,481.5,61.115,-37.099,1027.611,149.0,15.0,30.0,40.0,4.149,126.457,0.525,94.0,8.0
14,51.0,506.0,18.12635,98.127319,11.0,26.65,60.4,479.5,68.784,-32.0,1022.853,150.0,16.0,31.0,41.0,4.149,127.405,0.529,94.0,8.0
14,51.1,507.0,18.126356,98.127327,12.0,26.64,60.4,477.5,75.753,-26.74,1016.013,151.0,17.0,32.0,42.0,4.149,128.333,0.532,94.0,8.0
14,51.2,508.0,18.126362,98.127335,13.0,26.63,60.4,475.5,81.949,-21.347,1007.713,152.0,18.0,33.0,43.0,4.149,129.24,0.536,94.0,8.0
14,51.3,509.0,18.126368,98.127342,14.0,26.63,60.4,473.5,87.31,-15.848,998.711,153.0,19.0,34.0,44.0,4.149,130.124,0.54,94.0,8.0
14,51.4,510.0,18.126373,98.12735,10.0,26.62,60.5,471.4,91.781,-10.269,989.827,154.0,10.0,20.0,45.0,4.149,130.982,0.543,94.0,8.0
14,51.5,511.0,18.126379,98.127357,11.0,26.61,60.5,469.4,95.316,-4.639,981.869,155.0,11.0,21.0,46.0,4.148,131.811,0.547,94.0,8.0
14,51.6,512.0,18.126385,98.127365,12.0,26.61,60.5,467.4,97.88,1.015,975.563,156.0,12.0,22.0,47.0,4.148,132.611,0.55,94.0,8.0
14,51.7,513.0,18.12639,98.127373,13.0,26.6,60.5,465.4,99.446,6.663,971.484,157.0,13.0,23.0,48.0,4.148,133.378,0.553,94.0,8.0
14,51.8,514.0,18.126396,98.12738,14.0,26.6,60.5,463.4,99.999,12.278,970.002,158.0,14.0,24.0,49.0,4.148,134.112,0.556,94.0,8.0
14,51.9,515.0,18.126402,98.127388,10.0,26.59,60.6,461.3,99.533,17.832,971.254,159.0,15.0,25.0,50.0,4.148,134.809,0.559,94.0,8.0
14,52.0,516.0,18.126408,98.127396,11.0,26.58,60.6,459.3,98.052,23.296,975.125,160.0,16.0,26.0,51.0,4.148,135.469,0.562,94.0,8.0
14,52.1,517.0,18.126413,98.127403,12.0,26.58,60.6,457.3,95.571,28.644,981.262,161.0,17.0,27.0,52.0,4.148,136.089,0.564,94.0,8.0
14,52.2,518.0,18.126419,98.127411,13.0,26.57,60.6,455.3,92.117,33.849,989.106,162.0,18.0,28.0,53.0,4.148,136.668,0.567,94.0,8.0
14,52.3,519.0,18.126425,98.127419,14.0,26.57,60.7,453.3,87.724,38.886,997.943,163.0,19.0,29.0,54.0,4.148,137.205,0.569,94.0,8.0
14,52.4,520.0,18.126431,98.127426,10.0,26.56,60.7,451.2,82.436,43.727,1006.967,164.0,10.0,30.0,35.0,4.148,137.698,0.571,94.0,8.0
14,52.5,521.0,18.126436,98.127434,11.0,26.56,60.7,449.2,76.309,48.35,1015.356,165.0,11.0,31.0,36.0,4.147,138.146,0.573,94.0,8.0
14,52.6,522.0,18.126442,98.127441,12.0,26.55,60.7,447.2,69.403,52.732,1022.347,166.0,12.0,32.0,37.0,4.147,138.547,0.575,94.0,8.0
14,52.7,523.0,18.126448,98.127449,13.0,26.55,60.8,445.2,61.79,56.85,1027.301,167.0,13.0,33.0,38.0,4.147,138.901,0.576,94.0,8.0
14,52.8,524.0,18.126453,98.127457,14.0,26.54,60.8,443.2,53.548,60.684,1029.768,168.0,14.0,34.0,39.0,4.147,139.207,0.577,94.0,8.0
14,52.9,525.0,18.126459,98.127464,10.0,26.54,60.8,441.1,44.76,64.215,1029.523,169.0,15.0,20.0,40.0,4.147,139.464,0.578,94.0,8.0
14,53.0,526.0,18.126465,98.127472,11.0,26.54,60.9,439.1,35.515,67.425,1026.588,170.0,16.0,21.0,41.0,4.147,139.671,0.579,94.0,8.0
14,53.1,527.0,18.126471,98.12748,12.0,26.53,60.9,437.1,25.908,70.298,1021.231,171.0,17.0,22.0,42.0,4.147,139.829,0.58,94.0,8.0
14,53.2,528.0,18.126476,98.127487,13.0,26.53,60.9,435.1,16.038,72.82,1013.939,172.0,18.0,23.0,43.0,4.147,139.935,0.58,94.0,8.0
14,53.3,529.0,18.126482,98.127495,14.0,26.53,60.9,433.1,6.004,74.978,1005.378,173.0,19.0,24.0,44.0,4.147,139.991,0.58,94.0,8.0
14,53.4,530.0,18.126488,98.127502,10.0,26.52,61.0,431.0,-4.092,76.761,996.326,174.0,10.0,25.0,45.0,4.147,139.996,0.58,94.0,8.0
14,53.5,531.0,18.126493,98.12751,11.0,26.52,61.0,429.0,-14.145,78.161,987.609,175.0,11.0,26.0,46.0,4.146,139.95,0.58,94.0,8.0
14,53.7,532.0,18.126499,98.127518,12.0,26.52,61.0,427.0,-24.054,79.171,980.021,176.0,12.0,27.0,47.0,4.146,139.853,0.58,94.0,8.0
14,53.8,533.0,18.126505,98.127525,13.0,26.51,61.1,425.0,-33.718,79.785,974.254,177.0,13.0,28.0,48.0,4.146,139.705,0.579,94.0,8.0
14,53.9,534.0,18.126511,98.127533,14.0,26.51,61.1,423.0,-43.039,80.0,970.832,178.0,14.0,29.0,49.0,4.146,139.507,0.578,94.0,8.0
14,54.0,535.0,18.126516,98.127541,10.0,26.51,61.1,420.9,-51.921,79.815,970.067,179.0,15.0,30.0,50.0,4.146,139.26,0.577,94.0,8.0
14,54.1,536.0,18.126522,98.127548,11.0,26.51,61.2,418.9,-60.274,79.232,972.03,180.0,16.0,31.0,51.0,4.146,138.963,0.576,93.0,8.0
14,54.2,537.0,18.126528,98.127556,12.0,26.51,61.2,416.9,-68.012,78.253,976.541,181.0,17.0,32.0,52.0,4.146,138.618,0.575,93.0,8.0
14,54.3,538.0,18.126534,98.127563,13.0,26.51,61.2,414.9,-75.057,76.882,983.189,182.0,18.0,33.0,53.0,4.146,138.225,0.573,93.0,8.0
14,54.4,539.0,18.126539,98.127571,14.0,26.5,61.3,412.9,-81.337,75.128,991.369,183.0,19.0,34.0,54.0,4.146,137.786,0.571,93.0,8.0
14,54.5,540.0,18.126545,98.127579,10.0,26.5,61.3,410.8,-86.788,72.998,1000.335,184.0,10.0,20.0,35.0,4.146,137.302,0.569,93.0,8.0
14,54.6,541.0,18.126551,98.127586,11.0,26.5,61.3,408.8,-91.355,70.504,1009.271,185.0,11.0,21.0,36.0,4.145,136.773,0.567,93.0,8.0
14,54.7,542.0,18.126556,98.127594,12.0,26.5,61.4,406.8,-94.99,67.657,1017.362,186.0,12.0,22.0,37.0,4.145,136.202,0.565,93.0,8.0
14,54.8,543.0,18.126562,98.127602,13.0,26.5,61.4,404.8,-97.658,64.473,1023.871,187.0,13.0,23.0,38.0,4.145,135.59,0.562,93.0,8.0
14,54.9,544.0,18.126568,98.127609,14.0,26.5,61.4,402.8,-99.329,60.966,1028.206,188.0,14.0,24.0,39.0,4.145,134.937,0.559,93.0,8.0
14,55.0,545.0,18.126574,98.127617,10.0,26.5,61.5,400.7,-99.989,57.154,1029.97,189.0,15.0,25.0,40.0,4.145,134.247,0.556,93.0,8.0
14,55.1,546.0,18.126579,98.127625,11.0,26.5,61.5,398.7,-99.629,53.057,1029.004,190.0,16.0,26.0,41.0,4.145,133.52,0.553,93.0,8.0
14,55.2,547.0,18.126585,98.127632,12.0,26.5,61.5,396.7,-98.254,48.695,1025.396,191.0,17.0,27.0,42.0,4.145,132.759,0.55,93.0,8.0
14,55.3,548.0,18.126591,98.12764,13.0,26.5,61.6,394.7,-95.878,44.09,1019.473,192.0,18.0,28.0,43.0,4.145,131.965,0.547,93.0,8.0
14,55.4,549.0,18.126596,98.127647,14.0,26.5,61.6,392.7,-92.524,39.264,1011.777,193.0,19.0,29.0,44.0,4.145,131.141,0.544,93.0,8.0
14,55.5,550.0,18.126602,98.127655,10.0,26.5,61.6,390.6,-88.227,34.242,1003.008,194.0,10.0,30.0,45.0,4.145,130.288,0.54,93.0,8.0
14,55.6,551.0,18.126608,98.127663,11.0,26.5,61.7,388.6,-83.031,29.049,993.964,195.0,11.0,31.0,46.0,4.144,129.41,0.536,93.0,8.0
14,55.7,552.0,18.126614,98.12767,12.0,26.5,61.7,386.6,-76.989,23.711,985.47,196.0,12.0,32.0,47.0,4.144,128.507,0.533,93.0,8.0
14,55.8,553.0,18.126619,98.127678,13.0,26.51,61.8,384.6,-70.162,18.254,978.301,197.0,13.0,33.0,48.0,4.144,127.582,0.529,93.0,8.0
14,55.9,554.0,18.126625,98.127686,14.0,26.51,61.8,382.6,-62.62,12.707,973.108,198.0,14.0,34.0,49.0,4.144,126.638,0.525,93.0,8.0
14,56.0,555.0,18.126631,98.127693,10.0,26.51,61.8,380.5,-54.44,7.095,970.365,199.0,15.0,20.0,50.0,4.144,125.678,0.521,93.0,8.0
14,56.1,556.0,18.126637,98.127701,11.0,26.51,61.9,378.5,-45.704,1.449,970.323,200.0,16.0,21.0,51.0,4.144,124.702,0.517,93.0,8.0
14,56.2,557.0,18.126642,98.127708,12.0,26.51,61.9,376.5,-36.503,-4.205,972.984,201.0,17.0,22.0,52.0,4.144,123.715,0.513,93.0,8.0
14,56.3,558.0,18.126648,98.127716,13.0,26.52,62.0,374.5,-26.93,-9.838,978.107,202.0,18.0,23.0,53.0,4.144,122.718,0.509,93.0,8.0
14,56.4,559.0,18.126654,98.127724,14.0,26.52,62.0,372.5,-17.083,-15.422,985.224,203.0,19.0,24.0,54.0,4.144,121.715,0.504,93.0,8.0
14,56.5,560.0,18.126659,98.127731,10.0,26.52,62.0,370.4,-7.061,-20.929,993.688,204.0,10.0,25.0,35.0,4.144,120.707,0.5,93.0,8.0
14,56.6,561.0,18.126665,98.127739,11.0,26.53,62.1,368.4,3.033,-26.331,1002.726,205.0,11.0,26.0,36.0,4.143,119.697,0.496,93.0,8.0
14,56.7,562.0,18.126671,98.127747,12.0,26.53,62.1,366.4,13.096,-31.602,1011.517,206.0,12.0,27.0,37.0,4.143,118.688,0.492,93.0,8.0
14,56.8,563.0,18.126677,98.127754,13.0,26.53,62.2,364.4,23.025,-36.714,1019.257,207.0,13.0,28.0,38.0,4.143,117.682,0.488,93.0,8.0
14,56.9,564.0,18.126682,98.127762,14.0,26.54,62.2,362.4,32.719,-41.644,1025.244,208.0,14.0,29.0,39.0,4.143,116.682,0.483,93.0,8.0
14,57.0,565.0,18.126688,98.127769,10.0,26.54,62.2,360.3,42.081,-46.365,1028.931,209.0,15.0,30.0,40.0,4.143,115.691,0.479,93.0,8.0
14,57.1,566.0,18.126694,98.127777,11.0,26.54,62.3,358.3,51.013,-50.855,1029.981,210.0,16.0,31.0,41.0,4.143,114.71,0.475,93.0,8.0
14,57.2,567.0,18.126699,98.127785,12.0,26.55,62.3,356.3,59.425,-55.09,1028.301,211.0,17.0,32.0,42.0,4.143,113.743,0.471,93.0,8.0
14,57.3,568.0,18.126705,98.127792,13.0,26.55,62.4,354.3,67.231,-59.05,1024.041,212.0,18.0,33.0,43.0,4.143,112.793,0.467,93.0,8.0
14,57.4,569.0,18.126711,98.1278,14.0,26.56,62.4,352.3,74.353,-62.715,1017.591,213.0,19.0,34.0,44.0,4.143,111.86,0.463,93.0,8.0
14,57.5,570.0,18.126717,98.127808,10.0,26.56,62.5,350.2,80.716,-66.067,1009.54,214.0,10.0,20.0,45.0,4.143,110.948,0.46,93.0,8.0
14,57.6,571.0,18.126722,98.127815,11.0,26.57,62.5,348.2,86.257,-69.089,1000.618,215.0,11.0,21.0,46.0,4.142,110.06,0.456,93.0,8.0
14,57.7,572.0,18.126728,98.127823,12.0,26.57,62.5,346.2,90.919,-71.766,991.64,216.0,12.0,22.0,47.0,4.142,109.196,0.452,93.0,8.0
14,57.8,573.0,18.126734,98.127831,13.0,26.58,62.6,344.2,94.654,-74.084,983.424,217.0,13.0,23.0,48.0,4.142,108.36,0.449,93.0,8.0
14,57.9,574.0,18.12674,98.127838,14.0,26.58,62.6,342.2,97.424,-76.031,976.718,218.0,14.0,24.0,49.0,4.142,107.554,0.446,93.0,8.0
14,58.0,575.0,18.126745,98.127846,10.0,26.59,62.7,340.1,99.201,-77.599,972.133,219.0,15.0,25.0,50.0,4.142,106.78,0.442,93.0,8.0
14,58.1,576.0,18.126751,98.127853,11.0,26.59,62.7,338.1,99.968,-78.779,970.087,220.0,16.0,26.0,51.0,4.142,106.039,0.439,93.0,8.0
14,58.2,577.0,18.126757,98.127861,12.0,26.6,62.8,336.1,99.715,-79.566,970.767,221.0,17.0,27.0,52.0,4.142,105.334,0.436,93.0,8.0
14,58.3,578.0,18.126762,98.127869,13.0,26.61,62.8,334.1,98.446,-79.955,974.11,222.0,18.0,28.0,53.0,4.142,104.666,0.433,93.0,8.0
14,58.4,579.0,18.126768,98.127876,14.0,26.61,62.9,332.1,96.173,-79.945,979.811,223.0,19.0,29.0,54.0,4.142,104.038,0.431,93.0,8.0
14,58.5,580.0,18.126774,98.127884,10.0,26.62,62.9,330.0,92.921,-79.535,987.353,224.0,10.0,30.0,35.0,4.142,103.45,0.428,93.0,8.0
14,58.6,581.0,18.12678,98.127892,11.0,26.63,62.9,328.0,88.721,-78.728,996.046,225.0,11.0,31.0,36.0,4.141,102.904,0.426,93.0,8.0
14,58.7,582.0,18.126785,98.127899,12.0,26.63,63.0,326.0,83.617,-77.527,1005.1,227.0,12.0,32.0,37.0,4.141,102.402,0.424,93.0,8.0
14,58.8,583.0,18.126791,98.127907,13.0,26.64,63.0,324.0,77.661,-75.939,1013.688,228.0,13.0,33.0,38.0,4.141,101.945,0.422,93.0,8.0
14,58.9,584.0,18.126797,98.127914,14.0,26.65,63.1,322.0,70.913,-73.972,1021.03,229.0,14.0,34.0,39.0,4.141,101.533,0.42,93.0,8.0
14,59.0,585.0,18.126802,98.127922,10.0,26.65,63.1,319.9,63.442,-71.635,1026.456,230.0,15.0,20.0,40.0,4.141,101.169,0.419,93.0,8.0
14,59.1,586.0,18.126808,98.12793,11.0,26.66,63.2,317.9,55.325,-68.94,1029.471,231.0,16.0,21.0,41.0,4.141,100.853,0.418,93.0,8.0
14,59.2,587.0,18.126814,98.127937,12.0,26.67,63.2,315.9,46.644,-65.9,1029.802,232.0,17.0,22.0,42.0,4.141,100.586,0.417,93.0,8.0
14,59.3,588.0,18.12682,98.127945,13.0,26.68,63.3,313.9,37.487,-62.532,1027.417,233.0,18.0,23.0,43.0,4.141,100.368,0.416,93.0,8.0
14,59.4,589.0,18.126825,98.127953,14.0,26.68,63.3,311.9,27.949,-58.851,1022.534,234.0,19.0,24.0,44.0,4.141,100.2,0.415,93.0,8.0
14,59.5,590.0,18.126831,98.12796,10.0,26.69,63.4,309.8,18.125,-54.876,1015.598,235.0,10.0,25.0,45.0,4.14,100.083,0.414,93.0,8.0
14,59.6,591.0,18.126837,98.127968,11.0,26.7,63.4,307.8,8.117,-50.626,1007.241,236.0,11.0,26.0,46.0,4.14,100.017,0.414,93.0,8.0
14,59.7,592.0,18.126842,98.127975,12.0,26.71,63.5,305.8,-1.974,-46.124,998.224,237.0,12.0,27.0,47.0,4.14,100.001,0.414,93.0,8.0
14,59.8,593.0,18.126848,98.127983,13.0,26.72,63.5,303.8,-12.045,-41.391,989.37,238.0,13.0,28.0,48.0,4.14,100.036,0.414,93.0,8.0
14,59.9,594.0,18.126854,98.127991,14.0,26.72,63.6,301.8,-21.993,-36.452,981.483,239.0,14.0,29.0,49.0,4.14,100.123,0.415,93.0,8.0
14,60.0,595.0,18.12686,98.127998,10.0,26.73,63.6,299.7,-31.717,-31.33,975.284,240.0,15.0,30.0,50.0,4.14,100.26,0.415,93.0,8.0
14,60.1,596.0,18.126865,98.128006,11.0,26.74,63.7,297.7,-41.117,-26.052,971.336,241.0,16.0,31.0,51.0,4.14,100.447,0.416,93.0,8.0
14,60.2,597.0,18.126871,98.128014,12.0,26.75,63.7,295.7,-50.099,-20.644,970.0,242.0,17.0,32.0,52.0,4.14,100.684,0.417,93.0,8.0
14,60.3,598.0,18.126877,98.128021,13.0,26.76,63.8,293.7,-58.57,-15.132,971.397,243.0,18.0,33.0,53.0,4.14,100.971,0.418,93.0,8.0
14,60.4,599.0,18.126883,98.128029,14.0,26.77,63.8,291.7,-66.444,-9.545,975.401,244.0,19.0,34.0,54.0,4.14,101.306,0.419,93.0,8.0
14,60.5,600.0,18.126888,98.128036,10.0,26.78,63.9,289.6,-73.641,-3.91,981.645,245.0,10.0,20.0,35.0,4.139,101.689,0.421,93.0,8.0
14,60.6,601.0,18.126894,98.128044,11.0,26.79,63.9,287.6,-80.087,1.744,989.562,246.0,11.0,21.0,36.0,4.139,102.118,0.423,93.0,8.0
14,60.7,602.0,18.1269,98.128052,12.0,26.8,64.0,285.6,-85.717,7.389,998.43,247.0,12.0,22.0,37.0,4.139,102.593,0.425,93.0,8.0
14,60.8,603.0,18.126905,98.128059,13.0,26.8,64.0,283.6,-90.473,12.998,1007.44,248.0,13.0,23.0,38.0,4.139,103.112,0.427,93.0,8.0
14,60.9,604.0,18.126911,98.128067,14.0,26.81,64.1,281.6,-94.307,18.542,1015.773,249.0,14.0,24.0,39.0,4.139,103.675,0.429,93.0,8.0
14,61.0,605.0,18.126917,98.128075,10.0,26.82,64.1,279.5,-97.18,23.993,1022.669,250.0,15.0,25.0,40.0,4.139,104.279,0.432,93.0,8.0
14,61.1,606.0,18.126923,98.128082,11.0,26.83,64.2,277.5,-99.062,29.324,1027.5,251.0,16.0,26.0,41.0,4.139,104.923,0.434,93.0,8.0
14,61.2,607.0,18.126928,98.12809,12.0,26.84,64.2,275.5,-99.935,34.509,1029.825,252.0,17.0,27.0,42.0,4.139,105.605,0.437,93.0,8.0
14,61.3,608.0,18.126934,98.128098,13.0,26.85,64.2,273.5,-99.789,39.521,1029.432,253.0,18.0,28.0,43.0,4.139,106.324,0.44,93.0,8.0
14,61.4,609.0,18.12694,98.128105,14.0,26.86,64.3,271.5,-98.626,44.336,1026.359,254.0,19.0,29.0,44.0,4.139,107.079,0.443,93.0,8.0
14,61.5,610.0,18.126945,98.128113,10.0,26.87,64.3,269.4,-96.458,48.929,1020.883,255.0,10.0,30.0,45.0,4.138,107.866,0.446,93.0,8.0
14,61.6,611.0,18.126951,98.12812,11.0,26.88,64.4,267.4,-93.307,53.278,1013.505,256.0,11.0,31.0,46.0,4.138,108.684,0.45,93.0,8.0
14,61.7,612.0,18.126957,98.128128,12.0,26.89,64.5,265.4,-89.205,57.361,1004.897,257.0,12.0,32.0,47.0,4.138,109.53,0.453,93.0,8.0
14,61.8,613.0,18.126963,98.128136,13.0,26.9,64.5,263.4,-84.193,61.157,995.842,258.0,13.0,33.0,48.0,4.138,110.404,0.457,93.0,8.0
14,61.9,614.0,18.126968,98.128143,14.0,26.91,64.6,261.4,-78.324,64.647,987.167,259.0,14.0,34.0,49.0,4.138,111.302,0.461,93.0,8.0
14,62.0,615.0,18.126974,98.128151,10.0,26.92,64.6,259.3,-71.656,67.815,979.66,260.0,15.0,20.0,50.0,4.138,112.222,0.464,93.0,8.0
14,62.1,616.0,18.12698,98.128159,11.0,26.93,64.7,257.3,-64.257,70.643,974.007,261.0,16.0,21.0,51.0,4.138,113.162,0.468,93.0,8.0
14,62.2,617.0,18.126986,98.128166,12.0,26.94,64.7,255.3,-56.204,73.119,970.721,262.0,17.0,22.0,52.0,4.138,114.12,0.472,93.0,8.0
14,62.3,618.0,18.126991,98.128174,13.0,26.95,64.8,253.3,-47.578,75.229,970.104,263.0,18.0,23.0,53.0,4.138,115.092,0.476,93.0,8.0
14,62.4,619.0,18.126997,98.128181,14.0,26.96,64.8,251.3,-38.467,76.964,972.21,264.0,19.0,24.0,54.0,4.138,116.077,0.48,93.0,8.0
14,62.5,620.0,18.127003,98.128189,10.0,26.97,64.9,249.2,-28.964,78.313,976.848,265.0,10.0,25.0,35.0,4.137,117.072,0.484,93.0,8.0
14,62.6,621.0,18.127008,98.128197,11.0,26.98,64.9,247.2,-19.166,79.272,983.595,266.0,11.0,26.0,36.0,4.137,118.074,0.489,93.0,8.0
14,62.7,622.0,18.127014,98.128204,12.0,26.99,65.0,245.2,-9.172,79.835,991.837,267.0,12.0,27.0,37.0,4.137,119.082,0.493,93.0,8.0
14,62.8,623.0,18.12702,98.128212,13.0,27.0,65.0,243.2,0.915,79.998,1000.823,268.0,13.0,28.0,38.0,4.137,120.091,0.497,93.0,8.0
14,62.9,624.0,18.127026,98.12822,14.0,27.01,65.1,241.2,10.993,79.762,1009.734,269.0,14.0,29.0,39.0,4.137,121.101,0.501,93.0,8.0
14,63.0,625.0,18.127031,98.128227,10.0,27.02,65.1,239.1,20.958,79.128,1017.758,270.0,15.0,30.0,40.0,4.137,122.108,0.505,92.0,8.0
14,63.1,626.0,18.127037,98.128235,11.0,27.03,65.2,237.1,30.71,78.098,1024.164,271.0,16.0,31.0,41.0,4.137,123.109,0.509,92.0,8.0
14,63.2,627.0,18.127043,98.128242,12.0,27.04,65.2,235.1,40.149,76.678,1028.368,272.0,17.0,32.0,42.0,4.137,124.102,0.513,92.0,8.0
14,63.3,628.0,18.127048,98.12825,13.0,27.05,65.3,233.1,49.179,74.874,1029.988,273.0,18.0,33.0,43.0,4.137,125.085,0.517,92.0,8.0
14,63.4,629.0,18.127054,98.128258,14.0,27.06,65.3,231.1,57.708,72.697,1028.876,274.0,19.0,34.0,44.0,4.137,126.055,0.521,92.0,8.0
14,63.5,630.0,18.12706,98.128265,10.0,27.07,65.4,229.0,65.648,70.157,1025.133,275.0,10.0,20.0,45.0,4.136,127.009,0.525,92.0,8.0
14,63.6,631.0,18.127066,98.128273,11.0,27.08,65.4,227.0,72.92,67.266,1019.1,276.0,11.0,21.0,46.0,4.136,127.946,0.529,92.0,8.0
14,63.8,632.0,18.127071,98.128281,12.0,27.09,65.5,225.0,79.448,64.038,1011.327,277.0,12.0,22.0,47.0,4.136,128.862,0.533,92.0,8.0
14,63.9,633.0,18.127077,98.128288,13.0,27.1,65.5,223.0,85.166,60.491,1002.521,278.0,13.0,23.0,48.0,4.136,129.756,0.537,92.0,8.0
14,64.0,634.0,18.127083,98.128296,14.0,27.11,65.6,221.0,90.016,56.642,993.487,279.0,14.0,24.0,49.0,4.136,130.625,0.54,92.0,8.0
14,64.1,635.0,18.127089,98.128304,10.0,27.12,65.6,218.9,93.949,52.509,985.046,280.0,15.0,25.0,50.0,4.136,131.467,0.544,92.0,8.0
14,64.2,636.0,18.127094,98.128311,11.0,27.13,65.7,216.9,96.925,48.115,977.967,281.0,16.0,26.0,51.0,4.136,132.279,0.547,92.0,8.0
14,64.3,637.0,18.1271,98.128319,12.0,27.14,65.7,214.9,98.912,43.48,972.895,282.0,17.0,27.0,52.0,4.136,133.061,0.55,92.0,8.0
14,64.4,638.0,18.127106,98.128326,13.0,27.15,65.8,212.9,99.891,38.627,970.293,283.0,18.0,28.0,53.0,4.136,133.808,0.553,92.0,8.0
14,64.5,639.0,18.127111,98.128334,14.0,27.16,65.8,210.9,99.852,33.582,970.398,284.0,19.0,29.0,54.0,4.136,134.521,0.556,92.0,8.0
14,64.6,640.0,18.127117,98.128342,10.0,27.17,65.9,208.8,98.796,28.369,973.199,285.0,10.0,30.0,35.0,4.135,135.197,0.559,92.0,8.0
14,64.7,641.0,18.127123,98.128349,11.0,27.18,65.9,206.8,96.732,23.014,978.443,286.0,11.0,31.0,36.0,4.135,135.834,0.562,92.0,8.0
14,64.8,642.0,18.127129,98.128357,12.0,27.19,66.0,204.8,93.683,17.544,985.65,287.0,12.0,32.0,37.0,4.135,136.43,0.564,92.0,8.0
14,64.9,643.0,18.127134,98.128365,13.0,27.2,66.0,202.8,89.678,11.986,994.165,288.0,13.0,33.0,38.0,4.135,136.985,0.566,92.0,8.0
14,65.0,644.0,18.12714,98.128372,14.0,27.21,66.1,200.8,84.76,6.369,1003.211,289.0,14.0,34.0,39.0,4.135,137.496,0.569,92.0,8.0
14,65.1,645.0,18.127146,98.12838,10.0,27.22,66.1,198.7,78.978,0.719,1011.966,290.0,15.0,20.0,40.0,4.135,137.963,0.57,92.0,8.0
14,65.2,646.0,18.127151,98.128387,11.0,27.22,66.2,196.7,72.39,-4.933,1019.629,291.0,16.0,21.0,41.0,4.135,138.384,0.572,92.0,8.0
14,65.3,647.0,18.127157,98.128395,12.0,27.23,66.2,194.7,65.065,-10.562,1025.504,292.0,17.0,22.0,42.0,4.135,138.758,0.574,92.0,8.0
14,65.4,648.0,18.127163,98.128403,13.0,27.24,66.3,192.7,57.077,-16.137,1029.056,293.0,18.0,23.0,43.0,4.135,139.085,0.575,92.0,8.0
14,65.5,649.0,18.127169,98.12841,14.0,27.25,66.3,190.7,48.507,-21.632,1029.96,294.0,19.0,24.0,44.0,4.135,139.362,0.576,92.0,8.0
14,65.6,650.0,18.127174,98.128418,10.0,27.26,66.4,188.6,39.443,-27.019,1028.135,295.0,10.0,25.0,45.0,4.134,139.59,0.577,92.0,8.0
14,65.7,651.0,18.12718,98.128426,11.0,27.27,66.4,186.6,29.977,-32.27,1023.747,296.0,11.0,26.0,46.0,4.134,139.769,0.578,92.0,8.0
14,65.8,652.0,18.127186,98.128433,12.0,27.28,66.4,184.6,20.205,-37.361,1017.194,297.0,12.0,27.0,47.0,4.134,139.897,0.578,92.0,8.0
14,65.9,653.0,18.127192,98.128441,13.0,27.29,66.5,182.6,10.226,-42.265,1009.075,298.0,13.0,28.0,48.0,4.134,139.974,0.579,92.0,8.0
14,66.0,654.0,18.127197,98.128448,14.0,27.29,66.5,180.6,0.145,-46.957,1000.13,299.0,14.0,29.0,49.0,4.134,140.0,0.579,92.0,8.0
14,66.1,655.0,18.127203,98.128456,10.0,27.3,66.6,178.5,-9.939,-51.415,991.173,300.0,15.0,30.0,50.0,4.134,139.975,0.579,92.0,8.0
14,66.2,656.0,18.127209,98.128464,11.0,27.31,66.6,176.5,-19.922,-55.617,983.019,301.0,16.0,31.0,51.0,4.134,139.9,0.578,92.0,8.0
14,66.3,657.0,18.127214,98.128471,12.0,27.32,66.7,174.5,-29.701,-59.54,976.413,302.0,17.0,32.0,52.0,4.134,139.773,0.578,92.0,8.0
14,66.4,658.0,18.12722,98.128479,13.0,27.33,66.7,172.5,-39.177,-63.166,971.956,303.0,18.0,33.0,53.0,4.134,139.596,0.577,92.0,8.0
14,66.5,659.0,18.127226,98.128487,14.0,27.33,66.8,170.5,-48.254,-66.476,970.054,304.0,19.0,34.0,54.0,4.134,139.369,0.576,92.0,8.0
14,66.6,660.0,18.127232,98.128494,10.0,27.34,66.8,168.4,-56.84,-69.454,970.88,305.0,10.0,20.0,35.0,4.133,139.093,0.575,92.0,8.0
14,66.7,661.0,18.127237,98.128502,11.0,27.35,66.9,166.4,-64.846,-72.085,974.36,306.0,11.0,21.0,36.0,4.133,138.768,0.574,92.0,8.0
14,66.8,662.0,18.127243,98.12851,12.0,27.36,66.9,164.4,-72.191,-74.356,980.175,307.0,12.0,22.0,37.0,4.133,138.396,0.572,92.0,8.0
14,66.9,663.0,18.127249,98.128517,13.0,27.36,67.0,162.4,-78.8,-76.255,987.796,308.0,13.0,23.0,38.0,4.133,137.976,0.57,92.0,8.0
14,67.0,664.0,18.127254,98.128525,14.0,27.37,67.0,160.4,-84.606,-77.773,996.53,309.0,14.0,24.0,39.0,4.133,137.51,0.568,92.0,8.0
14,67.1,665.0,18.12726,98.128532,10.0,27.38,67.1,158.3,-89.55,-78.903,1005.579,310.0,15.0,25.0,40.0,4.133,137.0,0.566,92.0,8.0
14,67.2,666.0,18.127266,98.12854,11.0,27.38,67.1,156.3,-93.581,-79.639,1014.121,311.0,16.0,26.0,41.0,4.133,136.447,0.564,92.0,8.0
14,67.3,667.0,18.127272,98.128548,12.0,27.39,67.2,154.3,-96.659,-79.976,1021.376,312.0,17.0,27.0,42.0,4.133,135.851,0.561,92.0,8.0
14,67.4,668.0,18.127277,98.128555,13.0,27.4,67.2,152.3,-98.751,-79.914,1026.683,313.0,18.0,28.0,43.0,4.133,135.216,0.559,92.0,8.0
14,67.5,669.0,18.127283,98.128563,14.0,27.4,67.2,150.3,-99.836,-79.453,1029.559,314.0,19.0,29.0,44.0,4.133,134.541,0.556,92.0,8.0
14,67.6,670.0,18.127289,98.128571,10.0,27.41,67.3,148.2,-99.904,-78.595,1029.742,315.0,10.0,30.0,45.0,4.132,133.829,0.553,92.0,8.0
14,67.7,671.0,18.127295,98.128578,11.0,27.41,67.3,146.2,-98.954,-77.344,1027.215,316.0,11.0,31.0,46.0,4.132,133.082,0.55,92.0,8.0
14,67.8,672.0,18.1273,98.128586,12.0,27.42,67.4,144.2,-96.995,-75.706,1022.209,317.0,12.0,32.0,47.0,4.132,132.302,0.547,92.0,8.0
14,67.9,673.0,18.127306,98.128593,13.0,27.42,67.4,142.2,-94.048,-73.691,1015.179,318.0,13.0,33.0,48.0,4.132,131.49,0.543,92.0,8.0
14,68.0,674.0,18.127312,98.128601,14.0,27.43,67.5,140.2,-90.142,-71.307,1006.767,319.0,14.0,34.0,49.0,4.132,130.649,0.54,92.0,8.0
14,68.1,675.0,18.127317,98.128609,10.0,27.43,67.5,138.1,-85.317,-68.567,997.738,320.0,15.0,20.0,50.0,4.132,129.781,0.536,92.0,8.0
14,68.2,676.0,18.127323,98.128616,11.0,27.44,67.6,136.1,-79.623,-65.484,988.915,321.0,16.0,21.0,51.0,4.132,128.888,0.533,92.0,8.0
14,68.3,677.0,18.127329,98.128624,12.0,27.44,67.6,134.1,-73.117,-62.074,981.102,322.0,17.0,22.0,52.0,4.132,127.973,0.529,92.0,8.0
14,68.4,678.0,18.127335,98.128632,13.0,27.45,67.6,132.1,-65.866,-58.354,975.01,323.0,18.0,23.0,53.0,4.132,127.036,0.525,92.0,8.0
14,68.5,679.0,18.12734,98.128639,14.0,27.45,67.7,130.1,-57.944,-54.343,971.196,324.0,19.0,24.0,54.0,4.132,126.082,0.521,92.0,8.0
14,68.6,680.0,18.127346,98.128647,10.0,27.46,67.7,128.0,-49.431,-50.06,970.006,325.0,10.0,25.0,35.0,4.131,125.113,0.517,92.0,8.0
14,68.7,681.0,18.127352,98.128654,11.0,27.46,67.8,126.0,-40.414,-45.526,971.548,326.0,11.0,26.0,36.0,4.131,124.13,0.513,92.0,8.0
14,68.8,682.0,18.127357,98.128662,12.0,27.46,67.8,124.0,-30.985,-40.766,975.683,328.0,12.0,27.0,37.0,4.131,123.137,0.509,92.0,8.0
14,68.9,683.0,18.127363,98.12867,13.0,27.47,67.9,122.0,-21.241,-35.801,982.033,329.0,13.0,28.0,38.0,4.131,122.136,0.505,92.0,8.0
14,69.0,684.0,18.127369,98.128677,14.0,27.47,67.9,120.0,-11.28,-30.658,990.02,330.0,14.0,29.0,39.0,4.131,121.13,0.5,92.0,8.0
14,69.1,685.0,18.127375,98.128685,10.0,27.48,67.9,117.9,-1.204,-25.362,998.917,331.0,15.0,30.0,40.0,4.131,120.12,0.496,92.0,8.0
14,69.2,686.0,18.12738,98.128693,11.0,27.48,68.0,115.9,8.885,-19.938,1007.912,332.0,16.0,31.0,41.0,4.131,119.111,0.492,92.0,8.0
14,69.3,687.0,18.127386,98.1287,12.0,27.48,68.0,113.9,18.882,-14.416,1016.186,333.0,17.0,32.0,42.0,4.131,118.103,0.488,92.0,8.0
14,69.4,688.0,18.127392,98.128708,13.0,27.48,68.1,111.9,28.687,-8.821,1022.985,334.0,18.0,33.0,43.0,4.131,117.101,0.484,92.0,8.0
14,69.5,689.0,18.127398,98.128716,14.0,27.49,68.1,109.9,38.201,-3.182,1027.691,335.0,19.0,34.0,44.0,4.13,116.105,0.48,92.0,8.0
14,69.6,690.0,18.127403,98.128723,10.0,27.49,68.1,107.8,47.324,2.473,1029.873,336.0,10.0,20.0,45.0,4.13,115.12,0.475,92.0,8.0
14,69.7,691.0,18.127409,98.128731,11.0,27.49,68.2,105.8,55.965,8.115,1029.334,337.0,11.0,21.0,46.0,4.13,114.147,0.471,92.0,8.0
14,69.8,692.0,18.127415,98.128738,12.0,27.49,68.2,103.8,64.035,13.717,1026.122,338.0,12.0,22.0,47.0,4.13,113.189,0.467,92.0,8.0
14,69.9,693.0,18.12742,98.128746,13.0,27.49,68.3,101.8,71.454,19.25,1020.53,339.0,13.0,23.0,48.0,4.13,112.249,0.464,92.0,8.0
14,70.0,694.0,18.127426,98.128754,14.0,27.5,68.3,99.8,78.144,24.688,1013.068,340.0,14.0,24.0,49.0,4.13,111.328,0.46,92.0,8.0
14,70.1,695.0,18.127432,98.128761,10.0,27.5,68.3,97.7,84.037,30.001,1004.415,341.0,15.0,25.0,50.0,4.13,110.429,0.456,92.0,8.0
14,70.2,696.0,18.127438,98.128769,11.0,27.5,68.4,95.7,89.073,35.165,995.36,342.0,16.0,26.0,51.0,4.13,109.555,0.452,92.0,8.0
14,70.3,697.0,18.127443,98.128777,12.0,27.5,68.4,93.7,93.203,40.153,986.727,343.0,17.0,27.0,52.0,4.13,108.707,0.449,92.0,8.0
14,70.4,698.0,18.127449,98.128784,13.0,27.5,68.4,91.7,96.382,44.941,979.304,344.0,18.0,28.0,53.0,4.13,107.889,0.446,92.0,8.0
14,70.5,699.0,18.127455,98.128792,14.0,27.5,68.5,89.7,98.578,49.504,973.767,345.0,19.0,29.0,54.0,4.129,107.101,0.442,92.0,8.0
14,70.6,700.0,18.12746,98.128799,10.0,27.5,68.5,87.6,99.77,53.82,970.619,346.0,10.0,30.0,35.0,4.129,106.346,0.439,92.0,8.0
14,70.7,701.0,18.127466,98.128807,11.0,27.5,68.5,85.6,99.945,57.867,970.148,347.0,11.0,31.0,36.0,4.129,105.625,0.436,92.0,8.0
14,70.8,702.0,18.127472,98.128815,12.0,27.5,68.6,83.6,99.101,61.624,972.397,348.0,12.0,32.0,37.0,4.129,104.942,0.433,92.0,8.0
14,70.9,703.0,18.127478,98.128822,13.0,27.5,68.6,81.6,97.248,65.074,977.161,349.0,13.0,33.0,38.0,4.129,104.296,0.431,92.0,8.0
14,71.0,704.0,18.127483,98.12883,14.0,27.5,68.7,79.6,94.403,68.199,984.006,350.0,14.0,34.0,39.0,4.129,103.691,0.428,92.0,8.0
14,71.1,705.0,18.127489,98.128838,10.0,27.5,68.7,77.5,90.595,70.982,992.308,351.0,15.0,20.0,40.0,4.129,103.128,0.426,92.0,8.0
14,71.2,706.0,18.127495,98.128845,11.0,27.5,68.7,75.5,85.865,73.412,1001.31,352.0,16.0,21.0,41.0,4.129,102.607,0.424,92.0,8.0
14,71.3,707.0,18.127501,98.128853,12.0,27.5,68.8,73.5,80.26,75.474,1010.194,353.0,17.0,22.0,42.0,4.129,102.131,0.422,92.0,8.0
14,71.4,708.0,18.127506,98.12886,13.0,27.49,68.8,71.5,73.836,77.159,1018.149,354.0,18.0,23.0,43.0,4.129,101.7,0.42,92.0,8.0
14,71.5,709.0,18.127512,98.128868,14.0,27.49,68.8,69.5,66.659,78.459,1024.449,355.0,19.0,24.0,44.0,4.128,101.316,0.418,92.0,8.0
14,71.6,710.0,18.127518,98.128876,10.0,27.49,68.9,67.4,58.804,79.367,1028.523,356.0,10.0,25.0,45.0,4.128,100.98,0.417,92.0,8.0
14,71.7,711.0,18.127523,98.128883,11.0,27.49,68.9,65.4,50.349,79.878,1029.998,357.0,11.0,26.0,46.0,4.128,100.692,0.416,92.0,8.0
14,71.8,712.0,18.127529,98.128891,12.0,27.49,68.9,63.4,41.38,79.99,1028.74,358.0,12.0,27.0,47.0,4.128,100.453,0.415,92.0,8.0
14,71.9,713.0,18.127535,98.128899,13.0,27.48,68.9,61.4,31.991,79.703,1024.863,359.0,13.0,28.0,48.0,4.128,100.265,0.414,92.0,8.0
14,72.0,714.0,18.127541,98.128906,14.0,27.48,69.0,59.4,22.275,79.017,1018.721,0.0,14.0,29.0,49.0,4.128,100.126,0.413,91.0,8.0
14,72.1,715.0,18.127546,98.128914,10.0,27.48,69.0,57.3,12.331,77.937,1010.873,1.0,15.0,30.0,50.0,4.128,100.038,0.413,91.0,8.0
14,72.2,716.0,18.127552,98.128922,11.0,27.48,69.0,55.3,2.263,76.467,1002.035,2.0,16.0,31.0,51.0,4.128,100.001,0.413,91.0,8.0
14,72.3,717.0,18.127558,98.128929,12.0,27.47,69.1,53.3,-7.829,74.615,993.011,3.0,17.0,32.0,52.0,4.128,100.015,0.413,91.0,8.0
14,72.4,718.0,18.127563,98.128937,13.0,27.47,69.1,51.3,-17.841,72.39,984.625,4.0,18.0,33.0,53.0,4.128,100.08,0.413,91.0,8.0
14,72.5,719.0,18.127569,98.128944,14.0,27.47,69.1,49.3,-27.671,69.803,977.638,5.0,19.0,34.0,54.0,4.127,100.196,0.414,91.0,8.0
14,72.6,720.0,18.127575,98.128952,10.0,27.46,69.2,47.2,-37.219,66.868,972.69,6.0,10.0,20.0,35.0,4.127,100.363,0.414,91.0,8.0
14,72.7,721.0,18.127581,98.12896,11.0,27.46,69.2,45.2,-46.388,63.599,970.229,7.0,11.0,21.0,36.0,4.127,100.579,0.415,91.0,8.0
14,72.8,722.0,18.127586,98.128967,12.0,27.45,69.2,43.2,-55.084,60.012,970.481,8.0,12.0,22.0,37.0,4.127,100.845,0.416,91.0,8.0
14,72.9,723.0,18.127592,98.128975,13.0,27.45,69.2,41.2,-63.219,56.124,973.422,9.0,13.0,23.0,38.0,4.127,101.16,0.417,91.0,8.0
14,73.0,724.0,18.127598,98.128983,14.0,27.45,69.3,39.2,-70.709,51.957,978.785,10.0,14.0,24.0,39.0,4.127,101.522,0.419,91.0,8.0
14,73.1,725.0,18.127604,98.12899,10.0,27.44,69.3,37.1,-77.478,47.53,986.08,11.0,15.0,25.0,40.0,4.127,101.932,0.421,91.0,8.0
14,73.2,726.0,18.127609,98.128998,11.0,27.44,69.3,35.1,-83.458,42.865,994.645,12.0,16.0,26.0,41.0,4.127,102.388,0.423,91.0,8.0
14,73.3,727.0,18.127615,98.129005,12.0,27.43,69.3,33.1,-88.587,37.987,1003.696,13.0,17.0,27.0,42.0,4.127,102.889,0.425,91.0,8.0
14,73.4,728.0,18.127621,98.129013,13.0,27.43,69.4,31.1,-92.813,32.919,1012.411,14.0,18.0,28.0,43.0,4.127,103.433,0.427,91.0,8.0
14,73.5,729.0,18.127626,98.129021,14.0,27.42,69.4,29.1,-96.094,27.686,1019.995,15.0,19.0,29.0,44.0,4.126,104.02,0.429,91.0,8.0
14,73.6,730.0,18.127632,98.129028,10.0,27.41,69.4,27.0,-98.395,22.314,1025.758,16.0,10.0,30.0,45.0,4.126,104.648,0.432,91.0,8.0
14,73.7,731.0,18.127638,98.129036,11.0,27.41,69.4,25.0,-99.693,16.832,1029.174,17.0,11.0,31.0,46.0,4.126,105.314,0.435,91.0,8.0
14,73.8,732.0,18.127644,98.129044,12.0,27.4,69.5,23.0,-99.975,11.265,1029.931,18.0,12.0,32.0,47.0,4.126,106.018,0.437,91.0,8.0
14,74.0,733.0,18.127649,98.129051,13.0,27.4,69.5,21.0,-99.238,5.642,1027.962,19.0,13.0,33.0,48.0,4.126,106.758,0.44,91.0,8.0
14,74.1,734.0,18.127655,98.129059,14.0,27.39,69.5,19.0,-97.489,-0.01,1023.445,20.0,14.0,34.0,49.0,4.126,107.532,0.444,91.0,8.0
14,74.2,735.0,18.127661,98.129066,10.0,27.38,69.5,16.9,-94.747,-5.661,1016.792,21.0,15.0,20.0,50.0,4.126,108.337,0.447,91.0,8.0
14,74.3,736.0,18.127666,98.129074,11.0,27.38,69.5,14.9,-91.039,-11.284,1008.61,22.0,16.0,21.0,51.0,4.126,109.172,0.45,91.0,8.0
14,74.4,737.0,18.127672,98.129082,12.0,27.37,69.6,12.9,-86.403,-16.851,999.642,23.0,17.0,22.0,52.0,4.126,110.034,0.454,91.0,8.0
14,74.5,738.0,18.127678,98.129089,13.0,27.36,69.6,10.9,-80.887,-22.333,990.707,24.0,18.0,23.0,53.0,4.126,110.922,0.458,91.0,8.0
14,74.6,739.0,18.127684,98.129097,14.0,27.36,69.6,8.9,-74.546,-27.704,982.62,25.0,19.0,24.0,54.0,4.125,111.834,0.461,91.0,8.0
14,74.7,740.0,18.127689,98.129105,10.0,27.35,69.6,6.8,-67.446,-32.936,976.115,26.0,10.0,25.0,35.0,4.125,112.766,0.465,91.0,8.0
14,74.8,741.0,18.127695,98.129112,11.0,27.34,69.6,4.8,-59.657,-38.004,971.787,27.0,11.0,26.0,36.0,4.125,113.716,0.469,91.0,16.0
14,74.9,742.0,18.127701,98.12912,12.0,27.34,69.7,2.8,-51.261,-42.882,970.029,28.0,12.0,27.0,37.0,4.125,114.682,0.473,91.0,16.0
14,75.0,743.0,18.127707,98.129128,13.0,27.33,69.7,0.8,-42.343,-47.546,971.002,29.0,13.0,28.0,38.0,4.125,115.662,0.477,91.0,16.0
14,75.1,744.0,18.127712,98.129135,14.0,27.32,69.7,0.0,-32.993,-51.972,974.616,30.0,14.0,29.0,39.0,4.125,116.654,0.481,91.0,16.0
14,75.2,745.0,18.127718,98.129143,10.0,27.31,69.7,0.0,-23.306,-56.138,980.544,31.0,15.0,30.0,40.0,4.125,117.653,0.485,91.0,16.0
14,75.3,746.0,18.127724,98.12915,11.0,27.3,69.7,0.0,-13.382,-60.024,988.243,32.0,16.0,31.0,41.0,4.125,118.659,0.489,91.0,16.0
14,75.4,747.0,18.127729,98.129158,12.0,27.3,69.8,0.0,-3.322,-63.61,997.015,33.0,17.0,32.0,42.0,4.125,119.668,0.494,91.0,16.0
14,75.5,748.0,18.127735,98.129166,13.0,27.29,69.8,0.0,6.773,-66.879,1006.058,34.0,18.0,33.0,43.0,4.125,120.678,0.498,91.0,16.0
14,75.6,749.0,18.127741,98.129173,14.0,27.28,69.8,0.0,16.798,-69.813,1014.549,35.0,19.0,34.0,44.0,4.124,121.686,0.502,91.0,16.0
14,75.7,750.0,18.127747,98.129181,10.0,27.27,69.8,0.0,26.652,-72.398,1021.715,36.0,10.0,20.0,45.0,4.124,122.69,0.506,91.0,16.0
14,75.8,751.0,18.127752,98.129189,11.0,27.26,69.8,0.0,36.234,-74.622,1026.902,37.0,11.0,21.0,46.0,4.124,123.687,0.51,91.0,16.0
14,75.9,752.0,18.127758,98.129196,12.0,27.25,69.8,0.0,45.447,-76.472,1029.638,38.0,12.0,22.0,47.0,4.124,124.674,0.514,91.0,16.0
14,76.0,753.0,18.127764,98.129204,13.0,27.25,69.8,0.0,54.197,-77.941,1029.674,39.0,13.0,23.0,48.0,4.124,125.65,0.518,91.0,16.0
14,76.1,754.0,18.127769,98.129211,14.0,27.24,69.8,0.0,62.394,-79.02,1027.006,40.0,14.0,24.0,49.0,4.124,126.611,0.522,91.0,16.0
14,76.2,755.0,18.127775,98.129219,10.0,27.23,69.9,0.0,69.955,-79.704,1021.879,41.0,15.0,25.0,50.0,4.124,127.555,0.526,91.0,16.0
14,76.3,756.0,18.127781,98.129227,11.0,27.22,69.9,0.0,76.804,-79.991,1014.757,42.0,16.0,26.0,51.0,4.124,128.481,0.53,91.0,16.0
14,76.4,757.0,18.127787,98.129234,12.0,27.21,69.9,0.0,82.87,-79.877,1006.291,43.0,17.0,27.0,52.0,4.124,129.384,0.534,91.0,16.0
14,76.5,758.0,18.127792,98.129242,13.0,27.2,69.9,0.0,88.091,-79.365,997.252,44.0,18.0,28.0,53.0,4.124,130.264,0.537,91.0,16.0
14,76.6,759.0,18.127798,98.12925,14.0,27.19,69.9,0.0,92.414,-78.455,988.463,45.0,19.0,29.0,54.0,4.123,131.117,0.541,91.0,16.0
14,76.7,760.0,18.127804,98.129257,10.0,27.18,69.9,0.0,95.795,-77.154,980.726,46.0,10.0,30.0,35.0,4.123,131.942,0.544,91.0,16.0
14,76.8,761.0,18.12781,98.129265,11.0,27.17,69.9,0.0,98.2,-75.468,974.744,47.0,11.0,31.0,36.0,4.123,132.737,0.547,91.0,16.0
14,76.9,762.0,18.127815,98.129272,12.0,27.16,69.9,0.0,99.604,-73.404,971.064,48.0,12.0,32.0,37.0,4.123,133.499,0.55,91.0,16.0
14,77.0,763.0,18.127821,98.12928,13.0,27.15,69.9,0.0,99.993,-70.973,970.019,49.0,13.0,33.0,38.0,4.123,134.227,0.553,91.0,16.0
14,77.1,764.0,18.127827,98.129288,14.0,27.14,69.9,0.0,99.362,-68.188,971.707,50.0,14.0,34.0,39.0,4.123,134.918,0.556,91.0,16.0
14,77.2,765.0,18.127832,98.129295,10.0,27.13,70.0,0.0,97.719,-65.063,975.972,51.0,15.0,20.0,40.0,4.123,135.571,0.559,91.0,16.0
14,77.3,766.0,18.127838,98.129303,11.0,27.12,70.0,0.0,95.08,-61.612,982.426,52.0,16.0,21.0,41.0,4.123,136.185,0.561,91.0,16.0
14,77.4,767.0,18.127844,98.129311,12.0,27.11,70.0,0.0,91.472,-57.853,990.482,53.0,17.0,22.0,42.0,4.123,136.758,0.564,91.0,16.0
14,77.5,768.0,18.12785,98.129318,13.0,27.1,70.0,0.0,86.932,-53.805,999.405,54.0,18.0,23.0,43.0,4.123,137.287,0.566,91.0,16.0
14,77.6,769.0,18.127855,98.129326,14.0,27.09,70.0,0.0,81.505,-49.489,1008.381,55.0,19.0,24.0,44.0,4.122,137.773,0.568,91.0,16.0
14,77.7,770.0,18.127861,98.129333,10.0,27.08,70.0,0.0,75.248,-44.925,1016.595,56.0,10.0,25.0,45.0,4.122,138.213,0.57,91.0,16.0
14,77.8,771.0,18.127867,98.129341,11.0,27.07,70.0,0.0,68.223,-40.137,1023.296,57.0,11.0,26.0,46.0,4.122,138.607,0.571,91.0,16.0
14,77.9,772.0,18.127872,98.129349,12.0,27.06,70.0,0.0,60.504,-35.148,1027.875,58.0,12.0,27.0,47.0,4.122,138.954,0.573,91.0,16.0
14,78.0,773.0,18.127878,98.129356,13.0,27.05,70.0,0.0,52.168,-29.983,1029.914,59.0,13.0,28.0,48.0,4.122,139.252,0.574,91.0,16.0
14,78.1,774.0,18.127884,98.129364,14.0,27.04,70.0,0.0,43.3,-24.669,1029.228,60.0,14.0,29.0,49.0,4.122,139.501,0.575,91.0,16.0
14,78.2,775.0,18.12789,98.129372,10.0,27.03,70.0,0.0,33.99,-19.231,1025.879,61.0,15.0,30.0,50.0,4.122,139.7,0.576,91.0,16.0
14,78.3,776.0,18.127895,98.129379,11.0,27.02,70.0,0.0,24.335,-13.698,1020.172,62.0,16.0,31.0,51.0,4.122,139.849,0.576,91.0,16.0
14,78.4,777.0,18.127901,98.129387,12.0,27.01,70.0,0.0,14.431,-8.096,1012.627,63.0,17.0,32.0,52.0,4.122,139.948,0.577,91.0,16.0
14,78.5,778.0,18.127907,98.129395,13.0,27.0,70.0,0.0,4.38,-2.453,1003.932,64.0,18.0,33.0,53.0,4.122,139.995,0.577,91.0,16.0
14,78.6,779.0,18.127913,98.129402,14.0,26.99,70.0,0.0,-5.715,3.201,994.879,65.0,19.0,34.0,54.0,4.121,139.992,0.577,91.0,16.0
14,78.7,780.0,18.127918,98.12941,10.0,26.98,70.0,0.0,-15.752,8.84,986.292,66.0,10.0,20.0,35.0,4.121,139.937,0.577,91.0,16.0
14,78.8,781.0,18.127924,98.129417,11.0,26.97,70.0,0.0,-25.63,14.435,978.954,67.0,11.0,21.0,36.0,4.121,139.832,0.576,91.0,16.0
14,78.9,782.0,18.12793,98.129425,12.0,26.96,70.0,0.0,-35.245,19.957,973.533,69.0,12.0,22.0,37.0,4.121,139.677,0.576,91.0,16.0
14,79.0,783.0,18.127935,98.129433,13.0,26.95,70.0,0.0,-44.501,25.38,970.524,70.0,13.0,23.0,38.0,4.121,139.471,0.575,91.0,16.0
14,79.1,784.0,18.127941,98.12944,14.0,26.94,70.0,0.0,-53.303,30.676,970.201,71.0,14.0,24.0,39.0,4.121,139.215,0.574,91.0,16.0
14,79.2,785.0,18.127947,98.129448,10.0,26.93,70.0,0.0,-61.563,35.819,972.592,72.0,15.0,25.0,40.0,4.121,138.91,0.572,91.0,16.0
14,79.3,786.0,18.127953,98.129456,11.0,26.92,70.0,0.0,-69.195,40.782,977.481,73.0,16.0,26.0,41.0,4.121,138.558,0.571,91.0,16.0
14,79.4,787.0,18.127958,98.129463,12.0,26.91,70.0,0.0,-76.121,45.542,984.421,74.0,17.0,27.0,42.0,4.121,138.158,0.569,91.0,16.0
14,79.5,788.0,18.127964,98.129471,13.0,26.9,70.0,0.0,-82.272,50.075,992.78,75.0,18.0,28.0,43.0,4.12,137.711,0.567,91.0,16.0
14,79.6,789.0,18.12797,98.129478,14.0,26.89,70.0,0.0,-87.585,54.357,1001.798,76.0,19.0,29.0,44.0,4.12,137.22,0.565,91.0,16.0
14,79.7,790.0,18.127975,98.129486,10.0,26.88,70.0,0.0,-92.004,58.368,1010.651,77.0,10.0,30.0,45.0,4.12,136.684,0.563,91.0,16.0
14,79.8,791.0,18.127981,98.129494,11.0,26.87,70.0,0.0,-95.486,62.086,1018.534,78.0,11.0,31.0,46.0,4.12,136.106,0.561,91.0,16.0
14,79.9,792.0,18.127987,98.129501,12.0,26.86,70.0,0.0,-97.995,65.495,1024.729,79.0,12.0,32.0,47.0,4.12,135.487,0.558,91.0,16.0
14,80.0,793.0,18.127993,98.129509,13.0,26.85,69.9,0.0,-99.504,68.577,1028.67,80.0,13.0,33.0,48.0,4.12,134.829,0.555,91.0,16.0
14,80.1,794.0,18.127998,98.129517,14.0,26.85,69.9,0.0,-100.0,71.316,1030.0,81.0,14.0,34.0,49.0,4.12,134.132,0.553,91.0,16.0
14,80.2,795.0,18.128004,98.129524,10.0,26.84,69.9,0.0,-99.476,73.698,1028.596,82.0,15.0,20.0,50.0,4.12,133.4,0.55,91.0,16.0
14,80.3,796.0,18.12801,98.129532,11.0,26.83,69.9,0.0,-97.939,75.713,1024.586,83.0,16.0,21.0,51.0,4.12,132.633,0.546,91.0,16.0
14,80.4,797.0,18.128016,98.129539,12.0,26.82,69.9,0.0,-95.403,77.349,1018.338,84.0,17.0,22.0,52.0,4.12,131.835,0.543,91.0,16.0
14,80.5,798.0,18.128021,98.129547,13.0,26.81,69.9,0.0,-91.895,78.598,1010.417,85.0,18.0,23.0,53.0,4.119,131.006,0.54,91.0,16.0
14,80.6,799.0,18.128027,98.129555,14.0,26.8,69.9,0.0,-87.45,79.455,1001.549,86.0,19.0,24.0,54.0,4.119,130.149,0.536,91.0,16.0
14,80.7,800.0,18.128033,98.129562,10.0,26.79,69.9,0.0,-82.114,79.915,992.538,87.0,10.0,25.0,35.0,4.119,129.266,0.532,91.0,16.0
14,80.8,801.0,18.128038,98.12957,11.0,26.78,69.9,0.0,-75.941,79.976,984.208,88.0,11.0,26.0,36.0,4.119,128.359,0.529,91.0,16.0
14,80.9,802.0,18.128044,98.129578,12.0,26.77,69.9,0.0,-68.994,79.637,977.316,89.0,12.0,27.0,37.0,4.119,127.432,0.525,91.0,16.0
14,81.0,803.0,18.12805,98.129585,13.0,26.76,69.8,0.0,-61.344,78.9,972.491,90.0,13.0,28.0,38.0,4.119,126.485,0.521,90.0,16.0
14,81.1,804.0,18.128056,98.129593,14.0,26.75,69.8,0.0,-53.068,77.769,970.173,91.0,14.0,29.0,39.0,4.119,125.521,0.517,90.0,16.0
14,81.2,805.0,18.128061,98.129601,10.0,26.74,69.8,0.0,-44.252,76.249,970.572,92.0,15.0,30.0,40.0,4.119,124.544,0.513,90.0,16.0
14,81.3,806.0,18.128067,98.129608,11.0,26.74,69.8,0.0,-34.985,74.349,973.652,93.0,16.0,31.0,41.0,4.119,123.555,0.509,90.0,16.0
14,81.4,807.0,18.128073,98.129616,12.0,26.73,69.8,0.0,-25.361,72.076,979.133,94.0,17.0,32.0,42.0,4.119,122.557,0.505,90.0,16.0
14,81.5,808.0,18.128078,98.129623,13.0,26.72,69.8,0.0,-15.478,69.444,986.515,95.0,18.0,33.0,43.0,4.118,121.553,0.501,90.0,16.0
14,81.6,809.0,18.128084,98.129631,14.0,26.71,69.8,0.0,-5.438,66.465,995.125,96.0,19.0,34.0,44.0,4.118,120.544,0.496,90.0,16.0
14,81.7,810.0,18.12809,98.129639,10.0,26.7,69.7,0.0,4.657,63.154,1004.179,97.0,10.0,20.0,45.0,4.118,119.534,0.492,90.0,16.0
14,81.8,811.0,18.128096,98.129646,11.0,26.69,69.7,0.0,14.706,59.527,1012.853,98.0,11.0,21.0,46.0,4.118,118.525,0.488,90.0,16.0
14,81.9,812.0,18.128101,98.129654,12.0,26.69,69.7,0.0,24.604,55.603,1020.356,99.0,12.0,22.0,47.0,4.118,117.52,0.484,90.0,16.0
14,82.0,813.0,18.128107,98.129662,13.0,26.68,69.7,0.0,34.251,51.401,1026.004,100.0,13.0,23.0,48.0,4.118,116.522,0.48,90.0,16.0
14,82.1,814.0,18.128113,98.129669,14.0,26.67,69.7,0.0,43.55,46.941,1029.283,101.0,14.0,24.0,49.0,4.118,115.532,0.476,90.0,16.0
14,82.2,815.0,18.128119,98.129677,10.0,26.66,69.7,0.0,52.404,42.248,1029.894,102.0,15.0,25.0,50.0,4.118,114.554,0.472,90.0,16.0
14,82.3,816.0,18.128124,98.129684,11.0,26.66,69.6,0.0,60.725,37.344,1027.782,103.0,16.0,26.0,51.0,4.118,113.589,0.468,90.0,16.0
14,82.4,817.0,18.12813,98.129692,12.0,26.65,69.6,0.0,68.426,32.253,1023.138,104.0,17.0,27.0,52.0,4.118,112.641,0.464,90.0,16.0
14,82.5,818.0,18.128136,98.1297,13.0,26.64,69.6,0.0,75.43,27.0,1016.386,105.0,18.0,28.0,53.0,4.117,111.712,0.46,90.0,16.0
14,82.6,819.0,18.128141,98.129707,14.0,26.63,69.6,0.0,81.666,21.613,1008.141,106.0,19.0,29.0,54.0,4.117,110.804,0.456,90.0,16.0
14,82.7,820.0,18.128147,98.129715,10.0,26.63,69.6,0.0,87.068,16.118,999.155,107.0,10.0,30.0,35.0,4.117,109.919,0.453,90.0,16.0
14,82.8,821.0,18.128153,98.129723,11.0,26.62,69.5,0.0,91.584,10.543,990.245,108.0,11.0,31.0,36.0,4.117,109.06,0.449,90.0,16.0
14,82.9,822.0,18.128159,98.12973,12.0,26.61,69.5,0.0,95.166,4.914,982.224,109.0,12.0,32.0,37.0,4.117,108.228,0.446,90.0,16.0
14,83.0,823.0,18.128164,98.129738,13.0,26.61,69.5,0.0,97.778,-0.739,975.823,110.0,13.0,33.0,38.0,4.117,107.427,0.442,90.0,16.0
14,83.1,824.0,18.12817,98.129745,14.0,26.6,69.5,0.0,99.393,-6.388,971.625,111.0,14.0,34.0,39.0,4.117,106.658,0.439,90.0,16.0
14,83.2,825.0,18.128176,98.129753,10.0,26.6,69.5,0.0,99.996,-12.005,970.011,112.0,15.0,20.0,40.0,4.117,105.923,0.436,90.0,16.0
14,83.3,826.0,18.128181,98.129761,11.0,26.59,69.4,0.0,99.579,-17.563,971.13,113.0,16.0,21.0,41.0,4.117,105.224,0.433,90.0,16.0
14,83.4,827.0,18.128187,98.129768,12.0,26.58,69.4,0.0,98.147,-23.032,974.879,114.0,17.0,22.0,42.0,4.117,104.562,0.43,90.0,16.0
14,83.5,828.0,18.128193,98.129776,13.0,26.58,69.4,0.0,95.715,-28.387,980.917,115.0,18.0,23.0,43.0,4.116,103.94,0.428,90.0,16.0
14,83.6,829.0,18.128199,98.129784,14.0,26.57,69.4,0.0,92.307,-33.599,988.694,116.0,19.0,24.0,44.0,4.116,103.359,0.425,90.0,16.0
14,83.7,830.0,18.128204,98.129791,10.0,26.57,69.3,0.0,87.959,-38.644,997.501,117.0,10.0,25.0,45.0,4.116,102.82,0.423,90.0,16.0
14,83.8,831.0,18.12821,98.129799,11.0,26.56,69.3,0.0,82.714,-43.496,1006.535,118.0,11.0,26.0,46.0,4.116,102.325,0.421,90.0,16.0
14,83.9,832.0,18.128216,98.129807,12.0,26.56,69.3,0.0,76.626,-48.13,1014.974,119.0,12.0,27.0,47.0,4.116,101.875,0.419,90.0,16.0
14,84.1,833.0,18.128222,98.129814,13.0,26.55,69.3,0.0,69.757,-52.524,1022.049,120.0,13.0,28.0,48.0,4.116,101.472,0.418,90.0,16.0
14,84.2,834.0,18.128227,98.129822,14.0,26.55,69.2,0.0,62.177,-56.655,1027.114,121.0,14.0,29.0,49.0,4.116,101.115,0.416,90.0,16.0
14,84.3,835.0,18.128233,98.129829,10.0,26.55,69.2,0.0,53.963,-60.504,1029.71,122.0,15.0,30.0,50.0,4.116,100.807,0.415,90.0,16.0
14,84.4,836.0,18.128239,98.129837,11.0,26.54,69.2,0.0,45.2,-64.05,1029.599,123.0,16.0,31.0,51.0,4.116,100.547,0.414,90.0,16.0
14,84.5,837.0,18.128244,98.129845,12.0,26.54,69.2,0.0,35.975,-67.276,1026.79,124.0,17.0,32.0,52.0,4.116,100.338,0.413,90.0,16.0
14,84.6,838.0,18.12825,98.129852,13.0,26.53,69.1,0.0,26.384,-70.166,1021.542,125.0,18.0,33.0,53.0,4.115,100.178,0.412,90.0,16.0
14,84.7,839.0,18.128256,98.12986,14.0,26.53,69.1,0.0,16.524,-72.705,1014.33,126.0,19.0,34.0,54.0,4.115,100.069,0.412,90.0,16.0
14,84.8,840.0,18.128262,98.129868,10.0,26.53,69.1,0.0,6.495,-74.881,1005.813,127.0,10.0,20.0,35.0,4.115,100.011,0.412,90.0,16.0
14,84.9,841.0,18.128267,98.129875,11.0,26.52,69.0,0.0,-3.599,-76.683,996.767,128.0,11.0,21.0,36.0,4.115,100.003,0.412,90.0,16.0
14,85.0,842.0,18.128273,98.129883,12.0,26.52,69.0,0.0,-13.657,-78.102,988.014,129.0,12.0,22.0,37.0,4.115,100.047,0.412,90.0,16.0
14,85.1,843.0,18.128279,98.12989,13.0,26.52,69.0,0.0,-23.575,-79.131,980.355,130.0,13.0,23.0,38.0,4.115,100.141,0.412,90.0,16.0
14,85.2,844.0,18.128284,98.129898,14.0,26.52,68.9,0.0,-33.255,-79.764,974.484,131.0,14.0,24.0,39.0,4.115,100.287,0.413,90.0,16.0
14,85.3,845.0,18.12829,98.129906,10.0,26.51,68.9,0.0,-42.594,-79.998,970.939,132.0,15.0,25.0,40.0,4.115,100.482,0.413,90.0,16.0
14,85.4,846.0,18.128296,98.129913,11.0,26.51,68.9,0.0,-51.499,-79.833,970.041,133.0,16.0,26.0,41.0,4.115,100.727,0.414,90.0,16.0
14,85.5,847.0,18.128302,98.129921,12.0,26.51,68.8,0.0,-59.879,-79.27,971.873,134.0,17.0,27.0,42.0,4.115,101.022,0.416,90.0,16.0
14,85.6,848.0,18.128307,98.129929,13.0,26.51,68.8,0.0,-67.65,-78.31,976.267,135.0,18.0,28.0,43.0,4.114,101.364,0.417,90.0,16.0
14,85.7,849.0,18.128313,98.129936,14.0,26.51,68.8,0.0,-74.731,-76.958,982.824,136.0,19.0,29.0,44.0,4.114,101.755,0.419,90.0,16.0
14,85.8,850.0,18.128319,98.129944,10.0,26.5,68.7,0.0,-81.049,-75.223,990.945,137.0,10.0,30.0,45.0,4.114,102.191,0.42,90.0,16.0
14,85.9,851.0,18.128325,98.129951,11.0,26.5,68.7,0.0,-86.543,-73.111,999.892,138.0,11.0,31.0,46.0,4.114,102.674,0.422,90.0,16.0
14,86.0,852.0,18.12833,98.129959,12.0,26.5,68.7,0.0,-91.153,-70.634,1008.849,139.0,12.0,32.0,47.0,4.114,103.2,0.425,90.0,16.0
14,86.1,853.0,18.128336,98.129967,13.0,26.5,68.6,0.0,-94.835,-67.804,1016.999,140.0,13.0,33.0,48.0,4.114,103.769,0.427,90.0,16.0
14,86.2,854.0,18.128342,98.129974,14.0,26.5,68.6,0.0,-97.55,-64.636,1023.6,141.0,14.0,34.0,49.0,4.114,104.38,0.429,90.0,16.0
14,86.3,855.0,18.128347,98.129982,10.0,26.5,68.6,0.0,-99.271,-61.144,1028.052,142.0,15.0,20.0,50.0,4.114,105.03,0.432,90.0,16.0
14,86.4,856.0,18.128353,98.12999,11.0,26.5,68.5,0.0,-99.98,-57.347,1029.947,143.0,16.0,21.0,51.0,4.114,105.719,0.435,90.0,16.0
14,86.5,857.0,18.128359,98.129997,12.0,26.5,68.5,0.0,-99.671,-53.264,1029.114,144.0,17.0,22.0,52.0,4.114,106.444,0.438,90.0,16.0
14,86.6,858.0,18.128365,98.130005,13.0,26.5,68.5,0.0,-98.345,-48.914,1025.629,145.0,18.0,23.0,53.0,4.113,107.203,0.441,90.0,16.0
14,86.7,859.0,18.12837,98.130013,14.0,26.5,68.4,0.0,-96.017,-44.32,1019.808,146.0,19.0,24.0,54.0,4.113,107.995,0.444,90.0,16.0
14,86.8,860.0,18.128376,98.13002,10.0,26.5,68.4,0.0,-92.71,-39.504,1012.184,147.0,10.0,25.0,35.0,4.113,108.818,0.448,90.0,16.0
14,86.9,861.0,18.128382,98.130028,11.0,26.5,68.4,0.0,-88.458,-34.491,1003.448,148.0,11.0,26.0,36.0,4.113,109.669,0.451,90.0,16.0
14,87.0,862.0,18.128387,98.130035,12.0,26.5,68.3,0.0,-83.305,-29.306,994.399,149.0,12.0,27.0,37.0,4.113,110.547,0.455,90.0,16.0
14,87.1,863.0,18.128393,98.130043,13.0,26.5,68.3,0.0,-77.302,-23.974,985.859,150.0,13.0,28.0,38.0,4.113,111.449,0.458,90.0,16.0
14,87.2,864.0,18.128399,98.130051,14.0,26.51,68.2,0.0,-70.512,-18.523,978.609,151.0,14.0,29.0,39.0,4.113,112.372,0.462,90.0,16.0
14,87.3,865.0,18.128405,98.130058,10.0,26.51,68.2,0.0,-63.003,-12.979,973.307,152.0,15.0,30.0,40.0,4.113,113.315,0.466,90.0,16.0
14,87.4,866.0,18.12841,98.130066,11.0,26.51,68.2,0.0,-54.852,-7.37,970.437,153.0,16.0,31.0,41.0,4.113,114.275,0.47,90.0,16.0
14,87.5,867.0,18.128416,98.130074,12.0,26.51,68.1,0.0,-46.142,-1.724,970.261,154.0,17.0,32.0,42.0,4.113,115.25,0.474,90.0,16.0
14,87.6,868.0,18.128422,98.130081,13.0,26.51,68.1,0.0,-36.962,3.93,972.794,155.0,18.0,33.0,43.0,4.112,116.237,0.478,90.0,16.0
14,87.7,869.0,18.128428,98.130089,14.0,26.52,68.1,0.0,-27.405,9.564,977.805,156.0,19.0,34.0,44.0,4.112,117.233,0.482,90.0,16.0
14,87.8,870.0,18.128433,98.130096,10.0,26.52,68.0,0.0,-17.568,15.151,984.84,157.0,10.0,20.0,45.0,4.112,118.236,0.486,90.0,16.0
14,87.9,871.0,18.128439,98.130104,11.0,26.52,68.0,0.0,-7.552,20.663,993.254,158.0,11.0,21.0,46.0,4.112,119.244,0.49,90.0,16.0
14,88.0,872.0,18.128445,98.130112,12.0,26.53,67.9,0.0,2.54,26.07,1002.284,159.0,12.0,22.0,47.0,4.112,120.254,0.494,90.0,16.0
14,88.1,873.0,18.12845,98.130119,13.0,26.53,67.9,0.0,12.607,31.348,1011.106,160.0,13.0,23.0,48.0,4.112,121.263,0.499,90.0,16.0
14,88.2,874.0,18.128456,98.130127,14.0,26.53,67.8,0.0,22.545,36.469,1018.915,161.0,14.0,24.0,49.0,4.112,122.269,0.503,90.0,16.0
14,88.3,875.0,18.128462,98.130135,10.0,26.54,67.8,0.0,32.253,41.408,1025.002,162.0,15.0,25.0,50.0,4.112,123.269,0.507,90.0,16.0
14,88.4,876.0,18.128468,98.130142,11.0,26.54,67.8,0.0,41.633,46.14,1028.81,163.0,16.0,26.0,51.0,4.112,124.261,0.511,90.0,16.0
14,88.5,877.0,18.128473,98.13015,12.0,26.54,67.7,0.0,50.589,50.641,1029.994,164.0,17.0,27.0,52.0,4.112,125.242,0.515,90.0,16.0
14,88.6,878.0,18.128479,98.130157,13.0,26.55,67.7,0.0,59.028,54.89,1028.445,165.0,18.0,28.0,53.0,4.111,126.21,0.519,90.0,16.0
14,88.7,879.0,18.128485,98.130165,14.0,26.55,67.6,0.0,66.866,58.864,1024.304,166.0,19.0,29.0,54.0,4.111,127.161,0.523,90.0,16.0
14,88.8,880.0,18.12849,98.130173,10.0,26.56,67.6,0.0,74.022,62.544,1017.949,167.0,10.0,30.0,35.0,4.111,128.095,0.527,90.0,16.0
14,88.9,881.0,18.128496,98.13018,11.0,26.56,67.5,0.0,80.425,65.911,1009.958,168.0,11.0,31.0,36.0,4.111,129.008,0.53,90.0,16.0
14,89.0,882.0,18.128502,98.130188,12.0,26.57,67.5,0.0,86.007,68.95,1001.061,170.0,12.0,32.0,37.0,4.111,129.898,0.534,90.0,16.0
14,89.1,883.0,18.128508,98.130196,13.0,26.57,67.5,0.0,90.713,71.643,992.067,171.0,13.0,33.0,38.0,4.111,130.762,0.538,90.0,16.0
14,89.2,884.0,18.128513,98.130203,14.0,26.58,67.4,0.0,94.494,73.979,983.795,172.0,14.0,34.0,39.0,4.111,131.6,0.541,90.0,16.0
14,89.3,885.0,18.128519,98.130211,10.0,26.58,67.4,0.0,97.312,75.945,977.0,173.0,15.0,20.0,40.0,4.111,132.407,0.544,90.0,16.0
14,89.4,886.0,18.128525,98.130219,11.0,26.59,67.3,0.0,99.138,77.532,972.3,174.0,16.0,21.0,41.0,4.111,133.183,0.547,90.0,16.0
14,89.5,887.0,18.128531,98.130226,12.0,26.59,67.3,0.0,99.954,78.731,970.125,175.0,17.0,22.0,42.0,4.11,133.926,0.551,90.0,16.0
14,89.6,888.0,18.128536,98.130234,13.0,26.6,67.2,0.0,99.751,79.537,970.671,176.0,18.0,23.0,43.0,4.11,134.633,0.553,90.0,16.0
14,89.7,889.0,18.128542,98.130241,14.0,26.61,67.2,0.0,98.531,79.945,973.889,177.0,19.0,24.0,44.0,4.11,135.302,0.556,90.0,16.0
14,89.8,890.0,18.128548,98.130249,10.0,26.61,67.1,0.0,96.307,79.954,979.486,178.0,10.0,25.0,45.0,4.11,135.933,0.559,90.0,16.0
14,89.9,891.0,18.128553,98.130257,11.0,26.62,67.1,0.0,93.102,79.564,986.952,179.0,11.0,26.0,46.0,4.11,136.523,0.561,90.0,16.0
14,90.0,892.0,18.128559,98.130264,12.0,26.63,67.1,0.0,88.947,78.776,995.607,180.0,12.0,27.0,47.0,4.11,137.07,0.563,89.0,16.0
14,90.1,893.0,18.128565,98.130272,13.0,26.63,67.0,0.0,83.886,77.595,1004.662,181.0,13.0,28.0,48.0,4.11,137.575,0.565,89.0,16.0
14,90.2,894.0,18.128571,98.13028,14.0,26.64,67.0,0.0,77.97,76.025,1013.292,182.0,14.0,29.0,49.0,4.11,138.034,0.567,89.0,16.0
14,90.3,895.0,18.128576,98.130287,10.0,26.65,66.9,0.0,71.259,74.076,1020.712,183.0,15.0,30.0,50.0,4.11,138.448,0.569,89.0,16.0
14,90.4,896.0,18.128582,98.130295,11.0,26.65,66.9,0.0,63.822,71.757,1026.244,184.0,16.0,31.0,51.0,4.11,138.814,0.57,89.0,16.0
14,90.5,897.0,18.128588,98.130302,12.0,26.66,66.8,0.0,55.735,69.079,1029.385,185.0,17.0,32.0,52.0,4.109,139.133,0.572,89.0,16.0
14,90.6,898.0,18.128593,98.13031,13.0,26.67,66.8,0.0,47.079,66.056,1029.849,186.0,18.0,33.0,53.0,4.109,139.402,0.573,89.0,16.0
14,90.7,899.0,18.128599,98.130318,14.0,26.68,66.7,0.0,37.943,62.703,1027.594,187.0,19.0,34.0,54.0,4.109,139.623,0.574,89.0,16.0
14,90.8,900.0,18.128605,98.130325,10.0,26.68,66.7,0.0,28.421,59.037,1022.824,188.0,10.0,20.0,35.0,4.109,139.793,0.574,89.0,16.0
14,90.9,901.0,18.128611,98.130333,11.0,26.69,66.6,0.0,18.61,55.076,1015.976,189.0,11.0,21.0,36.0,4.109,139.912,0.575,89.0,16.0
14,91.0,902.0,18.128616,98.130341,12.0,26.7,66.6,0.0,8.608,50.84,1007.671,190.0,12.0,22.0,37.0,4.109,139.981,0.575,89.0,16.0
14,91.1,903.0,18.128622,98.130348,13.0,26.71,66.5,0.0,-1.481,46.349,998.667,191.0,13.0,23.0,38.0,4.109,139.999,0.575,89.0,16.0
14,91.2,904.0,18.128628,98.130356,14.0,26.72,66.5,0.0,-11.555,41.627,989.785,192.0,14.0,24.0,39.0,4.109,139.966,0.575,89.0,16.0
14,91.3,905.0,18.128633,98.130363,10.0,26.72,66.4,0.0,-21.512,36.697,981.834,193.0,15.0,25.0,40.0,4.109,139.883,0.575,89.0,16.0
14,91.4,906.0,18.128639,98.130371,11.0,26.73,66.4,0.0,-31.249,31.584,975.538,194.0,16.0,26.0,41.0,4.109,139.748,0.574,89.0,16.0
14,91.5,907.0,18.128645,98.130379,12.0,26.74,66.3,0.0,-40.668,26.313,971.47,195.0,17.0,27.0,42.0,4.108,139.563,0.573,89.0,16.0
14,91.6,908.0,18.128651,98.130386,13.0,26.75,66.3,0.0,-49.672,20.91,970.002,196.0,18.0,28.0,43.0,4.108,139.328,0.572,89.0,16.0
14,91.7,909.0,18.128656,98.130394,14.0,26.76,66.2,0.0,-58.169,15.403,971.267,197.0,19.0,29.0,44.0,4.108,139.044,0.571,89.0,16.0
14,91.8,910.0,18.128662,98.130402,10.0,26.77,66.2,0.0,-66.075,9.819,975.15,198.0,10.0,30.0,45.0,4.108,138.712,0.57,89.0,16.0
14,91.9,911.0,18.128668,98.130409,11.0,26.78,66.1,0.0,-73.306,4.186,981.296,199.0,11.0,31.0,46.0,4.108,138.331,0.568,89.0,16.0
14,92.0,912.0,18.128674,98.130417,12.0,26.79,66.1,0.0,-79.791,-1.468,989.147,200.0,12.0,32.0,47.0,4.108,137.904,0.567,89.0,16.0
14,92.1,913.0,18.128679,98.130424,13.0,26.79,66.1,0.0,-85.462,-7.114,997.987,201.0,13.0,33.0,48.0,4.108,137.431,0.565,89.0,16.0
14,92.2,914.0,18.128685,98.130432,14.0,26.8,66.0,0.0,-90.262,-12.726,1007.01,202.0,14.0,34.0,49.0,4.108,136.914,0.562,89.0,16.0
14,92.3,915.0,18.128691,98.13044,10.0,26.81,66.0,0.0,-94.142,-18.273,1015.394,203.0,15.0,20.0,50.0,4.108,136.354,0.56,89.0,16.0
14,92.4,916.0,18.128696,98.130447,11.0,26.82,65.9,0.0,-97.062,-23.729,1022.376,204.0,16.0,21.0,51.0,4.108,135.752,0.558,89.0,16.0
14,92.5,917.0,18.128702,98.130455,12.0,26.83,65.9,0.0,-98.994,-29.067,1027.32,205.0,17.0,22.0,52.0,4.107,135.11,0.555,89.0,16.0
14,92.6,918.0,18.128708,98.130463,13.0,26.84,65.8,0.0,-99.916,-34.26,1029.774,206.0,18.0,23.0,53.0,4.107,134.429,0.552,89.0,16.0
14,92.7,919.0,18.128714,98.13047,14.0,26.85,65.8,0.0,-99.82,-39.281,1029.515,207.0,19.0,24.0,54.0,4.107,133.711,0.549,89.0,16.0
14,92.8,920.0,18.128719,98.130478,10.0,26.86,65.7,0.0,-98.707,-44.106,1026.568,208.0,10.0,25.0,35.0,4.107,132.959,0.546,89.0,16.0
14,92.9,921.0,18.128725,98.130486,11.0,26.87,65.7,0.0,-96.587,-48.711,1021.199,209.0,11.0,26.0,36.0,4.107,132.173,0.543,89.0,16.0
14,93.0,922.0,18.128731,98.130493,12.0,26.88,65.6,0.0,-93.483,-53.072,1013.9,210.0,12.0,27.0,37.0,4.107,131.357,0.539,89.0,16.0
14,93.1,923.0,18.128736,98.130501,13.0,26.89,65.6,0.0,-89.426,-57.168,1005.334,211.0,13.0,28.0,38.0,4.107,130.511,0.536,89.0,16.0
14,93.2,924.0,18.128742,98.130508,14.0,26.9,65.5,0.0,-84.458,-60.978,996.282,212.0,14.0,29.0,39.0,4.107,129.639,0.532,89.0,16.0
14,93.3,925.0,18.128748,98.130516,10.0,26.91,65.5,0.0,-78.629,-64.484,987.569,213.0,15.0,30.0,40.0,4.107,128.742,0.529,89.0,16.0
14,93.4,926.0,18.128754,98.130524,11.0,26.92,65.4,0.0,-71.998,-67.668,979.988,214.0,16.0,31.0,41.0,4.107,127.823,0.525,89.0,16.0
14,93.5,927.0,18.128759,98.130531,12.0,26.93,65.4,0.0,-64.634,-70.513,974.231,215.0,17.0,32.0,42.0,4.106,126.884,0.521,89.0,16.0
14,93.6,928.0,18.128765,98.130539,13.0,26.94,65.3,0.0,-56.611,-73.007,970.821,216.0,18.0,33.0,43.0,4.106,125.927,0.517,89.0,16.0
14,93.7,929.0,18.128771,98.130547,14.0,26.95,65.3,0.0,-48.011,-75.135,970.07,217.0,19.0,34.0,44.0,4.106,124.956,0.513,89.0,16.0
14,93.8,930.0,18.128777,98.130554,10.0,26.96,65.2,0.0,-38.922,-76.888,972.046,218.0,10.0,20.0,45.0,4.106,123.971,0.509,89.0,16.0
14,93.9,931.0,18.128782,98.130562,11.0,26.97,65.1,0.0,-29.436,-78.257,976.568,219.0,11.0,21.0,46.0,4.106,122.977,0.505,89.0,16.0
14,94.1,932.0,18.128788,98.130569,12.0,26.98,65.1,0.0,-19.649,-79.235,983.227,220.0,12.0,22.0,47.0,4.106,121.975,0.501,89.0,16.0
14,94.2,933.0,18.128794,98.130577,13.0,26.99,65.0,0.0,-9.663,-79.816,991.412,221.0,13.0,23.0,48.0,4.106,120.967,0.497,89.0,16.0
14,94.3,934.0,18.128799,98.130585,14.0,27.0,65.0,0.0,0.422,-80.0,1000.379,222.0,14.0,24.0,49.0,4.106,119.958,0.493,89.0,16.0
14,94.4,935.0,18.128805,98.130592,10.0,27.01,64.9,0.0,10.502,-79.783,1009.313,223.0,15.0,25.0,50.0,4.106,118.948,0.488,89.0,16.0
14,94.5,936.0,18.128811,98.1306,11.0,27.02,64.9,0.0,20.476,-79.168,1017.398,224.0,16.0,26.0,51.0,4.106,117.941,0.484,89.0,16.0
14,94.6,937.0,18.128817,98.130608,12.0,27.03,64.8,0.0,30.241,-78.157,1023.898,225.0,17.0,27.0,52.0,4.105,116.94,0.48,89.0,16.0
14,94.7,938.0,18.128822,98.130615,13.0,27.04,64.8,0.0,39.697,-76.756,1028.221,226.0,18.0,28.0,53.0,4.105,115.946,0.476,89.0,16.0
14,94.8,939.0,18.128828,98.130623,14.0,27.05,64.7,0.0,48.75,-74.971,1029.972,227.0,19.0,29.0,54.0,4.105,114.963,0.472,89.0,16.0
14,94.9,940.0,18.128834,98.13063,10.0,27.06,64.7,0.0,57.305,-72.812,1028.993,228.0,10.0,30.0,35.0,4.105,113.992,0.468,89.0,16.0
14,95.0,941.0,18.128839,98.130638,11.0,27.07,64.6,0.0,65.276,-70.289,1025.372,229.0,11.0,31.0,36.0,4.105,113.037,0.464,89.0,16.0
14,95.1,942.0,18.128845,98.130646,12.0,27.08,64.6,0.0,72.581,-67.414,1019.44,230.0,12.0,32.0,37.0,4.105,112.099,0.46,89.0,16.0
14,95.2,943.0,18.128851,98.130653,13.0,27.09,64.5,0.0,79.148,-64.203,1011.736,231.0,13.0,33.0,38.0,4.105,111.182,0.456,89.0,16.0
14,95.3,944.0,18.128857,98.130661,14.0,27.1,64.5,0.0,84.907,-60.671,1002.963,232.0,14.0,34.0,39.0,4.105,110.287,0.453,89.0,16.0
14,95.4,945.0,18.128862,98.130669,10.0,27.11,64.4,0.0,89.801,-56.836,993.921,233.0,15.0,20.0,40.0,4.105,109.417,0.449,89.0,16.0
14,95.5,946.0,18.128868,98.130676,11.0,27.12,64.4,0.0,93.779,-52.717,985.432,234.0,16.0,21.0,41.0,4.105,108.574,0.446,89.0,16.0
14,95.6,947.0,18.128874,98.130684,12.0,27.13,64.3,0.0,96.802,-48.335,978.27,235.0,17.0,22.0,42.0,4.104,107.76,0.442,89.0,16.0
14,95.7,948.0,18.12888,98.130692,13.0,27.14,64.3,0.0,98.838,-43.711,973.088,236.0,18.0,23.0,43.0,4.104,106.977,0.439,89.0,16.0
14,95.8,949.0,18.128885,98.130699,14.0,27.15,64.2,0.0,99.867,-38.869,970.358,237.0,19.0,24.0,44.0,4.104,106.227,0.436,89.0,16.0
14,95.9,950.0,18.128891,98.130707,10.0,27.16,64.2,0.0,99.878,-33.832,970.329,238.0,10.0,25.0,45.0,4.104,105.513,0.433,89.0,16.0
14,96.0,951.0,18.128897,98.130714,11.0,27.17,64.1,0.0,98.871,-28.626,973.003,239.0,11.0,26.0,46.0,4.104,104.835,0.43,89.0,16.0
14,96.1,952.0,18.128902,98.130722,12.0,27.18,64.1,0.0,96.856,-23.278,978.137,240.0,12.0,27.0,47.0,4.104,104.196,0.428,89.0,16.0
14,96.2,953.0,18.128908,98.13073,13.0,27.19,64.0,0.0,93.854,-17.813,985.263,241.0,13.0,28.0,48.0,4.104,103.598,0.425,89.0,16.0
14,96.3,954.0,18.128914,98.130737,14.0,27.2,64.0,0.0,89.895,-12.259,993.731,242.0,14.0,29.0,49.0,4.104,103.041,0.423,89.0,16.0
14,96.4,955.0,18.12892,98.130745,10.0,27.21,63.9,0.0,85.02,-6.644,1002.771,243.0,15.0,30.0,50.0,4.104,102.527,0.421,89.0,16.0
14,96.5,956.0,18.128925,98.130753,11.0,27.22,63.9,0.0,79.279,-0.995,1011.557,244.0,16.0,31.0,51.0,4.104,102.058,0.419,89.0,16.0
14,96.6,957.0,18.128931,98.13076,12.0,27.22,63.8,0.0,72.73,4.658,1019.291,245.0,17.0,32.0,52.0,4.103,101.635,0.417,89.0,16.0
14,96.7,958.0,18.128937,98.130768,13.0,27.23,63.8,0.0,65.439,10.288,1025.268,246.0,18.0,33.0,53.0,4.103,101.259,0.415,89.0,16.0
14,96.8,959.0,18.128942,98.130775,14.0,27.24,63.7,0.0,57.481,15.867,1028.942,247.0,19.0,34.0,54.0,4.103,100.93,0.414,89.0,16.0
14,96.9,960.0,18.128948,98.130783,10.0,27.25,63.7,0.0,48.938,21.366,1029.98,248.0,10.0,20.0,35.0,4.103,100.65,0.413,89.0,16.0
14,97.0,961.0,18.128954,98.130791,11.0,27.26,63.7,0.0,39.895,26.759,1028.286,249.0,11.0,21.0,36.0,4.103,100.42,0.412,89.0,16.0
14,97.1,962.0,18.12896,98.130798,12.0,27.27,63.6,0.0,30.446,32.018,1024.015,250.0,12.0,22.0,37.0,4.103,100.239,0.411,89.0,16.0
14,97.2,963.0,18.128965,98.130806,13.0,27.28,63.6,0.0,20.687,37.117,1017.556,251.0,13.0,23.0,38.0,4.103,100.108,0.411,89.0,16.0
14,97.3,964.0,18.128971,98.130814,14.0,27.29,63.5,0.0,10.717,42.03,1009.497,252.0,14.0,24.0,39.0,4.103,100.029,0.41,89.0,16.0
14,97.4,965.0,18.128977,98.130821,10.0,27.29,63.5,0.0,0.637,46.734,1000.573,253.0,15.0,25.0,40.0,4.103,100.0,0.41,89.0,16.0
14,97.5,966.0,18.128983,98.130829,11.0,27.3,63.4,0.0,-9.449,51.204,991.598,254.0,16.0,26.0,41.0,4.103,100.022,0.41,89.0,16.0
14,97.6,967.0,18.128988,98.130836,12.0,27.31,63.4,0.0,-19.438,55.418,983.387,255.0,17.0,27.0,42.0,4.102,100.096,0.411,89.0,16.0
14,97.7,968.0,18.128994,98.130844,13.0,27.32,63.3,0.0,-29.229,59.355,976.69,256.0,18.0,28.0,43.0,4.102,100.22,0.411,89.0,16.0
14,97.8,969.0,18.129,98.130852,14.0,27.33,63.3,0.0,-38.723,62.996,972.117,257.0,19.0,29.0,44.0,4.102,100.394,0.412,89.0,16.0
14,97.9,970.0,18.129005,98.130859,10.0,27.33,63.2,0.0,-47.822,66.322,970.084,258.0,10.0,30.0,45.0,4.102,100.618,0.413,89.0,16.0
14,98.0,971.0,18.129011,98.130867,11.0,27.34,63.2,0.0,-56.433,69.316,970.777,259.0,11.0,31.0,46.0,4.102,100.892,0.414,89.0,16.0
14,98.1,972.0,18.129017,98.130875,12.0,27.35,63.1,0.0,-64.469,71.965,974.132,260.0,12.0,32.0,47.0,4.102,101.215,0.415,89.0,16.0
14,98.2,973.0,18.129023,98.130882,13.0,27.35,63.1,0.0,-71.849,74.253,979.844,261.0,13.0,33.0,48.0,4.102,101.585,0.417,89.0,16.0
14,98.3,974.0,18.129028,98.13089,14.0,27.36,63.0,0.0,-78.496,76.171,987.393,262.0,14.0,34.0,49.0,4.102,102.003,0.418,89.0,16.0
14,98.4,975.0,18.129034,98.130898,10.0,27.37,63.0,0.0,-84.342,77.708,996.089,263.0,15.0,20.0,50.0,4.102,102.466,0.42,89.0,16.0
14,98.5,976.0,18.12904,98.130905,11.0,27.38,62.9,0.0,-89.33,78.857,1005.143,264.0,16.0,21.0,51.0,4.102,102.974,0.422,89.0,16.0
14,98.6,977.0,18.129045,98.130913,12.0,27.38,62.9,0.0,-93.406,79.612,1013.728,265.0,17.0,22.0,52.0,4.101,103.525,0.425,89.0,16.0
14,98.7,978.0,18.129051,98.13092,13.0,27.39,62.8,0.0,-96.531,79.969,1021.062,266.0,18.0,23.0,53.0,4.101,104.119,0.427,89.0,16.0
14,98.8,979.0,18.129057,98.130928,14.0,27.39,62.8,0.0,-98.672,79.927,1026.477,267.0,19.0,24.0,54.0,4.101,104.752,0.43,89.0,16.0
14,98.9,980.0,18.129063,98.130936,10.0,27.4,62.8,0.0,-99.807,79.485,1029.48,268.0,10.0,25.0,35.0,4.101,105.425,0.432,89.0,16.0
14,99.0,981.0,18.129068,98.130943,11.0,27.41,62.7,0.0,-99.925,78.646,1029.797,269.0,11.0,26.0,36.0,4.101,106.135,0.435,89.0,16.0
14,99.1,982.0,18.129074,98.130951,12.0,27.41,62.7,0.0,-99.024,77.414,1027.399,271.0,12.0,27.0,37.0,4.101,106.88,0.438,88.0,16.0
14,99.2,983.0,18.12908,98.130959,13.0,27.42,62.6,0.0,-97.114,75.795,1022.505,272.0,13.0,28.0,38.0,4.101,107.659,0.441,88.0,16.0
14,99.3,984.0,18.129086,98.130966,14.0,27.42,62.6,0.0,-94.214,73.798,1015.56,273.0,14.0,29.0,39.0,4.101,108.469,0.445,88.0,16.0
14,99.4,985.0,18.129091,98.130974,10.0,27.43,62.5,0.0,-90.354,71.432,1007.199,274.0,15.0,30.0,40.0,4.101,109.309,0.448,88.0,16.0
14,99.5,986.0,18.129097,98.130981,11.0,27.43,62.5,0.0,-85.573,68.709,998.18,275.0,16.0,31.0,41.0,4.1,110.176,0.452,88.0,16.0
14,99.6,987.0,18.129103,98.130989,12.0,27.44,62.4,0.0,-79.92,65.642,989.328,276.0,17.0,32.0,42.0,4.1,111.068,0.455,88.0,16.0
14,99.7,988.0,18.129108,98.130997,13.0,27.44,62.4,0.0,-73.452,62.248,981.448,277.0,18.0,33.0,43.0,4.1,111.982,0.459,88.0,16.0
14,99.8,989.0,18.129114,98.131004,14.0,27.45,62.4,0.0,-66.236,58.543,975.259,278.0,19.0,34.0,44.0,4.1,112.917,0.463,88.0,16.0
14,99.9,990.0,18.12912,98.131012,10.0,27.45,62.3,0.0,-58.345,54.545,971.323,279.0,10.0,20.0,45.0,4.1,113.871,0.467,88.0,16.0
14,100.0,991.0,18.129126,98.13102,11.0,27.46,62.3,0.0,-49.858,50.274,970.0,280.0,11.0,21.0,46.0,4.1,114.839,0.471,88.0,16.0
14,100.1,992.0,18.129131,98.131027,12.0,27.46,62.2,0.0,-40.864,45.753,971.411,281.0,12.0,22.0,47.0,4.1,115.821,0.475,88.0,16.0
14,100.2,993.0,18.129137,98.131035,13.0,27.46,62.2,0.0,-31.453,41.003,975.426,282.0,13.0,23.0,48.0,4.1,116.814,0.479,88.0,16.0
14,100.3,994.0,18.129143,98.131042,14.0,27.47,62.2,0.0,-21.722,36.048,981.68,283.0,14.0,24.0,49.0,4.1,117.815,0.483,88.0,16.0
14,100.4,995.0,18.129148,98.13105,10.0,27.47,62.1,0.0,-11.769,30.913,989.604,284.0,15.0,25.0,50.0,4.1,118.821,0.487,88.0,16.0
14,100.5,996.0,18.129154,98.131058,11.0,27.48,62.1,0.0,-1.696,25.623,998.474,285.0,16.0,26.0,51.0,4.099,119.83,0.491,88.0,16.0
14,100.6,997.0,18.12916,98.131065,12.0,27.48,62.0,0.0,8.393,20.206,1007.483,286.0,17.0,27.0,52.0,4.099,120.84,0.495,88.0,16.0
14,100.7,998.0,18.129166,98.131073,13.0,27.48,62.0,0.0,18.398,14.687,1015.811,287.0,18.0,28.0,53.0,4.099,121.848,0.499,88.0,16.0
14,100.8,999.0,18.129171,98.131081,14.0,27.48,61.9,0.0,28.215,9.095,1022.698,288.0,19.0,29.0,54.0,4.099,122.851,0.504,88.0,16.0
14,100.9,1000.0,18.129177,98.131088,10.0,27.49,61.9,0.0,37.744,3.458,1027.517,289.0,10.0,30.0,35.0,4.099,123.846,0.508,88.0,16.0
14,101.0,1001.0,18.129183,98.131096,11.0,27.49,61.9,0.0,46.889,-2.197,1029.829,290.0,11.0,31.0,36.0,4.099,124.832,0.512,88.0,16.0
14,101.1,1002.0,18.129189,98.131104,12.0,27.49,61.8,0.0,55.556,-7.841,1029.424,291.0,12.0,32.0,37.0,4.099,125.806,0.516,88.0,16.0
14,101.2,1003.0,18.129194,98.131111,13.0,27.49,61.8,0.0,63.656,-13.445,1026.338,292.0,13.0,33.0,38.0,4.099,126.764,0.52,88.0,16.0
14,101.3,1004.0,18.1292,98.131119,14.0,27.49,61.8,0.0,71.108,-18.982,1020.851,293.0,14.0,34.0,39.0,4.099,127.706,0.523,88.0,16.0
14,101.4,1005.0,18.129206,98.131126,10.0,27.5,61.7,0.0,77.835,-24.425,1013.466,294.0,15.0,20.0,40.0,4.099,128.627,0.527,88.0,16.0
14,101.5,1006.0,18.129211,98.131134,11.0,27.5,61.7,0.0,83.769,-29.745,1004.853,295.0,16.0,21.0,41.0,4.098,129.527,0.531,88.0,16.0
14,101.6,1007.0,18.129217,98.131142,12.0,27.5,61.6,0.0,88.849,-34.917,995.798,296.0,17.0,22.0,42.0,4.098,130.403,0.534,88.0,16.0
14,101.7,1008.0,18.129223,98.131149,13.0,27.5,61.6,0.0,93.023,-39.914,987.127,297.0,18.0,23.0,43.0,4.098,131.252,0.538,88.0,16.0
14,101.8,1009.0,18.129229,98.131157,14.0,27.5,61.6,0.0,96.249,-44.713,979.627,298.0,19.0,24.0,44.0,4.098,132.072,0.541,88.0,16.0
14,101.9,1010.0,18.129234,98.131165,10.0,27.5,61.5,0.0,98.494,-49.287,973.985,299.0,10.0,25.0,45.0,4.098,132.862,0.544,88.0,16.0
14,102.0,1011.0,18.12924,98.131172,11.0,27.5,61.5,0.0,99.735,-53.615,970.712,300.0,11.0,26.0,46.0,4.098,133.618,0.548,88.0,16.0
14,102.1,1012.0,18.129246,98.13118,12.0,27.5,61.5,0.0,99.96,-57.676,970.108,301.0,12.0,27.0,47.0,4.098,134.34,0.551,88.0,16.0
14,102.2,1013.0,18.129251,98.131187,13.0,27.5,61.4,0.0,99.166,-61.448,972.227,302.0,13.0,28.0,48.0,4.098,135.026,0.553,88.0,16.0
14,102.3,1014.0,18.129257,98.131195,14.0,27.5,61.4,0.0,97.361,-64.913,976.876,303.0,14.0,29.0,49.0,4.098,135.673,0.556,88.0,16.0
14,102.4,1015.0,18.129263,98.131203,10.0,27.5,61.3,0.0,94.564,-68.054,983.633,304.0,15.0,30.0,50.0,4.098,136.28,0.558,88.0,16.0
14,102.5,1016.0,18.129269,98.13121,11.0,27.5,61.3,0.0,90.803,-70.855,991.88,305.0,16.0,31.0,51.0,4.097,136.846,0.561,88.0,16.0
14,102.6,1017.0,18.129274,98.131218,12.0,27.5,61.3,0.0,86.116,-73.302,1000.867,306.0,17.0,32.0,52.0,4.097,137.369,0.563,88.0,16.0
14,102.7,1018.0,18.12928,98.131226,13.0,27.5,61.2,0.0,80.552,-75.382,1009.776,307.0,18.0,33.0,53.0,4.097,137.847,0.565,88.0,16.0
14,102.8,1019.0,18.129286,98.131233,14.0,27.49,61.2,0.0,74.167,-77.086,1017.793,308.0,19.0,34.0,54.0,4.097,138.28,0.567,88.0,16.0
14,102.9,1020.0,18.129292,98.131241,10.0,27.49,61.2,0.0,67.026,-78.405,1024.19,309.0,10.0,20.0,35.0,4.097,138.666,0.568,88.0,16.0
14,103.0,1021.0,18.129297,98.131248,11.0,27.49,61.1,0.0,59.201,-79.332,1028.383,310.0,11.0,21.0,36.0,4.097,139.005,0.569,88.0,16.0
14,103.1,1022.0,18.129303,98.131256,12.0,27.49,61.1,0.0,50.774,-79.863,1029.989,311.0,12.0,22.0,37.0,4.097,139.295,0.571,88.0,16.0
14,103.2,1023.0,18.129309,98.131264,13.0,27.49,61.1,0.0,41.829,-79.994,1028.864,312.0,13.0,23.0,38.0,4.097,139.536,0.572,88.0,16.0
14,103.3,1024.0,18.129314,98.131271,14.0,27.48,61.1,0.0,32.457,-79.726,1025.108,313.0,14.0,24.0,39.0,4.097,139.727,0.572,88.0,16.0
14,103.4,1025.0,18.12932,98.131279,10.0,27.48,61.0,0.0,22.755,-79.06,1019.065,314.0,15.0,25.0,40.0,4.097,139.868,0.573,88.0,16.0
14,103.5,1026.0,18.129326,98.131287,11.0,27.48,61.0,0.0,12.821,-77.998,1011.286,315.0,16.0,26.0,41.0,4.096,139.959,0.573,88.0,16.0
14,103.6,1027.0,18.129332,98.131294,12.0,27.48,61.0,0.0,2.756,-76.547,1002.477,316.0,17.0,27.0,42.0,4.096,139.998,0.573,88.0,16.0
14,103.7,1028.0,18.129337,98.131302,13.0,27.47,60.9,0.0,-7.338,-74.714,993.443,317.0,18.0,28.0,43.0,4.096,139.987,0.573,88.0,16.0
14,103.8,1029.0,18.129343,98.13131,14.0,27.47,60.9,0.0,-17.356,-72.507,985.007,318.0,19.0,29.0,44.0,4.096,139.924,0.573,88.0,16.0
14,103.9,1030.0,18.129349,98.131317,10.0,27.47,60.9,0.0,-27.197,-69.938,977.937,319.0,10.0,30.0,45.0,4.096,139.811,0.573,88.0,16.0
14,104.0,1031.0,18.129354,98.131325,11.0,27.46,60.8,0.0,-36.762,-67.019,972.876,320.0,11.0,31.0,46.0,4.096,139.647,0.572,88.0,16.0
14,104.2,1032.0,18.12936,98.131332,12.0,27.46,60.8,0.0,-45.951,-63.766,970.287,321.0,12.0,32.0,47.0,4.096,139.433,0.571,88.0,16.0
14,104.3,1033.0,18.129366,98.13134,13.0,27.45,60.8,0.0,-54.672,-60.194,970.405,322.0,13.0,33.0,48.0,4.096,139.169,0.57,88.0,16.0
14,104.4,1034.0,18.129372,98.131348,14.0,27.45,60.8,0.0,-62.836,-56.321,973.219,323.0,14.0,34.0,49.0,4.096,138.857,0.569,88.0,16.0
14,104.5,1035.0,18.129377,98.131355,10.0,27.45,60.7,0.0,-70.36,-52.166,978.474,324.0,15.0,20.0,50.0,4.096,138.496,0.567,88.0,16.0
14,104.6,1036.0,18.129383,98.131363,11.0,27.44,60.7,0.0,-77.166,-47.752,985.689,325.0,16.0,21.0,51.0,4.095,138.089,0.566,88.0,16.0
14,104.7,1037.0,18.129389,98.131371,12.0,27.44,60.7,0.0,-83.185,-43.098,994.208,326.0,17.0,22.0,52.0,4.095,137.635,0.564,88.0,16.0
14,104.8,1038.0,18.129395,98.131378,13.0,27.43,60.7,0.0,-88.357,-38.23,1003.256,327.0,18.0,23.0,53.0,4.095,137.136,0.562,88.0,16.0
14,104.9,1039.0,18.1294,98.131386,14.0,27.43,60.6,0.0,-92.629,-33.17,1012.006,328.0,19.0,24.0,54.0,4.095,136.594,0.559,88.0,16.0
14,105.0,1040.0,18.129406,98.131393,10.0,27.42,60.6,0.0,-95.956,-27.944,1019.662,329.0,10.0,25.0,35.0,4.095,136.009,0.557,88.0,16.0
14,105.1,1041.0,18.129412,98.131401,11.0,27.42,60.6,0.0,-98.305,-22.579,1025.528,330.0,11.0,26.0,36.0,4.095,135.384,0.554,88.0,16.0
14,105.2,1042.0,18.129417,98.131409,12.0,27.41,60.6,0.0,-99.653,-17.101,1029.067,331.0,12.0,27.0,37.0,4.095,134.719,0.552,88.0,16.0
14,105.3,1043.0,18.129423,98.131416,13.0,27.4,60.5,0.0,-99.984,-11.538,1029.958,332.0,13.0,28.0,38.0,4.095,134.017,0.549,88.0,16.0
14,105.4,1044.0,18.129429,98.131424,14.0,27.4,60.5,0.0,-99.297,-5.917,1028.12,333.0,14.0,29.0,39.0,4.095,133.279,0.546,88.0,16.0
14,105.5,1045.0,18.129435,98.131432,10.0,27.39,60.5,0.0,-97.598,-0.266,1023.72,334.0,15.0,30.0,40.0,4.095,132.507,0.543,88.0,16.0
14,105.6,1046.0,18.12944,98.131439,11.0,27.38,60.5,0.0,-94.903,5.386,1017.158,335.0,16.0,31.0,41.0,4.094,131.703,0.539,88.0,16.0
14,105.7,1047.0,18.129446,98.131447,12.0,27.38,60.5,0.0,-91.242,11.011,1009.034,336.0,17.0,32.0,42.0,4.094,130.87,0.536,88.0,16.0
14,105.8,1048.0,18.129452,98.131454,13.0,27.37,60.4,0.0,-86.65,16.581,1000.086,337.0,18.0,33.0,43.0,4.094,130.008,0.532,88.0,16.0
14,105.9,1049.0,18.129457,98.131462,14.0,27.36,60.4,0.0,-81.176,22.068,991.131,338.0,19.0,34.0,44.0,4.094,129.121,0.529,88.0,16.0
14,106.0,1050.0,18.129463,98.13147,10.0,27.36,60.4,0.0,-74.873,27.445,982.983,339.0,10.0,20.0,45.0,4.094,128.211,0.525,88.0,16.0
14,106.1,1051.0,18.129469,98.131477,11.0,27.35,60.4,0.0,-67.808,32.685,976.386,340.0,11.0,21.0,46.0,4.094,127.28,0.521,88.0,16.0
14,106.2,1052.0,18.129475,98.131485,12.0,27.34,60.4,0.0,-60.052,37.761,971.94,341.0,12.0,22.0,47.0,4.094,126.331,0.517,88.0,16.0
14,106.3,1053.0,18.12948,98.131493,13.0,27.34,60.3,0.0,-51.683,42.649,970.052,342.0,13.0,23.0,48.0,4.094,125.365,0.513,88.0,16.0
14,106.4,1054.0,18.129486,98.1315,14.0,27.33,60.3,0.0,-42.788,47.324,970.891,343.0,14.0,24.0,49.0,4.094,124.386,0.509,88.0,16.0
14,106.5,1055.0,18.129492,98.131508,10.0,27.32,60.3,0.0,-33.457,51.762,974.383,344.0,15.0,25.0,50.0,4.094,123.395,0.505,88.0,16.0
14,106.6,1056.0,18.129498,98.131516,11.0,27.31,60.3,0.0,-23.785,55.941,980.208,345.0,16.0,26.0,51.0,4.093,122.396,0.501,88.0,16.0
14,106.7,1057.0,18.129503,98.131523,12.0,27.31,60.3,0.0,-13.87,59.842,987.838,346.0,17.0,27.0,52.0,4.093,121.39,0.497,88.0,16.0
14,106.8,1058.0,18.129509,98.131531,13.0,27.3,60.3,0.0,-3.814,63.443,996.574,347.0,18.0,28.0,53.0,4.093,120.381,0.493,88.0,16.0
14,106.9,1059.0,18.129515,98.131538,14.0,27.29,60.2,0.0,6.281,66.727,1005.622,348.0,19.0,29.0,54.0,4.093,119.372,0.489,88.0,16.0
14,107.0,1060.0,18.12952,98.131546,10.0,27.28,60.2,0.0,16.311,69.677,1014.16,349.0,10.0,30.0,35.0,4.093,118.363,0.484,88.0,16.0
14,107.1,1061.0,18.129526,98.131554,11.0,27.27,60.2,0.0,26.177,72.28,1021.406,350.0,11.0,31.0,36.0,4.093,117.359,0.48,88.0,16.0
14,107.2,1062.0,18.129532,98.131561,12.0,27.26,60.2,0.0,35.774,74.522,1026.703,351.0,12.0,32.0,37.0,4.093,116.362,0.476,88.0,16.0
14,107.3,1063.0,18.129538,98.131569,13.0,27.25,60.2,0.0,45.007,76.391,1029.566,352.0,13.0,33.0,38.0,4.093,115.374,0.472,88.0,16.0
14,107.4,1064.0,18.129543,98.131577,14.0,27.25,60.2,0.0,53.782,77.878,1029.736,353.0,14.0,34.0,39.0,4.093,114.397,0.468,88.0,16.0
14,107.5,1065.0,18.129549,98.131584,10.0,27.24,60.2,0.0,62.009,78.977,1027.197,354.0,15.0,20.0,40.0,4.093,113.435,0.464,88.0,16.0
14,107.6,1066.0,18.129555,98.131592,11.0,27.23,60.1,0.0,69.603,79.68,1022.179,355.0,16.0,21.0,41.0,4.092,112.49,0.46,88.0,16.0
14,107.7,1067.0,18.12956,98.131599,12.0,27.22,60.1,0.0,76.488,79.986,1015.141,356.0,17.0,22.0,42.0,4.092,111.564,0.457,88.0,16.0
14,107.8,1068.0,18.129566,98.131607,13.0,27.21,60.1,0.0,82.593,79.892,1006.724,357.0,18.0,23.0,43.0,4.092,110.659,0.453,88.0,16.0
14,107.9,1069.0,18.129572,98.131615,14.0,27.2,60.1,0.0,87.857,79.399,997.693,358.0,19.0,24.0,44.0,4.092,109.779,0.449,88.0,16.0
14,108.0,1070.0,18.129578,98.131622,10.0,27.19,60.1,0.0,92.225,78.509,988.874,359.0,10.0,25.0,45.0,4.092,108.924,0.446,88.0,16.0
14,108.1,1071.0,18.129583,98.13163,11.0,27.18,60.1,0.0,95.653,77.227,981.067,0.0,11.0,26.0,46.0,4.092,108.097,0.442,87.0,16.0
14,108.2,1072.0,18.129589,98.131638,12.0,27.17,60.1,0.0,98.106,75.559,974.986,1.0,12.0,27.0,47.0,4.092,107.301,0.439,87.0,16.0
14,108.3,1073.0,18.129595,98.131645,13.0,27.16,60.1,0.0,99.559,73.513,971.184,2.0,13.0,28.0,48.0,4.092,106.538,0.436,87.0,16.0
14,108.4,1074.0,18.129601,98.131653,14.0,27.15,60.1,0.0,99.998,71.1,970.007,3.0,14.0,29.0,49.0,4.092,105.808,0.433,87.0,16.0
14,108.5,1075.0,18.129606,98.13166,10.0,27.14,60.1,0.0,99.417,68.332,971.562,4.0,15.0,30.0,50.0,4.092,105.115,0.43,87.0,16.0
14,108.6,1076.0,18.129612,98.131668,11.0,27.13,60.0,0.0,97.823,65.223,975.709,5.0,16.0,31.0,51.0,4.091,104.46,0.427,87.0,16.0
14,108.7,1077.0,18.129618,98.131676,12.0,27.12,60.0,0.0,95.232,61.787,982.069,6.0,17.0,32.0,52.0,4.091,103.844,0.425,87.0,16.0
14,108.8,1078.0,18.129623,98.131683,13.0,27.11,60.0,0.0,91.67,58.043,990.062,7.0,18.0,33.0,53.0,4.091,103.269,0.422,87.0,16.0
14,108.9,1079.0,18.129629,98.131691,14.0,27.11,60.0,0.0,87.174,54.009,998.961,8.0,19.0,34.0,54.0,4.091,102.737,0.42,87.0,16.0
14,109.0,1080.0,18.129635,98.131699,10.0,27.1,60.0,0.0,81.789,49.705,1007.955,9.0,10.0,20.0,35.0,4.091,102.25,0.418,87.0,16.0
14,109.1,1081.0,18.129641,98.131706,11.0,27.09,60.0,0.0,75.571,45.153,1016.223,10.0,11.0,21.0,36.0,4.091,101.807,0.416,87.0,16.0
14,109.2,1082.0,18.129646,98.131714,12.0,27.08,60.0,0.0,68.583,40.375,1023.014,12.0,12.0,22.0,37.0,4.091,101.411,0.415,87.0,16.0
14,109.3,1083.0,18.129652,98.131721,13.0,27.07,60.0,0.0,60.895,35.395,1027.708,13.0,13.0,23.0,38.0,4.091,101.062,0.413,87.0,16.0
14,109.4,1084.0,18.129658,98.131729,14.0,27.06,60.0,0.0,52.587,30.239,1029.877,14.0,14.0,24.0,39.0,4.091,100.762,0.412,87.0,16.0
14,109.5,1085.0,18.129663,98.131737,10.0,27.05,60.0,0.0,43.744,24.931,1029.325,15.0,15.0,25.0,40.0,4.09,100.51,0.411,87.0,16.0
14,109.6,1086.0,18.129669,98.131744,11.0,27.04,60.0,0.0,34.454,19.499,1026.101,16.0,16.0,26.0,41.0,4.09,100.309,0.41,87.0,16.0
14,109.7,1087.0,18.129675,98.131752,12.0,27.03,60.0,0.0,24.812,13.97,1020.498,17.0,17.0,27.0,42.0,4.09,100.157,0.41,87.0,16.0
14,109.8,1088.0,18.129681,98.13176,13.0,27.01,60.0,0.0,14.918,8.37,1013.028,18.0,18.0,28.0,43.0,4.09,100.056,0.409,87.0,16.0
14,109.9,1089.0,18.129686,98.131767,14.0,27.0,60.0,0.0,4.873,2.729,1004.371,19.0,19.0,29.0,44.0,4.09,100.006,0.409,87.0,16.0
14,110.0,1090.0,18.129692,98.131775,10.0,26.99,60.0,0.0,-5.224,-2.926,995.316,20.0,10.0,30.0,45.0,4.09,100.007,0.409,87.0,16.0
14,110.1,1091.0,18.129698,98.131783,11.0,26.98,60.0,0.0,-15.266,-8.566,986.688,21.0,11.0,31.0,46.0,4.09,100.059,0.409,87.0,16.0
14,110.2,1092.0,18.129704,98.13179,12.0,26.97,60.0,0.0,-25.153,-14.163,979.272,22.0,12.0,32.0,47.0,4.09,100.161,0.41,87.0,16.0
14,110.3,1093.0,18.129709,98.131798,13.0,26.96,60.0,0.0,-34.783,-19.69,973.745,23.0,13.0,33.0,48.0,4.09,100.315,0.41,87.0,16.0
14,110.4,1094.0,18.129715,98.131805,14.0,26.95,60.0,0.0,-44.059,-25.118,970.61,24.0,14.0,34.0,49.0,4.09,100.518,0.411,87.0,16.0
14,110.5,1095.0,18.129721,98.131813,10.0,26.94,60.0,0.0,-52.886,-30.421,970.153,25.0,15.0,20.0,50.0,4.089,100.771,0.412,87.0,16.0
14,110.6,1096.0,18.129726,98.131821,11.0,26.93,60.0,0.0,-61.174,-35.572,972.415,26.0,16.0,21.0,51.0,4.089,101.074,0.413,87.0,16.0
14,110.7,1097.0,18.129732,98.131828,12.0,26.92,60.0,0.0,-68.838,-40.545,977.19,27.0,17.0,22.0,52.0,4.089,101.424,0.415,87.0,16.0
14,110.8,1098.0,18.129738,98.131836,13.0,26.91,60.0,0.0,-75.801,-45.315,984.044,28.0,18.0,23.0,53.0,4.089,101.822,0.416,87.0,16.0
14,110.9,1099.0,18.129744,98.131844,14.0,26.9,60.0,0.0,-81.991,-49.859,992.351,29.0,19.0,24.0,54.0,4.089,102.266,0.418,87.0,16.0
14,111.0,1100.0,18.129749,98.131851,10.0,26.89,60.0,0.0,-87.346,-54.154,1001.354,30.0,10.0,25.0,35.0,4.089,102.755,0.42,87.0,16.0
14,111.1,1101.0,18.129755,98.131859,11.0,26.88,60.0,0.0,-91.81,-58.179,1010.235,31.0,11.0,26.0,36.0,4.089,103.289,0.422,87.0,16.0
14,111.2,1102.0,18.129761,98.131866,12.0,26.87,60.0,0.0,-95.338,-61.912,1018.184,32.0,12.0,27.0,37.0,4.089,103.865,0.425,87.0,16.0
14,111.3,1103.0,18.129766,98.131874,13.0,26.87,60.0,0.0,-97.895,-65.336,1024.475,33.0,13.0,28.0,38.0,4.089,104.482,0.427,87.0,16.0
14,111.4,1104.0,18.129772,98.131882,14.0,26.86,60.1,0.0,-99.454,-68.434,1028.537,34.0,14.0,29.0,39.0,4.089,105.138,0.43,87.0,16.0
14,111.5,1105.0,18.129778,98.131889,10.0,26.85,60.1,0.0,-99.999,-71.19,1029.998,35.0,15.0,30.0,40.0,4.088,105.833,0.433,87.0,16.0
14,111.6,1106.0,18.129784,98.131897,11.0,26.84,60.1,0.0,-99.525,-73.591,1028.727,36.0,16.0,31.0,41.0,4.088,106.564,0.436,87.0,16.0
14,111.7,1107.0,18.129789,98.131905,12.0,26.83,60.1,0.0,-98.037,-75.623,1024.838,37.0,17.0,32.0,42.0,4.088,107.328,0.439,87.0,16.0
14,111.8,1108.0,18.129795,98.131912,13.0,26.82,60.1,0.0,-95.55,-77.278,1018.686,38.0,18.0,33.0,43.0,4.088,108.126,0.442,87.0,16.0
14,111.9,1109.0,18.129801,98.13192,14.0,26.81,60.1,0.0,-92.088,-78.546,1010.832,39.0,19.0,34.0,44.0,4.088,108.953,0.445,87.0,16.0
14,112.0,1110.0,18.129807,98.131927,10.0,26.8,60.1,0.0,-87.688,-79.423,1001.991,40.0,10.0,20.0,45.0,4.088,109.809,0.449,87.0,16.0
14,112.1,1111.0,18.129812,98.131935,11.0,26.79,60.1,0.0,-82.394,-79.902,992.969,41.0,11.0,21.0,46.0,4.088,110.691,0.452,87.0,16.0
14,112.2,1112.0,18.129818,98.131943,12.0,26.78,60.1,0.0,-76.261,-79.982,984.586,42.0,12.0,22.0,47.0,4.088,111.596,0.456,87.0,16.0
14,112.3,1113.0,18.129824,98.13195,13.0,26.77,60.1,0.0,-69.35,-79.663,977.609,43.0,13.0,23.0,48.0,4.088,112.523,0.46,87.0,16.0
14,112.4,1114.0,18.129829,98.131958,14.0,26.76,60.2,0.0,-61.732,-78.945,972.672,44.0,14.0,24.0,49.0,4.088,113.469,0.464,87.0,16.0
14,112.5,1115.0,18.129835,98.131966,10.0,26.75,60.2,0.0,-53.486,-77.833,970.224,45.0,15.0,25.0,50.0,4.087,114.431,0.468,87.0,16.0
14,112.6,1116.0,18.129841,98.131973,11.0,26.74,60.2,0.0,-44.693,-76.332,970.489,46.0,16.0,26.0,51.0,4.087,115.408,0.472,87.0,16.0
14,112.7,1117.0,18.129847,98.131981,12.0,26.74,60.2,0.0,-35.446,-74.45,973.443,47.0,17.0,27.0,52.0,4.087,116.396,0.476,87.0,16.0
14,112.8,1118.0,18.129852,98.131989,13.0,26.73,60.2,0.0,-25.837,-72.196,978.816,48.0,18.0,28.0,53.0,4.087,117.394,0.48,87.0,16.0
14,112.9,1119.0,18.129858,98.131996,14.0,26.72,60.2,0.0,-15.965,-69.581,986.119,49.0,19.0,29.0,54.0,4.087,118.398,0.484,87.0,16.0
14,113.0,1120.0,18.129864,98.132004,10.0,26.71,60.2,0.0,-5.93,-66.618,994.688,50.0,10.0,30.0,35.0,4.087,119.407,0.488,87.0,16.0
14,113.1,1121.0,18.129869,98.132011,11.0,26.7,60.3,0.0,4.165,-63.323,1003.74,51.0,11.0,31.0,36.0,4.087,120.417,0.492,87.0,16.0
14,113.2,1122.0,18.129875,98.132019,12.0,26.69,60.3,0.0,14.218,-59.711,1012.451,52.0,12.0,32.0,37.0,4.087,121.425,0.496,87.0,16.0
14,113.3,1123.0,18.129881,98.132027,13.0,26.69,60.3,0.0,24.126,-55.8,1020.029,53.0,13.0,33.0,38.0,4.087,122.431,0.5,87.0,16.0
14,113.4,1124.0,18.129887,98.132034,14.0,26.68,60.3,0.0,33.788,-51.612,1025.78,54.0,14.0,34.0,39.0,4.087,123.43,0.504,87.0,16.0
14,113.5,1125.0,18.129892,98.132042,10.0,26.67,60.3,0.0,43.106,-47.165,1029.184,55.0,15.0,20.0,40.0,4.086,124.42,0.508,87.0,16.0
14,113.6,1126.0,18.129898,98.13205,11.0,26.66,60.3,0.0,51.984,-42.482,1029.928,56.0,16.0,21.0,41.0,4.086,125.399,0.512,87.0,16.0
14,113.7,1127.0,18.129904,98.132057,12.0,26.66,60.4,0.0,60.333,-37.587,1027.946,57.0,17.0,22.0,42.0,4.086,126.364,0.516,87.0,16.0
14,113.8,1128.0,18.12991,98.132065,13.0,26.65,60.4,0.0,68.066,-32.505,1023.418,58.0,18.0,23.0,43.0,4.086,127.313,0.52,87.0,16.0
14,113.9,1129.0,18.129915,98.132072,14.0,26.64,60.4,0.0,75.106,-27.26,1016.755,59.0,19.0,24.0,44.0,4.086,128.243,0.524,87.0,16.0
14,114.0,1130.0,18.129921,98.13208,10.0,26.63,60.4,0.0,81.38,-21.879,1008.568,60.0,10.0,25.0,45.0,4.086,129.153,0.528,87.0,16.0
14,114.1,1131.0,18.129927,98.132088,11.0,26.63,60.4,0.0,86.825,-16.388,999.597,61.0,11.0,26.0,46.0,4.086,130.039,0.531,87.0,16.0
14,114.2,1132.0,18.129932,98.132095,12.0,26.62,60.5,0.0,91.385,-10.816,990.666,62.0,12.0,27.0,47.0,4.086,130.899,0.535,87.0,16.0
14,114.4,1133.0,18.129938,98.132103,13.0,26.61,60.5,0.0,95.013,-5.189,982.584,63.0,13.0,28.0,48.0,4.086,131.732,0.538,87.0,16.0
14,114.5,1134.0,18.129944,98.132111,14.0,26.61,60.5,0.0,97.674,0.463,976.088,64.0,14.0,29.0,49.0,4.086,132.534,0.541,87.0,16.0
14,114.6,1135.0,18.12995,98.132118,10.0,26.6,60.5,0.0,99.338,6.113,971.772,65.0,15.0,30.0,50.0,4.085,133.305,0.545,87.0,16.0
14,114.7,1136.0,18.129955,98.132126,11.0,26.6,60.5,0.0,99.99,11.732,970.027,66.0,16.0,31.0,51.0,4.085,134.042,0.548,87.0,16.0
14,114.8,1137.0,18.129961,98.132133,12.0,26.59,60.6,0.0,99.623,17.293,971.013,67.0,17.0,32.0,52.0,4.085,134.743,0.55,87.0,16.0
14,114.9,1138.0,18.129967,98.132141,13.0,26.58,60.6,0.0,98.24,22.768,974.64,68.0,18.0,33.0,53.0,4.085,135.406,0.553,87.0,16.0
14,115.0,1139.0,18.129972,98.132149,14.0,26.58,60.6,0.0,95.857,28.129,980.578,69.0,19.0,34.0,54.0,4.085,136.03,0.556,87.0,16.0
14,115.1,1140.0,18.129978,98.132156,10.0,26.57,60.6,0.0,92.496,33.349,988.285,70.0,10.0,20.0,35.0,4.085,136.614,0.558,87.0,16.0
14,115.2,1141.0,18.129984,98.132164,11.0,26.57,60.7,0.0,88.193,38.402,997.059,71.0,11.0,21.0,36.0,4.085,137.155,0.56,87.0,16.0
14,115.3,1142.0,18.12999,98.132172,12.0,26.56,60.7,0.0,82.99,43.264,1006.101,72.0,12.0,22.0,37.0,4.085,137.652,0.562,87.0,16.0
14,115.4,1143.0,18.129995,98.132179,13.0,26.56,60.7,0.0,76.942,47.909,1014.588,73.0,13.0,23.0,38.0,4.085,138.104,0.564,87.0,16.0
14,115.5,1144.0,18.130001,98.132187,14.0,26.55,60.7,0.0,70.109,52.316,1021.745,74.0,14.0,24.0,39.0,4.085,138.51,0.566,87.0,16.0
14,115.6,1145.0,18.130007,98.132195,10.0,26.55,60.8,0.0,62.562,56.46,1026.922,75.0,15.0,25.0,40.0,4.084,138.869,0.567,87.0,16.0
14,115.7,1146.0,18.130013,98.132202,11.0,26.55,60.8,0.0,54.377,60.323,1029.645,76.0,16.0,26.0,41.0,4.084,139.179,0.568,87.0,16.0
14,115.8,1147.0,18.130018,98.13221,12.0,26.54,60.8,0.0,45.639,63.884,1029.668,77.0,17.0,27.0,42.0,4.084,139.441,0.57,87.0,16.0
14,115.9,1148.0,18.130024,98.132217,13.0,26.54,60.8,0.0,36.435,67.126,1026.987,78.0,18.0,28.0,43.0,4.084,139.653,0.57,87.0,16.0
14,116.0,1149.0,18.13003,98.132225,14.0,26.53,60.9,0.0,26.859,70.033,1021.848,79.0,19.0,29.0,44.0,4.084,139.815,0.571,87.0,16.0
14,116.1,1150.0,18.130035,98.132233,10.0,26.53,60.9,0.0,17.01,72.59,1014.718,80.0,10.0,30.0,45.0,4.084,139.927,0.571,87.0,16.0
14,116.2,1151.0,18.130041,98.13224,11.0,26.53,60.9,0.0,6.987,74.784,1006.248,81.0,11.0,31.0,46.0,4.084,139.988,0.572,87.0,16.0
14,116.3,1152.0,18.130047,98.132248,12.0,26.52,61.0,0.0,-3.106,76.604,997.208,82.0,12.0,32.0,47.0,4.084,139.998,0.572,87.0,16.0
14,116.4,1153.0,18.130053,98.132256,13.0,26.52,61.0,0.0,-13.169,78.042,988.422,83.0,13.0,33.0,48.0,4.084,139.956,0.572,87.0,16.0
14,116.5,1154.0,18.130058,98.132263,14.0,26.52,61.0,0.0,-23.097,79.09,980.691,84.0,14.0,34.0,49.0,4.084,139.864,0.571,87.0,16.0
14,116.6,1155.0,18.130064,98.132271,10.0,26.52,61.1,0.0,-32.789,79.742,974.72,85.0,15.0,20.0,50.0,4.083,139.722,0.571,87.0,16.0
14,116.7,1156.0,18.13007,98.132278,11.0,26.51,61.1,0.0,-42.148,79.996,971.052,86.0,16.0,21.0,51.0,4.083,139.529,0.57,87.0,16.0
14,116.8,1157.0,18.130075,98.132286,12.0,26.51,61.1,0.0,-51.076,79.851,970.021,87.0,17.0,22.0,52.0,4.083,139.286,0.569,87.0,16.0
14,116.9,1158.0,18.130081,98.132294,13.0,26.51,61.2,0.0,-59.484,79.306,971.721,88.0,18.0,23.0,53.0,4.083,138.994,0.568,87.0,16.0
14,117.0,1159.0,18.130087,98.132301,14.0,26.51,61.2,0.0,-67.286,78.366,975.999,89.0,19.0,24.0,54.0,4.083,138.654,0.566,87.0,16.0
14,117.1,1160.0,18.130093,98.132309,10.0,26.51,61.2,0.0,-74.403,77.033,982.462,90.0,10.0,25.0,35.0,4.083,138.266,0.565,86.0,16.0
14,117.2,1161.0,18.130098,98.132317,11.0,26.5,61.2,0.0,-80.76,75.316,990.523,91.0,11.0,26.0,36.0,4.083,137.831,0.563,86.0,16.0
14,117.3,1162.0,18.130104,98.132324,12.0,26.5,61.3,0.0,-86.295,73.223,999.449,92.0,12.0,27.0,37.0,4.083,137.351,0.561,86.0,16.0
14,117.4,1163.0,18.13011,98.132332,13.0,26.5,61.3,0.0,-90.95,70.763,1008.424,93.0,13.0,28.0,38.0,4.083,136.827,0.559,86.0,16.0
14,117.5,1164.0,18.130116,98.132339,14.0,26.5,61.4,0.0,-94.678,67.95,1016.632,94.0,14.0,29.0,39.0,4.083,136.26,0.556,86.0,16.0
14,117.6,1165.0,18.130121,98.132347,10.0,26.5,61.4,0.0,-97.441,64.798,1023.324,95.0,15.0,30.0,40.0,4.082,135.651,0.554,86.0,16.0
14,117.7,1166.0,18.130127,98.132355,11.0,26.5,61.4,0.0,-99.211,61.322,1027.891,96.0,16.0,31.0,41.0,4.082,135.003,0.551,86.0,16.0
14,117.8,1167.0,18.130133,98.132362,12.0,26.5,61.5,0.0,-99.969,57.539,1029.917,97.0,17.0,32.0,42.0,4.082,134.316,0.548,86.0,16.0
14,117.9,1168.0,18.130138,98.13237,13.0,26.5,61.5,0.0,-99.709,53.469,1029.218,98.0,18.0,33.0,43.0,4.082,133.593,0.545,86.0,16.0
14,118.0,1169.0,18.130144,98.132378,14.0,26.5,61.5,0.0,-98.433,49.132,1025.856,99.0,19.0,34.0,44.0,4.082,132.835,0.542,86.0,16.0
14,118.1,1170.0,18.13015,98.132385,10.0,26.5,61.6,0.0,-96.153,44.549,1020.14,100.0,10.0,20.0,45.0,4.082,132.044,0.539,86.0,16.0
14,118.2,1171.0,18.130156,98.132393,11.0,26.5,61.6,0.0,-92.893,39.744,1012.587,101.0,11.0,21.0,46.0,4.082,131.223,0.536,86.0,16.0
14,118.3,1172.0,18.130161,98.132401,12.0,26.5,61.6,0.0,-88.687,34.74,1003.888,102.0,12.0,22.0,47.0,4.082,130.373,0.532,86.0,16.0
14,118.4,1173.0,18.130167,98.132408,13.0,26.5,61.7,0.0,-83.576,29.563,994.835,103.0,13.0,23.0,48.0,4.082,129.496,0.529,86.0,16.0
14,118.5,1174.0,18.130173,98.132416,14.0,26.5,61.7,0.0,-77.614,24.238,986.253,104.0,14.0,24.0,49.0,4.082,128.596,0.525,86.0,16.0
14,118.6,1175.0,18.130178,98.132423,10.0,26.51,61.8,0.0,-70.86,18.791,978.922,105.0,15.0,25.0,50.0,4.081,127.673,0.521,86.0,16.0
14,118.7,1176.0,18.130184,98.132431,11.0,26.51,61.8,0.0,-63.385,13.251,973.513,106.0,16.0,26.0,51.0,4.081,126.731,0.517,86.0,16.0
14,118.8,1177.0,18.13019,98.132439,12.0,26.51,61.8,0.0,-55.264,7.645,970.516,107.0,17.0,27.0,52.0,4.081,125.772,0.513,86.0,16.0
14,118.9,1178.0,18.130196,98.132446,13.0,26.51,61.9,0.0,-46.578,2.0,970.206,108.0,18.0,28.0,53.0,4.081,124.798,0.509,86.0,16.0
14,119.0,1179.0,18.130201,98.132454,14.0,26.51,61.9,0.0,-37.419,-3.654,972.61,109.0,19.0,29.0,54.0,4.081,123.812,0.505,86.0,16.0
14,119.1,1180.0,18.130207,98.132462,10.0,26.52,61.9,0.0,-27.878,-9.291,977.51,110.0,10.0,30.0,35.0,4.081,122.816,0.501,86.0,16.0
14,119.2,1181.0,18.130213,98.132469,11.0,26.52,62.0,0.0,-18.053,-14.88,984.458,111.0,11.0,31.0,36.0,4.081,121.813,0.497,86.0,16.0
14,119.3,1182.0,18.130219,98.132477,12.0,26.52,62.0,0.0,-8.043,-20.396,992.824,113.0,12.0,32.0,37.0,4.081,120.805,0.493,86.0,16.0
14,119.4,1183.0,18.130224,98.132484,13.0,26.53,62.1,0.0,2.048,-25.81,1001.842,114.0,13.0,33.0,38.0,4.081,119.795,0.489,86.0,16.0
14,119.5,1184.0,18.13023,98.132492,14.0,26.53,62.1,0.0,12.118,-31.094,1010.692,115.0,14.0,34.0,39.0,4.08,118.786,0.485,86.0,16.0
14,119.6,1185.0,18.130236,98.1325,10.0,26.53,62.2,0.0,22.065,-36.223,1018.569,116.0,15.0,20.0,40.0,4.08,117.78,0.481,86.0,16.0
14,119.7,1186.0,18.130241,98.132507,11.0,26.54,62.2,0.0,31.787,-41.172,1024.754,117.0,16.0,21.0,41.0,4.08,116.779,0.476,86.0,16.0
14,119.8,1187.0,18.130247,98.132515,12.0,26.54,62.2,0.0,41.185,-45.914,1028.683,118.0,17.0,22.0,42.0,4.08,115.787,0.472,86.0,16.0
14,119.9,1188.0,18.130253,98.132523,13.0,26.54,62.3,0.0,50.163,-50.427,1030.0,119.0,18.0,23.0,43.0,4.08,114.805,0.468,86.0,16.0
14,120.0,1189.0,18.130259,98.13253,14.0,26.55,62.3,0.0,58.63,-54.689,1028.582,120.0,19.0,24.0,44.0,4.08,113.837,0.464,86.0,16.0
14,120.1,1190.0,18.130264,98.132538,10.0,26.55,62.4,0.0,66.499,-58.677,1024.561,121.0,10.0,25.0,45.0,4.08,112.885,0.461,86.0,16.0
14,120.2,1191.0,18.13027,98.132545,11.0,26.56,62.4,0.0,73.69,-62.371,1018.302,122.0,11.0,26.0,46.0,4.08,111.95,0.457,86.0,16.0
14,120.3,1192.0,18.130276,98.132553,12.0,26.56,62.4,0.0,80.131,-65.754,1010.376,123.0,12.0,27.0,47.0,4.08,111.036,0.453,86.0,16.0
14,120.4,1193.0,18.130281,98.132561,13.0,26.57,62.5,0.0,85.755,-68.809,1001.504,124.0,13.0,28.0,48.0,4.08,110.145,0.449,86.0,16.0
14,120.5,1194.0,18.130287,98.132568,14.0,26.57,62.5,0.0,90.504,-71.52,992.495,125.0,14.0,29.0,49.0,4.079,109.279,0.446,86.0,16.0
14,120.6,1195.0,18.130293,98.132576,10.0,26.58,62.6,0.0,94.331,-73.873,984.17,126.0,15.0,30.0,50.0,4.079,108.441,0.442,86.0,16.0
14,120.7,1196.0,18.130299,98.132584,11.0,26.58,62.6,0.0,97.197,-75.858,977.287,127.0,16.0,31.0,51.0,4.079,107.631,0.439,86.0,16.0
14,120.8,1197.0,18.130304,98.132591,12.0,26.59,62.7,0.0,99.072,-77.463,972.474,128.0,17.0,32.0,52.0,4.079,106.854,0.436,86.0,16.0
14,120.9,1198.0,18.13031,98.132599,13.0,26.59,62.7,0.0,99.938,-78.682,970.168,129.0,18.0,33.0,53.0,4.079,106.11,0.433,86.0,16.0
14,121.0,1199.0,18.130316,98.132607,14.0,26.6,62.8,0.0,99.784,-79.507,970.581,130.0,19.0,34.0,54.0,4.079,105.401,0.43,86.0,16.0
14,121.1,1200.0,18.130322,98.132614,10.0,26.61,62.8,0.0,98.614,-79.935,973.673,131.0,10.0,20.0,35.0,4.079,104.73,0.427,86.0,16.0
14,121.2,1201.0,18.130327,98.132622,11.0,26.61,62.9,0.0,96.439,-79.963,979.165,132.0,11.0,21.0,36.0,4.079,104.097,0.425,86.0,16.0
14,121.3,1202.0,18.130333,98.132629,12.0,26.62,62.9,0.0,93.28,-79.592,986.554,133.0,12.0,22.0,37.0,4.079,103.505,0.422,86.0,16.0
14,121.4,1203.0,18.130339,98.132637,13.0,26.62,62.9,0.0,89.171,-78.824,995.169,134.0,13.0,23.0,38.0,4.079,102.955,0.42,86.0,16.0
14,121.5,1204.0,18.130344,98.132645,14.0,26.63,63.0,0.0,84.153,-77.661,1004.224,135.0,14.0,24.0,39.0,4.078,102.449,0.418,86.0,16.0
14,121.6,1205.0,18.13035,98.132652,10.0,26.64,63.0,0.0,78.277,-76.111,1012.894,136.0,15.0,25.0,40.0,4.078,101.987,0.416,86.0,16.0
14,121.7,1206.0,18.130356,98.13266,11.0,26.65,63.1,0.0,71.604,-74.18,1020.389,137.0,16.0,26.0,41.0,4.078,101.571,0.414,86.0,16.0
14,121.8,1207.0,18.130362,98.132668,12.0,26.65,63.1,0.0,64.201,-71.879,1026.026,138.0,17.0,27.0,42.0,4.078,101.203,0.413,86.0,16.0
14,121.9,1208.0,18.130367,98.132675,13.0,26.66,63.2,0.0,56.143,-69.218,1029.293,139.0,18.0,28.0,43.0,4.078,100.882,0.411,86.0,16.0
14,122.0,1209.0,18.130373,98.132683,14.0,26.67,63.2,0.0,47.513,-66.212,1029.891,140.0,19.0,29.0,44.0,4.078,100.61,0.41,86.0,16.0
14,122.1,1210.0,18.130379,98.13269,10.0,26.68,63.3,0.0,38.399,-62.874,1027.765,141.0,10.0,30.0,45.0,4.078,100.387,0.409,86.0,16.0
14,122.2,1211.0,18.130384,98.132698,11.0,26.68,63.3,0.0,28.894,-59.223,1023.11,142.0,11.0,31.0,46.0,4.078,100.214,0.409,86.0,16.0
14,122.3,1212.0,18.13039,98.132706,12.0,26.69,63.4,0.0,19.093,-55.276,1016.349,143.0,12.0,32.0,47.0,4.078,100.092,0.408,86.0,16.0
14,122.4,1213.0,18.130396,98.132713,13.0,26.7,63.4,0.0,9.099,-51.052,1008.099,144.0,13.0,33.0,48.0,4.078,100.021,0.408,86.0,16.0
14,122.5,1214.0,18.130402,98.132721,14.0,26.71,63.5,0.0,-0.988,-46.574,999.11,145.0,14.0,34.0,49.0,4.077,100.0,0.408,86.0,16.0
14,122.6,1215.0,18.130407,98.132729,10.0,26.72,63.5,0.0,-11.066,-41.862,990.203,146.0,15.0,20.0,50.0,4.077,100.031,0.408,86.0,16.0
14,122.7,1216.0,18.130413,98.132736,11.0,26.72,63.6,0.0,-21.031,-36.942,982.189,147.0,16.0,21.0,51.0,4.077,100.112,0.408,86.0,16.0
14,122.8,1217.0,18.130419,98.132744,12.0,26.73,63.6,0.0,-30.781,-31.837,975.797,148.0,17.0,22.0,52.0,4.077,100.244,0.409,86.0,16.0
14,122.9,1218.0,18.130424,98.132751,13.0,26.74,63.7,0.0,-40.217,-26.573,971.611,149.0,18.0,23.0,53.0,4.077,100.427,0.409,86.0,16.0
14,123.0,1219.0,18.13043,98.132759,14.0,26.75,63.7,0.0,-49.244,-21.176,970.01,150.0,19.0,24.0,54.0,4.077,100.659,0.41,86.0,16.0
14,123.1,1220.0,18.130436,98.132767,10.0,26.76,63.8,0.0,-57.768,-15.674,971.142,151.0,10.0,25.0,35.0,4.077,100.941,0.412,86.0,16.0
14,123.2,1221.0,18.130442,98.132774,11.0,26.77,63.8,0.0,-65.704,-10.093,974.904,152.0,11.0,26.0,36.0,4.077,101.271,0.413,86.0,16.0
14,123.3,1222.0,18.130447,98.132782,12.0,26.78,63.8,0.0,-72.97,-4.462,980.951,153.0,12.0,27.0,37.0,4.077,101.649,0.414,86.0,16.0
14,123.4,1223.0,18.130453,98.13279,13.0,26.78,63.9,0.0,-79.493,1.192,988.735,154.0,13.0,28.0,38.0,4.077,102.074,0.416,86.0,16.0
14,123.5,1224.0,18.130459,98.132797,14.0,26.79,63.9,0.0,-85.205,6.84,997.545,155.0,14.0,29.0,39.0,4.076,102.545,0.418,86.0,16.0
14,123.6,1225.0,18.130465,98.132805,10.0,26.8,64.0,0.0,-90.049,12.453,1006.578,156.0,15.0,30.0,40.0,4.076,103.06,0.42,86.0,16.0
14,123.7,1226.0,18.13047,98.132812,11.0,26.81,64.0,0.0,-93.975,18.005,1015.012,157.0,16.0,31.0,41.0,4.076,103.618,0.422,86.0,16.0
14,123.8,1227.0,18.130476,98.13282,12.0,26.82,64.1,0.0,-96.943,23.466,1022.079,158.0,17.0,32.0,42.0,4.076,104.218,0.425,86.0,16.0
14,123.9,1228.0,18.130482,98.132828,13.0,26.83,64.1,0.0,-98.923,28.81,1027.133,159.0,18.0,33.0,43.0,4.076,104.858,0.427,86.0,16.0
14,124.0,1229.0,18.130487,98.132835,14.0,26.84,64.2,0.0,-99.895,34.01,1029.716,160.0,19.0,34.0,44.0,4.076,105.537,0.43,86.0,16.0
14,124.1,1230.0,18.130493,98.132843,10.0,26.85,64.2,0.0,-99.848,39.04,1029.591,161.0,10.0,20.0,45.0,4.076,106.253,0.433,86.0,16.0
14,124.2,1231.0,18.130499,98.132851,11.0,26.86,64.3,0.0,-98.784,43.876,1026.77,162.0,11.0,21.0,46.0,4.076,107.004,0.436,86.0,16.0
14,124.3,1232.0,18.130505,98.132858,12.0,26.87,64.3,0.0,-96.713,48.491,1021.511,163.0,12.0,22.0,47.0,4.076,107.787,0.439,86.0,16.0
14,124.5,1233.0,18.13051,98.132866,13.0,26.88,64.4,0.0,-93.657,52.865,1014.291,164.0,13.0,23.0,48.0,4.076,108.602,0.443,86.0,16.0
14,124.6,1234.0,18.130516,98.132874,14.0,26.89,64.4,0.0,-89.646,56.975,1005.769,165.0,14.0,24.0,49.0,4.075,109.447,0.446,86.0,16.0
14,124.7,1235.0,18.130522,98.132881,10.0,26.9,64.5,0.0,-84.721,60.799,996.723,166.0,15.0,25.0,50.0,4.075,110.318,0.45,86.0,16.0
14,124.8,1236.0,18.130527,98.132889,11.0,26.91,64.5,0.0,-78.932,64.32,987.974,167.0,16.0,26.0,51.0,4.075,111.213,0.453,86.0,16.0
14,124.9,1237.0,18.130533,98.132896,12.0,26.92,64.6,0.0,-72.339,67.52,980.321,168.0,17.0,27.0,52.0,4.075,112.132,0.457,86.0,16.0
14,125.0,1238.0,18.130539,98.132904,13.0,26.93,64.6,0.0,-65.009,70.383,974.461,169.0,18.0,28.0,53.0,4.075,113.07,0.461,86.0,16.0
14,125.1,1239.0,18.130545,98.132912,14.0,26.94,64.7,0.0,-57.017,72.893,970.928,170.0,19.0,29.0,54.0,4.075,114.026,0.465,86.0,16.0
14,125.2,1240.0,18.13055,98.132919,10.0,26.95,64.7,0.0,-48.443,75.04,970.043,171.0,10.0,30.0,35.0,4.075,114.997,0.469,86.0,16.0
14,125.3,1241.0,18.130556,98.132927,11.0,26.96,64.8,0.0,-39.375,76.811,971.888,172.0,11.0,31.0,36.0,4.075,115.981,0.473,86.0,16.0
14,125.4,1242.0,18.130562,98.132935,12.0,26.97,64.8,0.0,-29.906,78.199,976.295,173.0,12.0,32.0,37.0,4.075,116.975,0.477,86.0,16.0
14,125.5,1243.0,18.130568,98.132942,13.0,26.98,64.9,0.0,-20.132,79.196,982.86,174.0,13.0,33.0,38.0,4.075,117.976,0.481,86.0,16.0
14,125.6,1244.0,18.130573,98.13295,14.0,26.99,64.9,0.0,-10.153,79.797,990.987,175.0,14.0,34.0,39.0,4.074,118.983,0.485,86.0,16.0
14,125.7,1245.0,18.130579,98.132957,10.0,27.0,65.0,0.0,-0.07,80.0,999.937,176.0,15.0,20.0,40.0,4.074,119.993,0.489,86.0,16.0
14,125.8,1246.0,18.130585,98.132965,11.0,27.01,65.1,0.0,10.013,79.803,1008.891,177.0,16.0,21.0,41.0,4.074,121.003,0.493,86.0,16.0
14,125.9,1247.0,18.13059,98.132973,12.0,27.02,65.1,0.0,19.994,79.207,1017.035,178.0,17.0,22.0,42.0,4.074,122.01,0.497,86.0,16.0
14,126.0,1248.0,18.130596,98.13298,13.0,27.03,65.2,0.0,29.771,78.216,1023.628,179.0,18.0,23.0,43.0,4.074,123.011,0.501,86.0,16.0
14,126.1,1249.0,18.130602,98.132988,14.0,27.04,65.2,0.0,39.245,76.833,1028.067,180.0,19.0,24.0,44.0,4.074,124.006,0.505,85.0,16.0
14,126.2,1250.0,18.130608,98.132996,10.0,27.05,65.3,0.0,48.319,75.067,1029.95,181.0,10.0,25.0,45.0,4.074,124.99,0.509,85.0,16.0
14,126.3,1251.0,18.130613,98.133003,11.0,27.06,65.3,0.0,56.9,72.926,1029.103,182.0,11.0,26.0,46.0,4.074,125.961,0.513,85.0,16.0
14,126.4,1252.0,18.130619,98.133011,12.0,27.07,65.4,0.0,64.902,70.42,1025.605,183.0,12.0,27.0,47.0,4.074,126.917,0.517,85.0,16.0
14,126.5,1253.0,18.130625,98.133018,13.0,27.08,65.4,0.0,72.242,67.563,1019.775,184.0,13.0,28.0,48.0,4.074,127.855,0.521,85.0,16.0
14,126.6,1254.0,18.13063,98.133026,14.0,27.09,65.5,0.0,78.845,64.368,1012.143,185.0,14.0,29.0,49.0,4.073,128.774,0.525,85.0,16.0
14,126.7,1255.0,18.130636,98.133034,10.0,27.1,65.5,0.0,84.645,60.851,1003.405,186.0,15.0,30.0,50.0,4.073,129.67,0.528,85.0,16.0
14,126.8,1256.0,18.130642,98.133041,11.0,27.11,65.6,0.0,89.583,57.03,994.355,187.0,16.0,31.0,51.0,4.073,130.541,0.532,85.0,16.0
14,126.9,1257.0,18.130648,98.133049,12.0,27.12,65.6,0.0,93.607,52.924,985.821,188.0,17.0,32.0,52.0,4.073,131.386,0.535,85.0,16.0
14,127.0,1258.0,18.130653,98.133057,13.0,27.13,65.7,0.0,96.677,48.554,978.578,189.0,18.0,33.0,53.0,4.073,132.201,0.538,85.0,16.0
14,127.1,1259.0,18.130659,98.133064,14.0,27.14,65.7,0.0,98.762,43.941,973.287,190.0,19.0,34.0,54.0,4.073,132.986,0.542,85.0,16.0
14,127.2,1260.0,18.130665,98.133072,10.0,27.15,65.8,0.0,99.84,39.109,970.43,191.0,10.0,20.0,35.0,4.073,133.737,0.545,85.0,16.0
14,127.3,1261.0,18.130671,98.13308,11.0,27.16,65.8,0.0,99.901,34.082,970.267,192.0,11.0,21.0,36.0,4.073,134.453,0.548,85.0,16.0
14,127.4,1262.0,18.130676,98.133087,12.0,27.17,65.9,0.0,98.943,28.884,972.813,193.0,12.0,22.0,37.0,4.073,135.133,0.55,85.0,16.0
14,127.5,1263.0,18.130682,98.133095,13.0,27.18,65.9,0.0,96.977,23.541,977.836,194.0,13.0,23.0,38.0,4.073,135.773,0.553,85.0,16.0
14,127.6,1264.0,18.130688,98.133102,14.0,27.19,66.0,0.0,94.023,18.082,984.878,195.0,14.0,24.0,39.0,4.072,136.374,0.555,85.0,16.0
14,127.7,1265.0,18.130693,98.13311,10.0,27.2,66.0,0.0,90.11,12.532,993.298,196.0,15.0,25.0,40.0,4.072,136.933,0.558,85.0,16.0
14,127.8,1266.0,18.130699,98.133118,11.0,27.21,66.1,0.0,85.279,6.919,1002.328,197.0,16.0,26.0,41.0,4.072,137.449,0.56,85.0,16.0
14,127.9,1267.0,18.130705,98.133125,12.0,27.21,66.1,0.0,79.578,1.271,1011.147,198.0,17.0,27.0,42.0,4.072,137.92,0.562,85.0,16.0
14,128.0,1268.0,18.130711,98.133133,13.0,27.22,66.2,0.0,73.067,-4.383,1018.95,199.0,18.0,28.0,43.0,4.072,138.345,0.563,85.0,16.0
14,128.1,1269.0,18.130716,98.133141,14.0,27.23,66.2,0.0,65.81,-10.015,1025.026,200.0,19.0,29.0,44.0,4.072,138.724,0.565,85.0,16.0
14,128.2,1270.0,18.130722,98.133148,10.0,27.24,66.2,0.0,57.883,-15.596,1028.823,201.0,10.0,30.0,45.0,4.072,139.055,0.566,85.0,16.0
14,128.3,1271.0,18.130728,98.133156,11.0,27.25,66.3,0.0,49.366,-21.1,1029.993,202.0,11.0,31.0,46.0,4.072,139.337,0.567,85.0,16.0
14,128.4,1272.0,18.130733,98.133163,12.0,27.26,66.3,0.0,40.346,-26.499,1028.431,203.0,12.0,32.0,47.0,4.072,139.57,0.568,85.0,16.0
14,128.5,1273.0,18.130739,98.133171,13.0,27.27,66.4,0.0,30.915,-31.765,1024.278,204.0,13.0,33.0,48.0,4.072,139.754,0.569,85.0,16.0
14,128.6,1274.0,18.130745,98.133179,14.0,27.28,66.4,0.0,21.169,-36.872,1017.913,205.0,14.0,34.0,49.0,4.071,139.886,0.57,85.0,16.0
14,128.7,1275.0,18.130751,98.133186,10.0,27.28,66.5,0.0,11.207,-41.795,1009.917,206.0,15.0,20.0,50.0,4.071,139.968,0.57,85.0,16.0
14,128.8,1276.0,18.130756,98.133194,11.0,27.29,66.5,0.0,1.129,-46.51,1001.016,207.0,16.0,21.0,51.0,4.071,140.0,0.57,85.0,16.0
14,128.9,1277.0,18.130762,98.133202,12.0,27.3,66.6,0.0,-8.959,-50.992,992.024,208.0,17.0,22.0,52.0,4.071,139.98,0.57,85.0,16.0
14,129.0,1278.0,18.130768,98.133209,13.0,27.31,66.6,0.0,-18.955,-55.219,983.758,209.0,18.0,23.0,53.0,4.071,139.909,0.57,85.0,16.0
14,129.1,1279.0,18.130774,98.133217,14.0,27.32,66.7,0.0,-28.758,-59.17,976.971,210.0,19.0,24.0,54.0,4.071,139.788,0.569,85.0,16.0
14,129.2,1280.0,18.130779,98.133224,10.0,27.32,66.7,0.0,-38.268,-62.825,972.284,211.0,10.0,25.0,35.0,4.071,139.616,0.568,85.0,16.0
14,129.3,1281.0,18.130785,98.133232,11.0,27.33,66.8,0.0,-47.388,-66.167,970.121,212.0,11.0,26.0,36.0,4.071,139.394,0.567,85.0,16.0
14,129.4,1282.0,18.130791,98.13324,12.0,27.34,66.8,0.0,-56.026,-69.178,970.68,214.0,12.0,27.0,37.0,4.071,139.122,0.566,85.0,16.0
14,129.5,1283.0,18.130796,98.133247,13.0,27.35,66.9,0.0,-64.093,-71.844,973.911,215.0,13.0,28.0,38.0,4.07,138.802,0.565,85.0,16.0
14,129.6,1284.0,18.130802,98.133255,14.0,27.35,66.9,0.0,-71.506,-74.15,979.519,216.0,14.0,29.0,39.0,4.07,138.434,0.563,85.0,16.0
14,129.7,1285.0,18.130808,98.133263,10.0,27.36,67.0,0.0,-78.19,-76.086,986.992,217.0,15.0,30.0,40.0,4.07,138.019,0.562,85.0,16.0
14,129.8,1286.0,18.130814,98.13327,11.0,27.37,67.0,0.0,-84.077,-77.642,995.65,218.0,16.0,31.0,41.0,4.07,137.558,0.56,85.0,16.0
14,129.9,1287.0,18.130819,98.133278,12.0,27.38,67.1,0.0,-89.107,-78.81,1004.706,219.0,17.0,32.0,42.0,4.07,137.052,0.558,85.0,16.0
14,130.0,1288.0,18.130825,98.133286,13.0,27.38,67.1,0.0,-93.229,-79.584,1013.332,220.0,18.0,33.0,43.0,4.07,136.503,0.556,85.0,16.0
14,130.1,1289.0,18.130831,98.133293,14.0,27.39,67.1,0.0,-96.401,-79.961,1020.744,221.0,19.0,34.0,44.0,4.07,135.911,0.553,85.0,16.0
14,130.2,1290.0,18.130836,98.133301,10.0,27.39,67.2,0.0,-98.59,-79.938,1026.265,222.0,10.0,20.0,45.0,4.07,135.279,0.551,85.0,16.0
14,130.3,1291.0,18.130842,98.133308,11.0,27.4,67.2,0.0,-99.775,-79.515,1029.394,223.0,11.0,21.0,46.0,4.07,134.608,0.548,85.0,16.0
14,130.4,1292.0,18.130848,98.133316,12.0,27.41,67.3,0.0,-99.943,-78.696,1029.845,224.0,12.0,22.0,47.0,4.07,133.9,0.545,85.0,16.0
14,130.5,1293.0,18.130854,98.133324,13.0,27.41,67.3,0.0,-99.091,-77.483,1027.576,225.0,13.0,23.0,48.0,4.069,133.157,0.542,85.0,16.0
14,130.6,1294.0,18.130859,98.133331,14.0,27.42,67.4,0.0,-97.23,-75.883,1022.796,226.0,14.0,24.0,49.0,4.069,132.38,0.539,85.0,16.0
14,130.7,1295.0,18.130865,98.133339,10.0,27.42,67.4,0.0,-94.378,-73.904,1015.938,227.0,15.0,25.0,50.0,4.069,131.571,0.535,85.0,16.0
14,130.8,1296.0,18.130871,98.133347,11.0,27.43,67.5,0.0,-90.564,-71.556,1007.628,228.0,16.0,26.0,51.0,4.069,130.733,0.532,85.0,16.0
14,130.9,1297.0,18.130877,98.133354,12.0,27.43,67.5,0.0,-85.827,-68.85,998.623,229.0,17.0,27.0,52.0,4.069,129.867,0.528,85.0,16.0
14,131.0,1298.0,18.130882,98.133362,13.0,27.44,67.6,0.0,-80.215,-65.799,989.743,230.0,18.0,28.0,53.0,4.069,128.976,0.525,85.0,16.0
14,131.1,1299.0,18.130888,98.133369,14.0,27.44,67.6,0.0,-73.786,-62.421,981.798,231.0,19.0,29.0,54.0,4.069,128.063,0.521,85.0,16.0
14,131.2,1300.0,18.130894,98.133377,10.0,27.45,67.6,0.0,-66.604,-58.73,975.512,232.0,10.0,30.0,35.0,4.069,127.129,0.517,85.0,16.0
14,131.3,1301.0,18.130899,98.133385,11.0,27.45,67.7,0.0,-58.744,-54.746,971.456,233.0,11.0,31.0,36.0,4.069,126.176,0.513,85.0,16.0
14,131.4,1302.0,18.130905,98.133392,12.0,27.46,67.7,0.0,-50.285,-50.489,970.001,234.0,12.0,32.0,37.0,4.069,125.208,0.509,85.0,16.0
14,131.5,1303.0,18.130911,98.1334,13.0,27.46,67.8,0.0,-41.314,-45.979,971.279,235.0,13.0,33.0,38.0,4.068,124.227,0.505,85.0,16.0
14,131.6,1304.0,18.130917,98.133408,14.0,27.46,67.8,0.0,-31.921,-41.24,975.174,236.0,14.0,34.0,39.0,4.068,123.235,0.501,85.0,16.0
14,131.7,1305.0,18.130922,98.133415,10.0,27.47,67.8,0.0,-22.202,-36.294,981.331,237.0,15.0,20.0,40.0,4.068,122.234,0.497,85.0,16.0
14,131.8,1306.0,18.130928,98.133423,11.0,27.47,67.9,0.0,-12.258,-31.167,989.189,238.0,16.0,21.0,41.0,4.068,121.228,0.493,85.0,16.0
14,131.9,1307.0,18.130934,98.13343,12.0,27.47,67.9,0.0,-2.189,-25.884,998.032,239.0,17.0,22.0,42.0,4.068,120.219,0.489,85.0,16.0
14,132.0,1308.0,18.130939,98.133438,13.0,27.48,68.0,0.0,7.903,-20.472,1007.053,240.0,18.0,23.0,43.0,4.068,119.209,0.485,85.0,16.0
14,132.1,1309.0,18.130945,98.133446,14.0,27.48,68.0,0.0,17.914,-14.958,1015.432,241.0,19.0,24.0,44.0,4.068,118.201,0.481,85.0,16.0
14,132.2,1310.0,18.130951,98.133453,10.0,27.48,68.1,0.0,27.742,-9.369,1022.406,242.0,10.0,25.0,45.0,4.068,117.198,0.477,85.0,16.0
14,132.3,1311.0,18.130957,98.133461,11.0,27.49,68.1,0.0,37.287,-3.734,1027.338,243.0,11.0,26.0,46.0,4.068,116.202,0.473,85.0,16.0
14,132.4,1312.0,18.130962,98.133469,12.0,27.49,68.1,0.0,46.453,1.921,1029.779,244.0,12.0,27.0,47.0,4.068,115.216,0.469,85.0,16.0
14,132.5,1313.0,18.130968,98.133476,13.0,27.49,68.2,0.0,55.146,7.566,1029.507,245.0,13.0,28.0,48.0,4.067,114.242,0.465,85.0,16.0
14,132.6,1314.0,18.130974,98.133484,14.0,27.49,68.2,0.0,63.276,13.173,1026.547,246.0,14.0,29.0,49.0,4.067,113.282,0.461,85.0,16.0
14,132.7,1315.0,18.13098,98.133492,10.0,27.49,68.2,0.0,70.761,18.714,1021.168,247.0,15.0,30.0,50.0,4.067,112.34,0.457,85.0,16.0
14,132.8,1316.0,18.130985,98.133499,11.0,27.5,68.3,0.0,77.525,24.162,1013.86,248.0,16.0,31.0,51.0,4.067,111.417,0.453,85.0,16.0
14,132.9,1317.0,18.130991,98.133507,12.0,27.5,68.3,0.0,83.499,29.489,1005.29,249.0,17.0,32.0,52.0,4.067,110.516,0.449,85.0,16.0
14,133.0,1318.0,18.130997,98.133514,13.0,27.5,68.4,0.0,88.621,34.668,996.239,250.0,18.0,33.0,53.0,4.067,109.639,0.446,85.0,16.0
14,133.1,1319.0,18.131002,98.133522,14.0,27.5,68.4,0.0,92.841,39.675,987.529,251.0,19.0,34.0,54.0,4.067,108.789,0.442,85.0,16.0
14,133.2,1320.0,18.131008,98.13353,10.0,27.5,68.4,0.0,96.114,44.484,979.955,252.0,10.0,20.0,35.0,4.067,107.967,0.439,85.0,16.0
14,133.3,1321.0,18.131014,98.133537,11.0,27.5,68.5,0.0,98.408,49.07,974.208,253.0,11.0,21.0,36.0,4.067,107.176,0.436,85.0,16.0
14,133.4,1322.0,18.13102,98.133545,12.0,27.5,68.5,0.0,99.698,53.41,970.811,254.0,12.0,22.0,37.0,4.067,106.418,0.433,85.0,16.0
14,133.5,1323.0,18.131025,98.133553,13.0,27.5,68.5,0.0,99.973,57.484,970.073,255.0,13.0,23.0,38.0,4.066,105.694,0.43,85.0,16.0
14,133.6,1324.0,18.131031,98.13356,14.0,27.5,68.6,0.0,99.228,61.271,972.062,256.0,14.0,24.0,39.0,4.066,105.007,0.427,85.0,16.0
14,133.7,1325.0,18.131037,98.133568,10.0,27.5,68.6,0.0,97.473,64.751,976.596,257.0,15.0,25.0,40.0,4.066,104.358,0.424,85.0,16.0
14,133.8,1326.0,18.131042,98.133575,11.0,27.5,68.6,0.0,94.723,67.908,983.262,258.0,16.0,26.0,41.0,4.066,103.749,0.422,85.0,16.0
14,133.9,1327.0,18.131048,98.133583,12.0,27.5,68.7,0.0,91.008,70.726,991.455,259.0,17.0,27.0,42.0,4.066,103.181,0.42,85.0,16.0
14,134.0,1328.0,18.131054,98.133591,13.0,27.5,68.7,0.0,86.366,73.191,1000.424,260.0,18.0,28.0,43.0,4.066,102.656,0.417,85.0,16.0
14,134.1,1329.0,18.13106,98.133598,14.0,27.5,68.8,0.0,80.843,75.289,1009.356,261.0,19.0,29.0,44.0,4.066,102.175,0.415,85.0,16.0
