team_id,time,packet_id,lat,lon,sat,temp,humidity,alt_baro,acc_x,acc_y,acc_z,heading,pm1_0,pm2_5,pm10,voltage,current,watt,battery_percent,status
14,0,1,18.123461,98.123466,11,27,65,500.5,1.9,79.993,1001.709,0,11,21,36,4.2,120.19,0.505,99,1
14,0.1,2,18.123466,98.123474,12,27.01,65.1,503,11.971,79.718,1010.568,1,12,22,37,4.2,121.199,0.509,99,1
14,0.2,3,18.123472,98.123482,13,27.02,65.1,505.5,21.921,79.045,1018.465,2,13,23,38,4.2,122.206,0.513,99,1
14,0.3,4,18.123478,98.123489,14,27.03,65.2,508,31.646,77.976,1024.679,3,14,24,39,4.2,123.206,0.517,99,1
14,0.4,5,18.123484,98.123497,10,27.04,65.2,510.6,41.05,76.519,1028.644,4,15,25,40,4.2,124.199,0.522,99,1
14,0.5,6,18.123489,98.123505,11,27.05,65.3,513.1,50.035,74.678,1030,5,16,26,41,4.199,125.18,0.526,99,1
14,0.6,7,18.123495,98.123512,12,27.06,65.3,515.6,58.51,72.465,1028.623,6,17,27,42,4.199,126.149,0.53,99,1
14,0.7,8,18.123501,98.12352,13,27.07,65.4,518.2,66.388,69.89,1024.637,7,18,28,43,4.199,127.102,0.534,99,1
14,0.8,9,18.123507,98.123528,14,27.08,65.4,520.7,73.59,66.965,1018.408,8,19,29,44,4.199,128.036,0.538,99,1
14,0.9,10,18.123512,98.123535,10,27.09,65.5,523.2,80.042,63.706,1010.501,9,10,30,45,4.199,128.951,0.541,99,1
14,1,11,18.123518,98.123543,11,27.1,65.5,525.7,85.678,60.129,1001.637,10,11,31,46,4.199,129.842,0.545,99,1
14,1.1,12,18.123524,98.12355,12,27.11,65.6,528.2,90.441,56.251,992.624,11,12,32,47,4.199,130.708,0.549,99,1
14,1.2,13,18.123529,98.123558,13,27.12,65.6,530.8,94.282,52.092,984.283,12,13,33,48,4.199,131.547,0.552,99,1
14,1.3,14,18.123535,98.123566,14,27.13,65.7,533.3,97.162,47.673,977.375,13,14,34,49,4.199,132.357,0.556,99,1
14,1.4,15,18.123541,98.123573,10,27.14,65.7,535.8,99.052,43.015,972.527,14,15,20,50,4.199,133.135,0.559,99,1
14,1.5,16,18.123547,98.123581,11,27.15,65.8,538.3,99.932,38.143,970.183,15,16,21,51,4.198,133.88,0.562,99,1
14,1.6,17,18.123552,98.123589,12,27.16,65.8,540.9,99.794,33.08,970.555,16,17,22,52,4.198,134.589,0.565,99,1
14,1.7,18,18.123558,98.123596,13,27.17,65.9,543.4,98.638,27.852,973.61,17,18,23,53,4.198,135.261,0.568,99,1
14,1.8,19,18.123564,98.123604,14,27.18,65.9,545.9,96.478,22.485,979.069,18,19,24,54,4.198,135.894,0.571,99,1
14,1.9,20,18.123569,98.123611,10,27.19,66,548.5,93.333,17.005,986.435,19,10,25,35,4.198,136.486,0.573,99,1
14,2,21,18.123575,98.123619,11,27.2,66,551,89.238,11.44,995.037,20,11,26,36,4.198,137.037,0.575,99,1
14,2.1,22,18.123581,98.123627,12,27.21,66.1,553.5,84.233,5.819,1004.092,21,12,27,37,4.198,137.544,0.577,99,1
14,2.2,23,18.123587,98.123634,13,27.22,66.1,556,78.37,0.168,1012.773,22,13,28,38,4.198,138.006,0.579,99,1
14,2.3,24,18.123592,98.123642,14,27.23,66.2,558.5,71.707,-5.484,1020.291,23,14,29,39,4.198,138.423,0.581,99,1
14,2.4,25,18.123598,98.12365,10,27.23,66.2,561.1,64.314,-11.108,1025.96,24,15,30,40,4.198,138.792,0.583,99,1
14,2.5,26,18.123604,98.123657,11,27.24,66.3,563.6,56.265,-16.677,1029.264,25,16,31,41,4.197,139.114,0.584,99,1
14,2.6,27,18.12361,98.123665,12,27.25,66.3,566.1,47.643,-22.163,1029.902,26,17,32,42,4.197,139.387,0.585,99,1
14,2.7,28,18.123615,98.123672,13,27.26,66.4,568.7,38.536,-27.537,1027.815,27,18,33,43,4.197,139.61,0.586,99,1
14,2.8,29,18.123621,98.12368,14,27.27,66.4,571.2,29.035,-32.774,1023.194,28,19,34,44,4.197,139.783,0.587,99,1
14,2.9,30,18.123627,98.123688,10,27.28,66.5,573.7,19.239,-37.848,1016.46,29,10,20,45,4.197,139.906,0.587,99,1
14,3,31,18.123632,98.123695,11,27.29,66.5,576.2,9.246,-42.732,1008.227,30,11,21,46,4.197,139.979,0.587,99,1
14,3.2,32,18.123638,98.123703,12,27.29,66.5,578.8,-0.841,-47.403,999.243,31,12,22,47,4.197,140,0.588,99,1
14,3.3,33,18.123644,98.123711,13,27.3,66.6,581.3,-10.919,-51.837,990.329,32,13,23,48,4.197,139.97,0.587,99,1
14,3.4,34,18.12365,98.123718,14,27.31,66.6,583.8,-20.886,-56.012,982.296,33,14,24,49,4.197,139.889,0.587,99,1
14,3.5,35,18.123655,98.123726,10,27.32,66.7,586.3,-30.64,-59.907,975.876,34,15,25,50,4.197,139.758,0.587,99,1
14,3.6,36,18.123661,98.123734,11,27.33,66.7,588.8,-40.082,-63.503,971.654,35,16,26,51,4.196,139.576,0.586,99,1
14,3.7,37,18.123667,98.123741,12,27.33,66.8,591.4,-49.115,-66.781,970.014,36,17,27,52,4.196,139.345,0.585,99,1
14,3.8,38,18.123672,98.123749,13,27.34,66.8,593.9,-57.647,-69.726,971.106,37,18,28,53,4.196,139.064,0.584,99,1
14,3.9,39,18.123678,98.123756,14,27.35,66.9,596.4,-65.593,-72.322,974.831,38,19,29,54,4.196,138.734,0.582,99,1
14,4,40,18.123684,98.123764,10,27.36,66.9,599,-72.869,-74.557,980.849,39,10,30,35,4.196,138.357,0.581,99,1
14,4.1,41,18.12369,98.123772,11,27.36,67,601.5,-79.403,-76.42,988.612,40,11,31,36,4.196,137.933,0.579,99,1
14,4.2,42,18.123695,98.123779,12,27.37,67,604,-85.127,-77.901,997.412,41,12,32,37,4.196,137.463,0.577,99,1
14,4.3,43,18.123701,98.123787,13,27.38,67.1,606.5,-89.984,-78.992,1006.448,42,13,33,38,4.196,136.948,0.575,99,1
14,4.4,44,18.123707,98.123795,14,27.38,67.1,609,-93.924,-79.689,1014.897,43,14,34,39,4.196,136.391,0.572,99,1
14,4.5,45,18.123713,98.123802,10,27.39,67.2,611.6,-96.906,-79.988,1021.988,44,15,20,40,4.196,135.791,0.57,99,1
14,4.6,46,18.123718,98.12381,11,27.4,67.2,614.1,-98.901,-79.887,1027.076,45,16,21,41,4.195,135.152,0.567,99,1
14,4.7,47,18.123724,98.123817,12,27.4,67.2,616.6,-99.888,-79.387,1029.697,46,17,22,42,4.195,134.473,0.564,99,1
14,4.8,48,18.12373,98.123825,13,27.41,67.3,619.2,-99.856,-78.49,1029.613,47,18,23,43,4.195,133.758,0.561,99,1
14,4.9,49,18.123735,98.123833,14,27.41,67.3,621.7,-98.807,-77.201,1026.83,48,19,24,44,4.195,133.008,0.558,99,1
14,5,50,18.123741,98.12384,10,27.42,67.4,624.2,-96.751,-75.526,1021.603,49,10,25,45,4.195,132.224,0.555,99,1
14,5.1,51,18.123747,98.123848,11,27.42,67.4,626.7,-93.709,-73.474,1014.408,50,11,26,46,4.195,131.41,0.551,99,1
14,5.2,52,18.123753,98.123856,12,27.43,67.5,629.2,-89.711,-71.055,1005.9,51,12,27,47,4.195,130.566,0.548,99,1
14,5.3,53,18.123758,98.123863,13,27.43,67.5,631.8,-84.799,-68.281,996.855,52,13,28,48,4.195,129.695,0.544,99,1
14,5.4,54,18.123764,98.123871,14,27.44,67.6,634.3,-79.023,-65.166,988.096,53,14,29,49,4.195,128.8,0.54,99,1
14,5.5,55,18.12377,98.123878,10,27.44,67.6,636.8,-72.441,-61.725,980.421,54,15,30,50,4.195,127.882,0.536,99,1
14,5.6,56,18.123775,98.123886,11,27.45,67.6,639.3,-65.122,-57.975,974.531,55,16,31,51,4.194,126.944,0.532,99,1
14,5.7,57,18.123781,98.123894,12,27.45,67.7,641.9,-57.138,-53.936,970.961,56,17,32,52,4.194,125.989,0.528,99,1
14,5.8,58,18.123787,98.123901,13,27.46,67.7,644.4,-48.572,-49.628,970.036,57,18,33,53,4.194,125.018,0.524,99,1
14,5.9,59,18.123793,98.123909,14,27.46,67.8,646.9,-39.511,-45.072,971.842,58,19,34,54,4.194,124.034,0.52,99,1
14,6,60,18.123798,98.123917,10,27.47,67.8,649.5,-30.047,-40.29,976.213,59,10,20,35,4.194,123.04,0.516,99,1
14,6.1,61,18.123804,98.123924,11,27.47,67.9,652,-20.277,-35.307,982.751,60,11,21,36,4.194,122.038,0.512,99,1
14,6.2,62,18.12381,98.123932,12,27.47,67.9,654.5,-10.3,-30.148,990.861,61,12,22,37,4.194,121.031,0.508,99,1
14,6.3,63,18.123816,98.12394,13,27.48,67.9,657,-0.219,-24.838,999.803,62,13,23,38,4.194,120.022,0.503,99,1
14,6.4,64,18.123821,98.123947,14,27.48,68,659.5,9.865,-19.404,1008.764,63,14,24,39,4.194,119.012,0.499,99,1
14,6.5,65,18.123827,98.123955,10,27.48,68,662.1,19.849,-13.873,1016.925,64,15,25,40,4.194,118.005,0.495,99,1
14,6.6,66,18.123833,98.123962,11,27.48,68.1,664.6,29.63,-8.272,1023.545,65,16,26,41,4.193,117.003,0.491,99,1
14,6.7,67,18.123838,98.12397,12,27.49,68.1,667.1,39.109,-2.631,1028.02,66,17,27,42,4.193,116.009,0.486,99,1
14,6.8,68,18.123844,98.123978,13,27.49,68.1,669.7,48.189,3.024,1029.942,67,18,28,43,4.193,115.025,0.482,99,1
14,6.9,69,18.12385,98.123985,14,27.49,68.2,672.2,56.779,8.664,1029.135,68,19,29,44,4.193,114.053,0.478,99,1
14,7,70,18.123856,98.123993,10,27.49,68.2,674.7,64.789,14.26,1025.675,69,10,30,45,4.193,113.097,0.474,99,1
14,7.1,71,18.123861,98.124001,11,27.49,68.3,677.2,72.14,19.785,1019.875,70,11,31,46,4.193,112.158,0.47,99,1
14,7.2,72,18.123867,98.124008,12,27.5,68.3,679.8,78.754,25.212,1012.264,71,12,32,47,4.193,111.239,0.466,99,1
14,7.3,73,18.123873,98.124016,13,27.5,68.3,682.3,84.567,30.512,1003.536,72,13,33,48,4.193,110.343,0.463,99,1
14,7.4,74,18.123878,98.124023,14,27.5,68.4,684.8,89.517,35.66,994.486,73,14,34,49,4.193,109.471,0.459,99,1
14,7.5,75,18.123884,98.124031,10,27.5,68.4,687.3,93.555,40.63,985.938,74,15,20,50,4.193,108.626,0.455,99,1
14,7.6,76,18.12389,98.124039,11,27.5,68.4,689.8,96.639,45.396,978.671,75,16,21,51,4.192,107.81,0.452,99,1
14,7.7,77,18.123896,98.124046,12,27.5,68.5,692.4,98.739,49.936,973.348,76,17,22,52,4.192,107.026,0.449,99,1
14,7.8,78,18.123901,98.124054,13,27.5,68.5,694.9,99.832,54.227,970.453,77,18,23,53,4.192,106.274,0.446,99,1
14,7.9,79,18.123907,98.124062,14,27.5,68.6,697.4,99.907,58.246,970.25,78,19,24,54,4.192,105.557,0.443,99,1
14,8,80,18.123913,98.124069,10,27.5,68.6,700,98.965,61.975,972.757,79,10,25,35,4.192,104.877,0.44,99,1
14,8.1,81,18.123919,98.124077,11,27.5,68.6,702.5,97.013,65.393,977.746,80,11,26,36,4.192,104.236,0.437,99,1
14,8.2,82,18.123924,98.124084,12,27.5,68.7,705,94.073,68.485,984.763,82,12,27,37,4.192,103.634,0.434,99,1
14,8.3,83,18.12393,98.124092,13,27.5,68.7,707.5,90.174,71.235,993.168,83,13,28,38,4.192,103.075,0.432,99,1
14,8.4,84,18.123936,98.1241,14,27.5,68.7,710,85.356,73.629,1002.196,84,14,29,39,4.192,102.559,0.43,99,1
14,8.5,85,18.123941,98.124107,10,27.5,68.8,712.6,79.668,75.655,1011.023,85,15,30,40,4.191,102.087,0.428,99,1
14,8.6,86,18.123947,98.124115,11,27.49,68.8,715.1,73.168,77.303,1018.846,86,16,31,41,4.191,101.661,0.426,99,1
14,8.7,87,18.123953,98.124123,12,27.49,68.8,717.6,65.922,78.565,1024.953,87,17,32,42,4.191,101.281,0.424,99,1
14,8.8,88,18.123959,98.12413,13,27.49,68.9,720.2,58.004,79.434,1028.785,88,18,33,43,4.191,100.95,0.423,99,1
14,8.9,89,18.123964,98.124138,14,27.49,68.9,722.7,49.495,79.907,1029.995,89,19,34,44,4.191,100.667,0.422,99,1
14,9,90,18.12397,98.124146,10,27.49,68.9,725.2,40.482,79.98,1028.473,90,10,20,45,4.191,100.433,0.421,98,1
14,9.1,91,18.123976,98.124153,11,27.48,69,727.7,31.056,79.653,1024.356,91,11,21,46,4.191,100.249,0.42,98,1
14,9.2,92,18.123981,98.124161,12,27.48,69,730.2,21.313,78.929,1018.02,92,12,22,47,4.191,100.115,0.42,98,1
14,9.3,93,18.123987,98.124168,13,27.48,69,732.8,11.353,77.81,1010.042,93,13,23,48,4.191,100.032,0.419,98,1
14,9.4,94,18.123993,98.124176,14,27.48,69,735.3,1.278,76.303,1001.15,94,14,24,49,4.191,100,0.419,98,1
14,9.5,95,18.123999,98.124184,10,27.47,69.1,737.8,-8.811,74.414,992.152,95,15,25,50,4.19,100.019,0.419,98,1
14,9.6,96,18.124004,98.124191,11,27.47,69.1,740.4,-18.81,72.153,983.87,96,16,26,51,4.19,100.089,0.419,98,1
14,9.7,97,18.12401,98.124199,12,27.47,69.1,742.9,-28.617,69.532,977.057,97,17,27,52,4.19,100.21,0.42,98,1
14,9.8,98,18.124016,98.124207,13,27.46,69.2,745.4,-38.132,66.563,972.335,98,18,28,53,4.19,100.381,0.421,98,1
14,9.9,99,18.124022,98.124214,14,27.46,69.2,747.9,-47.259,63.262,970.133,99,19,29,54,4.19,100.603,0.422,98,1
14,10,100,18.124027,98.124222,10,27.45,69.2,750.5,-55.904,59.645,970.652,100,10,30,35,4.19,100.873,0.423,98,1
14,10.1,101,18.124033,98.124229,11,27.45,69.2,753,-63.979,55.73,973.845,101,11,31,36,4.19,101.193,0.424,98,1
14,10.2,102,18.124039,98.124237,12,27.45,69.3,755.5,-71.402,51.536,979.421,102,12,32,37,4.19,101.56,0.426,98,1
14,10.3,103,18.124044,98.124245,13,27.44,69.3,758,-78.097,47.085,986.872,103,13,33,38,4.19,101.975,0.427,98,1
14,10.4,104,18.12405,98.124252,14,27.44,69.3,760.5,-83.997,42.399,995.519,104,14,34,39,4.19,102.435,0.429,98,1
14,10.5,105,18.124056,98.12426,10,27.43,69.3,763.1,-89.04,37.5,1004.574,105,15,20,40,4.189,102.94,0.431,98,1
14,10.6,106,18.124062,98.124268,11,27.43,69.4,765.6,-93.176,32.415,1013.213,106,16,21,41,4.189,103.489,0.434,98,1
14,10.7,107,18.124067,98.124275,12,27.42,69.4,768.1,-96.362,27.167,1020.648,107,17,22,42,4.189,104.08,0.436,98,1
14,10.8,108,18.124073,98.124283,13,27.41,69.4,770.7,-98.566,21.784,1026.201,108,18,23,43,4.189,104.711,0.439,98,1
14,10.9,109,18.124079,98.12429,14,27.41,69.4,773.2,-99.765,16.292,1029.367,109,19,24,44,4.189,105.381,0.441,98,1
14,11,110,18.124084,98.124298,10,27.4,69.5,775.7,-99.947,10.718,1029.858,110,10,25,45,4.189,106.089,0.444,98,1
14,11.1,111,18.12409,98.124306,11,27.4,69.5,778.2,-99.111,5.091,1027.629,111,11,26,46,4.189,106.832,0.448,98,1
14,11.2,112,18.124096,98.124313,12,27.39,69.5,780.8,-97.265,-0.561,1022.882,112,12,27,47,4.189,107.609,0.451,98,1
14,11.3,113,18.124102,98.124321,13,27.38,69.5,783.3,-94.427,-6.211,1016.05,113,13,28,48,4.189,108.417,0.454,98,1
14,11.4,114,18.124107,98.124329,14,27.38,69.5,785.8,-90.627,-11.83,1007.756,114,14,29,49,4.189,109.255,0.458,98,1
14,11.5,115,18.124113,98.124336,10,27.37,69.6,788.3,-85.903,-17.39,998.756,115,15,30,50,4.188,110.12,0.461,98,1
14,11.6,116,18.124119,98.124344,11,27.36,69.6,790.8,-80.304,-22.862,989.869,116,16,31,51,4.188,111.01,0.465,98,1
14,11.7,117,18.124125,98.124352,12,27.36,69.6,793.4,-73.886,-28.221,981.905,117,17,32,52,4.188,111.924,0.469,98,1
14,11.8,118,18.12413,98.124359,13,27.35,69.6,795.9,-66.715,-33.438,975.589,118,18,33,53,4.188,112.858,0.473,98,1
14,11.9,119,18.124136,98.124367,14,27.34,69.6,798.4,-58.864,-38.489,971.498,119,19,34,54,4.188,113.81,0.477,98,1
14,12,120,18.124142,98.124374,10,27.33,69.7,801,-50.413,-43.347,970.003,120,10,20,35,4.188,114.778,0.481,98,1
14,12.1,121,18.124147,98.124382,11,27.33,69.7,803.5,-41.448,-47.988,971.241,121,11,21,36,4.188,115.759,0.485,98,1
14,12.2,122,18.124153,98.12439,12,27.32,69.7,806,-32.061,-52.39,975.1,122,12,22,37,4.188,116.751,0.489,98,1
14,12.3,123,18.124159,98.124397,13,27.31,69.7,808.5,-22.347,-56.53,981.227,123,13,23,38,4.188,117.751,0.493,98,1
14,12.4,124,18.124165,98.124405,14,27.3,69.7,811,-12.405,-60.388,989.065,124,14,24,39,4.188,118.757,0.497,98,1
14,12.5,125,18.12417,98.124413,10,27.3,69.8,813.6,-2.337,-63.943,997.898,125,15,25,40,4.187,119.766,0.502,98,1
14,12.6,126,18.124176,98.12442,11,27.29,69.8,816.1,7.755,-67.18,1006.924,126,16,26,41,4.187,120.776,0.506,98,1
14,12.7,127,18.124182,98.124428,12,27.28,69.8,818.6,17.768,-70.081,1015.318,127,17,27,42,4.187,121.784,0.51,98,1
14,12.8,128,18.124187,98.124435,13,27.27,69.8,821.1,27.6,-72.631,1022.317,128,18,28,43,4.187,122.787,0.514,98,1
14,12.9,129,18.124193,98.124443,14,27.26,69.8,823.7,37.15,-74.819,1027.283,129,19,29,44,4.187,123.783,0.518,98,1
14,13,130,18.124199,98.124451,10,27.25,69.8,826.2,46.322,-76.633,1029.763,130,10,30,45,4.187,124.77,0.522,98,1
14,13.1,131,18.124205,98.124458,11,27.24,69.8,828.7,55.022,-78.063,1029.531,131,11,31,46,4.187,125.744,0.526,98,1
14,13.2,132,18.12421,98.124466,12,27.24,69.8,831.2,63.161,-79.104,1026.609,132,12,32,47,4.187,126.704,0.53,98,1
14,13.4,133,18.124216,98.124474,13,27.23,69.9,833.8,70.656,-79.75,1021.262,133,13,33,48,4.187,127.647,0.534,98,1
14,13.5,134,18.124222,98.124481,14,27.22,69.9,836.3,77.431,-79.997,1013.978,134,14,34,49,4.187,128.57,0.538,98,1
14,13.6,135,18.124228,98.124489,10,27.21,69.9,838.8,83.417,-79.845,1005.421,135,15,20,50,4.186,129.471,0.542,98,1
14,13.7,136,18.124233,98.124496,11,27.2,69.9,841.4,88.553,-79.293,996.37,136,16,21,51,4.186,130.348,0.546,98,1
14,13.8,137,18.124239,98.124504,12,27.19,69.9,843.9,92.786,-78.346,987.65,137,17,22,52,4.186,131.199,0.549,98,1
14,13.9,138,18.124245,98.124512,13,27.18,69.9,846.4,96.073,-77.007,980.054,138,18,23,53,4.186,132.021,0.553,98,1
14,14,139,18.12425,98.124519,14,27.17,69.9,848.9,98.381,-75.283,974.276,139,19,24,54,4.186,132.813,0.556,98,1
14,14.1,140,18.124256,98.124527,10,27.16,69.9,851.5,99.687,-73.183,970.842,140,10,25,35,4.186,133.571,0.559,98,1
14,14.2,141,18.124262,98.124535,11,27.15,69.9,854,99.976,-70.717,970.064,141,11,26,36,4.186,134.296,0.562,98,1
14,14.3,142,18.124268,98.124542,12,27.14,69.9,856.5,99.247,-67.898,972.014,142,12,27,37,4.186,134.983,0.565,98,1
14,14.4,143,18.124273,98.12455,13,27.13,70,859,97.505,-64.74,976.513,143,13,28,38,4.186,135.633,0.568,98,1
14,14.5,144,18.124279,98.124557,14,27.12,70,861.5,94.77,-61.258,983.153,144,14,29,39,4.186,136.243,0.57,98,1
14,14.6,145,18.124285,98.124565,10,27.11,70,864.1,91.07,-57.471,991.327,145,15,30,40,4.185,136.811,0.573,98,1
14,14.7,146,18.12429,98.124573,11,27.1,70,866.6,86.44,-53.396,1000.291,146,16,31,41,4.185,137.337,0.575,98,1
14,14.8,147,18.124296,98.12458,12,27.09,70,869.1,80.93,-49.054,1009.229,147,17,32,42,4.185,137.818,0.577,98,1
14,14.9,148,18.124302,98.124588,13,27.08,70,871.7,74.595,-44.467,1017.326,148,18,33,43,4.185,138.254,0.579,98,1
14,15,149,18.124308,98.124596,14,27.07,70,874.2,67.5,-39.658,1023.844,149,19,34,44,4.185,138.643,0.58,98,1
14,15.1,150,18.124313,98.124603,10,27.06,70,876.7,59.717,-34.651,1028.19,150,10,20,45,4.185,138.985,0.582,98,1
14,15.2,151,18.124319,98.124611,11,27.05,70,879.2,51.325,-29.471,1029.968,151,11,21,46,4.185,139.278,0.583,98,1
14,15.3,152,18.124325,98.124619,12,27.04,70,881.8,42.41,-24.144,1029.015,152,12,22,47,4.185,139.522,0.584,98,1
14,15.4,153,18.124331,98.124626,13,27.03,70,884.3,33.062,-18.695,1025.419,153,13,23,48,4.185,139.717,0.585,98,1
14,15.5,154,18.124336,98.124634,14,27.02,70,886.8,23.378,-13.154,1019.507,154,14,24,49,4.185,139.861,0.585,98,1
14,15.6,155,18.124342,98.124641,10,27.01,70,889.3,13.455,-7.547,1011.818,155,15,25,50,4.184,139.954,0.586,98,1
14,15.7,156,18.124348,98.124649,11,27,70,891.8,3.396,-1.902,1003.051,156,16,26,51,4.184,139.997,0.586,98,1
14,15.8,157,18.124353,98.124657,12,26.99,70,894.4,-6.699,3.753,994.007,157,17,27,52,4.184,139.989,0.586,98,1
14,15.9,158,18.124359,98.124664,13,26.98,70,896.9,-16.725,9.388,985.509,158,18,28,53,4.184,139.929,0.585,98,1
14,16,159,18.124365,98.124672,14,26.97,70,899.4,-26.58,14.977,978.331,159,19,29,54,4.184,139.819,0.585,98,1
14,16.1,160,18.124371,98.12468,10,26.96,70,901.9,-36.165,20.491,973.128,160,10,30,35,4.184,139.659,0.584,98,1
14,16.2,161,18.124376,98.124687,11,26.95,70,904.5,-45.381,25.903,970.372,161,11,31,36,4.184,139.448,0.583,98,1
14,16.3,162,18.124382,98.124695,12,26.94,70,907,-54.135,31.185,970.316,162,12,32,37,4.184,139.188,0.582,98,1
14,16.4,163,18.124388,98.124702,13,26.93,70,909.5,-62.336,36.311,972.965,163,13,33,38,4.184,138.878,0.581,98,1
14,16.5,164,18.124393,98.12471,14,26.92,70,912,-69.903,41.256,978.076,164,14,34,39,4.184,138.521,0.58,98,1
14,16.6,165,18.124399,98.124718,10,26.91,70,914.6,-76.757,45.995,985.185,165,15,20,40,4.183,138.116,0.578,98,1
14,16.7,166,18.124405,98.124725,11,26.9,70,917.1,-82.828,50.504,993.644,166,16,21,41,4.183,137.665,0.576,98,1
14,16.8,167,18.124411,98.124733,12,26.89,70,919.6,-88.056,54.76,1002.682,167,17,22,42,4.183,137.169,0.574,98,1
14,16.9,168,18.124416,98.124741,13,26.88,70,922.1,-92.386,58.743,1011.475,168,18,23,43,4.183,136.63,0.572,98,1
14,17,169,18.124422,98.124748,14,26.87,70,924.7,-95.774,62.433,1019.223,169,19,24,44,4.183,136.048,0.569,98,1
14,17.1,170,18.124428,98.124756,10,26.86,70,927.2,-98.186,65.811,1025.22,170,10,25,45,4.183,135.425,0.566,98,1
14,17.2,171,18.124434,98.124763,11,26.85,69.9,929.7,-99.597,68.859,1028.919,171,11,26,46,4.183,134.762,0.564,98,1
14,17.3,172,18.124439,98.124771,12,26.84,69.9,932.2,-99.994,71.564,1029.983,172,12,27,47,4.183,134.062,0.561,98,1
14,17.4,173,18.124445,98.124779,13,26.83,69.9,934.8,-99.371,73.911,1028.315,173,13,28,48,4.183,133.327,0.558,98,1
14,17.5,174,18.124451,98.124786,14,26.83,69.9,937.3,-97.735,75.889,1024.068,174,14,29,49,4.183,132.557,0.554,98,1
14,17.6,175,18.124456,98.124794,10,26.82,69.9,939.8,-95.103,77.488,1017.628,175,15,30,50,4.182,131.755,0.551,98,1
14,17.7,176,18.124462,98.124802,11,26.81,69.9,942.3,-91.502,78.699,1009.581,176,16,31,51,4.182,130.923,0.548,98,1
14,17.8,177,18.124468,98.124809,12,26.8,69.9,944.9,-86.968,79.518,1000.662,177,17,32,52,4.182,130.064,0.544,98,1
14,17.9,178,18.124474,98.124817,13,26.79,69.9,947.4,-81.548,79.939,991.683,178,18,33,53,4.182,129.178,0.54,98,1
14,18,179,18.124479,98.124825,14,26.78,69.9,949.9,-75.296,79.96,983.461,179,19,34,54,4.182,128.27,0.536,98,1
14,18.1,180,18.124485,98.124832,10,26.77,69.9,952.5,-68.278,79.582,976.746,180,10,20,35,4.182,127.34,0.533,97,1
14,18.2,181,18.124491,98.12484,11,26.76,69.8,955,-60.563,78.807,972.15,181,11,21,36,4.182,126.391,0.529,97,1
14,18.3,182,18.124496,98.124847,12,26.75,69.8,957.5,-52.231,77.638,970.091,183,12,22,37,4.182,125.427,0.524,97,1
14,18.4,183,18.124502,98.124855,13,26.74,69.8,960,-43.367,76.08,970.757,184,13,23,38,4.182,124.448,0.52,97,1
14,18.5,184,18.124508,98.124863,14,26.73,69.8,962.6,-34.06,74.143,974.088,185,14,24,39,4.181,123.458,0.516,97,1
14,18.6,185,18.124514,98.12487,10,26.73,69.8,965.1,-24.406,71.835,979.779,186,15,25,40,4.181,122.459,0.512,97,1
14,18.7,186,18.124519,98.124878,11,26.72,69.8,967.6,-14.504,69.169,987.312,187,16,26,41,4.181,121.454,0.508,97,1
14,18.8,187,18.124525,98.124886,12,26.71,69.8,970.1,-4.454,66.156,996.002,188,17,27,42,4.181,120.446,0.504,97,1
14,18.9,188,18.124531,98.124893,13,26.7,69.7,972.7,5.641,62.813,1005.056,189,18,28,43,4.181,119.436,0.499,97,1
14,19,189,18.124537,98.124901,14,26.69,69.7,975.2,15.679,59.157,1013.649,190,19,29,44,4.181,118.427,0.495,97,1
14,19.1,190,18.124542,98.124908,10,26.69,69.7,977.7,25.558,55.205,1020.999,191,10,30,45,4.181,117.423,0.491,97,1
14,19.2,191,18.124548,98.124916,11,26.68,69.7,980.2,35.175,50.976,1026.435,192,11,31,46,4.181,116.425,0.487,97,1
14,19.3,192,18.124554,98.124924,12,26.67,69.7,982.8,44.435,46.494,1029.463,193,12,32,47,4.181,115.436,0.483,97,1
14,19.4,193,18.124559,98.124931,13,26.66,69.7,985.3,53.241,41.779,1029.807,194,13,33,48,4.181,114.459,0.479,97,1
14,19.5,194,18.124565,98.124939,14,26.66,69.6,987.8,61.505,36.855,1027.435,195,14,34,49,4.18,113.496,0.474,97,1
14,19.6,195,18.124571,98.124947,10,26.65,69.6,990.3,69.141,31.747,1022.563,196,15,20,50,4.18,112.55,0.471,97,1
14,19.7,196,18.124577,98.124954,11,26.64,69.6,992.9,76.074,26.48,1015.636,197,16,21,51,4.18,111.622,0.467,97,1
14,19.8,197,18.124582,98.124962,12,26.63,69.6,995.4,82.23,21.081,1007.284,198,17,22,52,4.18,110.716,0.463,97,1
14,19.9,198,18.124588,98.124969,13,26.63,69.6,997.9,87.549,15.577,998.269,199,18,23,53,4.18,109.834,0.459,97,1
14,20,199,18.124594,98.124977,14,26.62,69.5,1000,91.975,9.995,989.411,200,19,24,54,4.18,108.977,0.456,97,2
14,20.1,200,18.124599,98.124985,10,26.61,69.5,1000,95.464,4.363,981.518,201,10,25,35,4.18,108.149,0.452,97,2
14,20.2,201,18.124605,98.124992,11,26.61,69.5,1000,97.98,-1.291,975.309,202,11,26,36,4.18,107.351,0.449,97,2
14,20.3,202,18.124611,98.125,12,26.6,69.5,1000,99.497,-6.938,971.349,203,12,27,37,4.18,106.585,0.445,97,2
14,20.4,203,18.124617,98.125008,13,26.6,69.5,1000,100,-12.551,970,204,13,28,38,4.18,105.853,0.442,97,2
14,20.5,204,18.124622,98.125015,14,26.59,69.4,1000,99.484,-18.101,971.384,205,14,29,39,4.179,105.158,0.44,97,2
14,20.6,205,18.124628,98.125023,10,26.58,69.4,1000,97.954,-23.56,975.375,206,15,30,40,4.179,104.5,0.437,97,2
14,20.7,206,18.124634,98.125031,11,26.58,69.4,1000,95.425,-28.902,981.61,207,16,31,41,4.179,103.882,0.434,97,2
14,20.8,207,18.12464,98.125038,12,26.57,69.4,1000,91.924,-34.099,989.52,208,17,32,42,4.179,103.305,0.432,97,2
14,20.9,208,18.124645,98.125046,13,26.57,69.3,1000,87.486,-39.126,998.385,209,18,33,43,4.179,102.77,0.429,97,2
14,21,209,18.124651,98.125053,14,26.56,69.3,1000,82.156,-43.958,1007.397,210,19,34,44,4.179,102.279,0.427,97,2
14,21.1,210,18.124657,98.125061,10,26.56,69.3,1000,75.989,-48.57,1015.736,211,10,20,45,4.179,101.834,0.426,97,2
14,21.2,211,18.124662,98.125069,11,26.55,69.3,1000,69.048,-52.939,1022.64,212,11,21,46,4.179,101.435,0.424,97,2
14,21.3,212,18.124668,98.125076,12,26.55,69.2,1000,61.402,-57.044,1027.482,213,12,22,47,4.179,101.083,0.422,97,2
14,21.4,213,18.124674,98.125084,13,26.54,69.2,1000,53.131,-60.863,1029.82,214,13,23,48,4.179,100.779,0.421,97,2
14,21.5,214,18.12468,98.125092,14,26.54,69.2,1000,44.319,-64.379,1029.441,215,14,24,49,4.178,100.525,0.42,97,2
14,21.6,215,18.124685,98.125099,10,26.54,69.1,1000,35.054,-67.573,1026.38,216,15,25,50,4.178,100.32,0.419,97,2
14,21.7,216,18.124691,98.125107,11,26.53,69.1,1000,25.432,-70.429,1020.915,217,16,26,51,4.178,100.165,0.419,97,2
14,21.8,217,18.124697,98.125114,12,26.53,69.1,1000,15.552,-72.934,1013.545,218,17,27,52,4.178,100.061,0.418,97,2
14,21.9,218,18.124702,98.125122,13,26.53,69.1,1000,5.512,-75.074,1004.941,219,18,28,53,4.178,100.008,0.418,97,2
14,22,219,18.124708,98.12513,14,26.52,69,1000,-4.584,-76.839,995.886,220,19,29,54,4.178,100.005,0.418,97,2
14,22.1,220,18.124714,98.125137,10,26.52,69,1000,-14.632,-78.22,987.207,221,10,30,35,4.178,100.054,0.418,97,2
14,22.2,221,18.12472,98.125145,11,26.52,69,1000,-24.532,-79.21,979.693,222,11,31,36,4.178,100.153,0.418,97,2
14,22.3,222,18.124725,98.125153,12,26.51,68.9,1000,-34.182,-79.804,974.029,223,12,32,37,4.178,100.303,0.419,97,2
14,22.4,223,18.124731,98.12516,13,26.51,68.9,1000,-43.483,-80,970.731,224,13,33,38,4.178,100.504,0.42,97,2
14,22.5,224,18.124737,98.125168,14,26.51,68.9,1000,-52.341,-79.796,970.1,225,14,34,39,4.177,100.754,0.421,97,2
14,22.6,225,18.124743,98.125175,10,26.51,68.8,1000,-60.666,-79.193,972.193,226,15,20,40,4.177,101.053,0.422,97,2
14,22.7,226,18.124748,98.125183,11,26.51,68.8,1000,-68.372,-78.195,976.82,227,16,21,41,4.177,101.4,0.424,97,2
14,22.8,227,18.124754,98.125191,12,26.51,68.8,1000,-75.382,-76.806,983.558,228,17,22,42,4.177,101.795,0.425,97,2
14,22.9,228,18.12476,98.125198,13,26.5,68.7,1000,-81.623,-75.033,991.795,229,18,23,43,4.177,102.236,0.427,97,2
14,23,229,18.124765,98.125206,14,26.5,68.7,1000,-87.032,-72.885,1000.779,230,19,24,44,4.177,102.723,0.429,97,2
14,23.1,230,18.124771,98.125214,10,26.5,68.7,1000,-91.554,-70.373,1009.692,231,10,25,45,4.177,103.254,0.431,97,2
14,23.2,231,18.124777,98.125221,11,26.5,68.6,1000,-95.143,-67.51,1017.722,232,11,26,46,4.177,103.827,0.434,97,2
14,23.4,232,18.124783,98.125229,12,26.5,68.6,1000,-97.762,-64.309,1024.137,233,12,27,47,4.177,104.441,0.436,97,2
14,23.5,233,18.124788,98.125237,13,26.5,68.6,1000,-99.385,-60.787,1028.354,234,13,28,48,4.177,105.096,0.439,97,2
14,23.6,234,18.124794,98.125244,14,26.5,68.5,1000,-99.995,-56.961,1029.987,235,14,29,49,4.176,105.788,0.442,97,2
14,23.7,235,18.1248,98.125252,10,26.5,68.5,1000,-99.586,-52.851,1028.888,236,15,30,50,4.176,106.516,0.445,97,2
14,23.8,236,18.124805,98.125259,11,26.5,68.5,1000,-98.161,-48.476,1025.157,237,16,31,51,4.176,107.279,0.448,97,2
14,23.9,237,18.124811,98.125267,12,26.5,68.4,1000,-95.737,-43.859,1019.134,238,17,32,52,4.176,108.074,0.451,97,2
14,24,238,18.124817,98.125275,13,26.5,68.4,1000,-92.336,-39.023,1011.368,239,18,33,53,4.176,108.9,0.455,97,2
14,24.1,239,18.124823,98.125282,14,26.5,68.4,1000,-87.994,-33.993,1002.566,240,19,34,54,4.176,109.754,0.458,97,2
14,24.2,240,18.124828,98.12529,10,26.5,68.3,1000,-82.756,-28.792,993.53,241,10,20,35,4.176,110.634,0.462,97,2
14,24.3,241,18.124834,98.125298,11,26.5,68.3,1000,-76.674,-23.447,985.084,242,11,21,36,4.176,111.538,0.466,97,2
14,24.4,242,18.12484,98.125305,12,26.51,68.2,1000,-69.81,-17.986,977.997,243,12,22,37,4.176,112.463,0.47,97,2
14,24.5,243,18.124846,98.125313,13,26.51,68.2,1000,-62.235,-12.434,972.914,244,13,23,38,4.176,113.408,0.474,97,2
14,24.6,244,18.124851,98.12532,14,26.51,68.2,1000,-54.026,-6.82,970.299,245,14,24,39,4.175,114.37,0.478,97,2
14,24.7,245,18.124857,98.125328,10,26.51,68.1,1000,-45.266,-1.173,970.391,246,15,25,40,4.175,115.346,0.482,97,2
14,24.8,246,18.124863,98.125336,11,26.51,68.1,1000,-36.044,4.481,973.18,247,16,26,41,4.175,116.333,0.486,97,2
14,24.9,247,18.124868,98.125343,12,26.52,68,1000,-26.455,10.112,978.412,248,17,27,42,4.175,117.331,0.49,97,2
14,25,248,18.124874,98.125351,13,26.52,68,1000,-16.597,15.693,985.611,249,18,28,43,4.175,118.335,0.494,97,2
14,25.1,249,18.12488,98.125359,14,26.52,68,998.7,-6.569,21.195,994.121,250,19,29,44,4.175,119.343,0.498,97,4
14,25.2,250,18.124886,98.125366,10,26.53,67.9,996.6,3.525,26.591,1003.167,251,10,30,45,4.175,120.353,0.502,97,4
14,25.3,251,18.124891,98.125374,11,26.53,67.9,994.6,13.584,31.855,1011.925,252,11,31,46,4.175,121.362,0.507,97,4
14,25.4,252,18.124897,98.125381,12,26.53,67.8,992.6,23.504,36.959,1019.595,253,12,32,47,4.175,122.367,0.511,97,4
14,25.5,253,18.124903,98.125389,13,26.54,67.8,990.6,33.185,41.879,1025.481,254,13,33,48,4.175,123.366,0.515,97,4
14,25.6,254,18.124908,98.125397,14,26.54,67.8,988.6,42.527,46.59,1029.045,255,14,34,49,4.174,124.357,0.519,97,4
14,25.7,255,18.124914,98.125404,10,26.54,67.7,986.5,51.436,51.067,1029.963,256,15,20,50,4.174,125.337,0.523,97,4
14,25.8,256,18.12492,98.125412,11,26.55,67.7,984.5,59.82,55.29,1028.15,257,16,21,51,4.174,126.303,0.527,97,4
14,25.9,257,18.124926,98.12542,12,26.55,67.6,982.5,67.595,59.236,1023.773,258,17,22,52,4.174,127.253,0.531,97,4
14,26,258,18.124931,98.125427,13,26.56,67.6,980.5,74.681,62.886,1017.231,259,18,23,53,4.174,128.185,0.535,97,4
14,26.1,259,18.124937,98.125435,14,26.56,67.5,978.5,81.006,66.222,1009.118,260,19,24,54,4.174,129.096,0.539,97,4
14,26.2,260,18.124943,98.125443,10,26.57,67.5,976.4,86.505,69.228,1000.175,261,10,25,35,4.174,129.983,0.543,97,4
14,26.3,261,18.124949,98.12545,11,26.57,67.5,974.4,91.123,71.887,991.215,262,11,26,36,4.174,130.845,0.546,97,4
14,26.4,262,18.124954,98.125458,12,26.58,67.4,972.4,94.812,74.187,983.056,263,12,27,37,4.174,131.68,0.55,97,4
14,26.5,263,18.12496,98.125465,13,26.58,67.4,970.4,97.534,76.117,976.441,264,13,28,38,4.174,132.484,0.553,97,4
14,26.6,264,18.124966,98.125473,14,26.59,67.3,968.4,99.262,77.666,971.972,265,14,29,39,4.173,133.257,0.556,97,4
14,26.7,265,18.124971,98.125481,10,26.59,67.3,966.3,99.979,78.827,970.057,266,15,30,40,4.173,133.996,0.559,97,4
14,26.8,266,18.124977,98.125488,11,26.6,67.2,964.3,99.676,79.594,970.87,267,16,31,41,4.173,134.699,0.562,97,4
14,26.9,267,18.124983,98.125496,12,26.61,67.2,962.3,98.358,79.964,974.337,268,17,32,42,4.173,135.365,0.565,97,4
14,27,268,18.124989,98.125504,13,26.61,67.1,960.3,96.037,79.934,980.142,269,18,33,43,4.173,135.992,0.567,97,4
14,27.1,269,18.124994,98.125511,14,26.62,67.1,958.3,92.737,79.505,987.756,270,19,34,44,4.173,136.578,0.57,96,8
14,27.2,270,18.125,98.125519,10,26.63,67.1,956.2,88.493,78.678,996.486,271,10,20,45,4.173,137.122,0.572,96,8
14,27.3,271,18.125006,98.125526,11,26.63,67,954.2,83.346,77.458,1005.536,272,11,21,46,4.173,137.621,0.574,96,8
14,27.4,272,18.125011,98.125534,12,26.64,67,952.2,77.349,75.852,1014.081,273,12,22,47,4.173,138.077,0.576,96,8
14,27.5,273,18.125017,98.125542,13,26.65,66.9,950.2,70.565,73.866,1021.344,274,13,23,48,4.173,138.485,0.578,96,8
14,27.6,274,18.125023,98.125549,14,26.65,66.9,948.2,63.061,71.511,1026.662,275,14,24,49,4.172,138.847,0.579,96,8
14,27.7,275,18.125029,98.125557,10,26.66,66.8,946.1,54.914,68.799,1029.551,276,15,25,50,4.172,139.161,0.581,96,8
14,27.8,276,18.125034,98.125565,11,26.67,66.8,944.1,46.207,65.743,1029.748,277,16,26,51,4.172,139.426,0.582,96,8
14,27.9,277,18.12504,98.125572,12,26.68,66.7,942.1,37.03,62.359,1027.234,278,17,27,52,4.172,139.641,0.583,96,8
14,28,278,18.125046,98.12558,13,26.68,66.7,940.1,27.475,58.663,1022.239,279,18,28,53,4.172,139.807,0.583,96,8
14,28.1,279,18.125051,98.125587,14,26.69,66.6,938.1,17.641,54.674,1015.218,280,19,29,54,4.172,139.921,0.584,96,8
14,28.2,280,18.125057,98.125595,10,26.7,66.6,936,7.626,50.412,1006.81,281,10,30,35,4.172,139.985,0.584,96,8
14,28.3,281,18.125063,98.125603,11,26.71,66.5,934,-2.466,45.898,997.782,282,11,31,36,4.172,139.998,0.584,96,8
14,28.4,282,18.125069,98.12561,12,26.72,66.5,932,-12.534,41.155,988.956,284,12,32,37,4.172,139.961,0.584,96,8
14,28.5,283,18.125074,98.125618,13,26.72,66.4,930,-22.473,36.206,981.136,285,13,33,38,4.171,139.872,0.583,96,8
14,28.6,284,18.12508,98.125626,14,26.73,66.4,928,-32.183,31.076,975.035,286,14,34,39,4.171,139.732,0.583,96,8
14,28.7,285,18.125086,98.125633,10,26.74,66.3,925.9,-41.566,25.791,971.208,287,15,20,40,4.171,139.542,0.582,96,8
14,28.8,286,18.125092,98.125641,11,26.75,66.3,923.9,-50.525,20.377,970.005,288,16,21,41,4.171,139.303,0.581,96,8
14,28.9,287,18.125097,98.125648,12,26.76,66.2,921.9,-58.968,14.861,971.534,289,17,22,42,4.171,139.014,0.58,96,8
14,29,288,18.125103,98.125656,13,26.77,66.2,919.9,-66.811,9.271,975.657,290,18,23,43,4.171,138.677,0.578,96,8
14,29.1,289,18.125109,98.125664,14,26.78,66.1,917.9,-73.973,3.635,981.998,291,19,24,44,4.171,138.292,0.577,96,8
14,29.2,290,18.125114,98.125671,10,26.79,66.1,915.8,-80.381,-2.02,989.979,292,10,25,45,4.171,137.86,0.575,96,8
14,29.3,291,18.12512,98.125679,11,26.8,66,913.8,-85.969,-7.664,998.872,293,11,26,46,4.171,137.383,0.573,96,8
14,29.4,292,18.125126,98.125687,12,26.8,66,911.8,-90.682,-13.27,1007.869,294,12,27,47,4.171,136.861,0.571,96,8
14,29.5,293,18.125132,98.125694,13,26.81,65.9,909.8,-94.47,-18.81,1016.149,295,13,28,48,4.17,136.297,0.568,96,8
14,29.6,294,18.125137,98.125702,14,26.82,65.9,907.8,-97.295,-24.256,1022.957,296,14,29,49,4.17,135.691,0.566,96,8
14,29.7,295,18.125143,98.12571,10,26.83,65.8,905.7,-99.128,-29.581,1027.674,297,15,30,50,4.17,135.045,0.563,96,8
14,29.8,296,18.125149,98.125717,11,26.84,65.8,903.7,-99.952,-34.757,1029.869,298,16,31,51,4.17,134.361,0.56,96,8
14,29.9,297,18.125154,98.125725,12,26.85,65.7,901.7,-99.756,-39.761,1029.343,299,17,32,52,4.17,133.64,0.557,96,8
14,30,298,18.12516,98.125732,13,26.86,65.7,899.7,-98.544,-44.565,1026.144,300,18,33,53,4.17,132.884,0.554,96,8
14,30.1,299,18.125166,98.12574,14,26.87,65.6,897.7,-96.327,-49.147,1020.563,301,19,34,54,4.17,132.095,0.551,96,8
14,30.2,300,18.125172,98.125748,10,26.88,65.6,895.6,-93.129,-53.483,1013.108,302,10,20,35,4.17,131.276,0.547,96,8
14,30.3,301,18.125177,98.125755,11,26.89,65.5,893.6,-88.981,-57.553,1004.459,303,11,21,36,4.17,130.428,0.544,96,8
14,30.4,302,18.125183,98.125763,12,26.9,65.5,891.6,-83.926,-61.334,995.404,304,12,22,37,4.17,129.553,0.54,96,8
14,30.5,303,18.125189,98.125771,13,26.91,65.4,889.6,-78.016,-64.809,986.767,305,13,23,38,4.169,128.654,0.536,96,8
14,30.6,304,18.125195,98.125778,14,26.92,65.4,887.6,-71.311,-67.96,979.336,306,14,24,39,4.169,127.732,0.533,96,8
14,30.7,305,18.1252,98.125786,10,26.93,65.3,885.5,-63.879,-70.772,973.788,307,15,25,40,4.169,126.791,0.529,96,8
14,30.8,306,18.125206,98.125793,11,26.94,65.3,883.5,-55.796,-73.23,970.628,308,16,26,41,4.169,125.833,0.525,96,8
14,30.9,307,18.125212,98.125801,12,26.95,65.2,881.5,-47.144,-75.323,970.144,309,17,27,42,4.169,124.86,0.521,96,8
14,31,308,18.125217,98.125809,13,26.96,65.2,879.5,-38.012,-77.038,972.38,310,18,28,43,4.169,123.875,0.516,96,8
14,31.1,309,18.125223,98.125816,14,26.97,65.1,877.5,-28.492,-78.369,977.133,311,19,29,44,4.169,122.879,0.512,96,8
14,31.2,310,18.125229,98.125824,10,26.98,65.1,875.4,-18.682,-79.309,983.969,312,10,30,45,4.169,121.876,0.508,96,8
14,31.3,311,18.125235,98.125832,11,26.99,65,873.4,-8.682,-79.852,992.265,313,11,31,46,4.169,120.869,0.504,96,8
14,31.4,312,18.12524,98.125839,12,27,65,871.4,1.407,-79.996,1001.266,314,12,32,47,4.169,119.859,0.5,96,8
14,31.5,313,18.125246,98.125847,13,27.01,64.9,869.4,11.482,-79.741,1010.152,315,13,33,48,4.168,118.85,0.495,96,8
14,31.6,314,18.125252,98.125854,14,27.02,64.9,867.4,21.44,-79.087,1018.113,316,14,34,49,4.168,117.843,0.491,96,8
14,31.7,315,18.125257,98.125862,10,27.03,64.8,865.3,31.179,-78.038,1024.424,317,15,20,50,4.168,116.843,0.487,96,8
14,31.8,316,18.125263,98.12587,11,27.04,64.8,863.3,40.6,-76.599,1028.509,318,16,21,51,4.168,115.85,0.483,96,8
14,31.9,317,18.125269,98.125877,12,27.05,64.7,861.3,49.608,-74.777,1029.997,319,17,22,52,4.168,114.867,0.479,96,8
14,32,318,18.125275,98.125885,13,27.06,64.7,859.3,58.109,-72.582,1028.752,320,18,23,53,4.168,113.898,0.475,96,8
14,32.1,319,18.12528,98.125893,14,27.07,64.6,857.3,66.019,-70.024,1024.888,321,19,24,54,4.168,112.944,0.471,96,8
14,32.2,320,18.125286,98.1259,10,27.08,64.6,855.2,73.256,-67.116,1018.756,322,10,25,35,4.168,112.009,0.467,96,8
14,32.3,321,18.125292,98.125908,11,27.09,64.5,853.2,79.746,-63.873,1010.915,323,11,26,36,4.168,111.094,0.463,96,8
14,32.4,322,18.125298,98.125916,12,27.1,64.5,851.2,85.423,-60.31,1002.08,324,12,27,37,4.168,110.201,0.459,96,8
14,32.5,323,18.125303,98.125923,13,27.11,64.4,849.2,90.23,-56.447,993.055,325,13,28,38,4.167,109.333,0.456,96,8
14,32.6,324,18.125309,98.125931,14,27.12,64.4,847.2,94.117,-52.301,984.663,326,14,29,39,4.167,108.493,0.452,96,8
14,32.7,325,18.125315,98.125938,10,27.13,64.3,845.1,97.045,-47.894,977.668,327,15,30,40,4.167,107.682,0.449,96,8
14,32.8,326,18.12532,98.125946,11,27.14,64.3,843.1,98.983,-43.248,972.708,328,16,31,41,4.167,106.902,0.445,96,8
14,32.9,327,18.125326,98.125954,12,27.15,64.2,841.1,99.913,-38.385,970.235,329,17,32,42,4.167,106.156,0.442,96,8
14,33,328,18.125332,98.125961,13,27.16,64.2,839.1,99.824,-33.331,970.473,330,18,33,43,4.167,105.445,0.439,96,8
14,33.1,329,18.125338,98.125969,14,27.17,64.1,837.1,98.718,-28.11,973.402,331,19,34,44,4.167,104.771,0.437,96,8
14,33.2,330,18.125343,98.125977,10,27.18,64.1,835,96.606,-22.749,978.754,332,10,20,45,4.167,104.136,0.434,96,8
14,33.3,331,18.125349,98.125984,11,27.19,64,833,93.509,-17.275,986.041,333,11,21,46,4.167,103.542,0.431,96,8
14,33.5,332,18.125355,98.125992,12,27.2,64,831,89.459,-11.713,994.601,334,12,22,47,4.167,102.989,0.429,96,8
14,33.6,333,18.12536,98.125999,13,27.21,63.9,829,84.498,-6.094,1003.652,335,13,23,48,4.166,102.48,0.427,96,8
14,33.7,334,18.125366,98.126007,14,27.22,63.9,827,78.675,-0.444,1012.371,336,14,24,49,4.166,102.015,0.425,96,8
14,33.8,335,18.125372,98.126015,10,27.23,63.8,824.9,72.05,5.209,1019.962,337,15,25,50,4.166,101.596,0.423,96,8
14,33.9,336,18.125378,98.126022,11,27.23,63.8,822.9,64.691,10.835,1025.735,338,16,26,51,4.166,101.225,0.422,96,8
14,34,337,18.125383,98.12603,12,27.24,63.7,820.9,56.672,16.407,1029.163,339,17,27,52,4.166,100.901,0.42,96,8
14,34.1,338,18.125389,98.126038,13,27.25,63.7,818.9,48.076,21.897,1029.934,340,18,28,53,4.166,100.626,0.419,96,8
14,34.2,339,18.125395,98.126045,14,27.26,63.6,816.9,38.99,27.278,1027.978,341,19,29,54,4.166,100.4,0.418,96,8
14,34.3,340,18.125401,98.126053,10,27.27,63.6,814.8,29.506,32.523,1023.473,342,10,30,35,4.166,100.224,0.418,96,8
14,34.4,341,18.125406,98.12606,11,27.28,63.5,812.8,19.722,37.605,1016.829,343,11,31,36,4.166,100.098,0.417,96,8
14,34.5,342,18.125412,98.126068,12,27.29,63.5,810.8,9.737,42.499,1008.652,344,12,32,37,4.166,100.024,0.417,96,8
14,34.6,343,18.125418,98.126076,13,27.29,63.5,808.8,-0.348,47.18,999.687,345,13,33,38,4.165,100,0.417,96,8
14,34.7,344,18.125423,98.126083,14,27.3,63.4,806.8,-10.429,51.626,990.75,346,14,34,39,4.165,100.027,0.417,96,8
14,34.8,345,18.125429,98.126091,10,27.31,63.4,804.7,-20.404,55.814,982.656,347,15,20,40,4.165,100.105,0.417,96,8
14,34.9,346,18.125435,98.126099,11,27.32,63.3,802.7,-30.17,59.724,976.142,348,16,21,41,4.165,100.234,0.417,96,8
14,35,347,18.125441,98.126106,12,27.33,63.3,800.7,-39.63,63.334,971.802,349,17,22,42,4.165,100.414,0.418,96,8
14,35.1,348,18.125446,98.126114,13,27.33,63.2,798.7,-48.685,66.629,970.031,350,18,23,43,4.165,100.643,0.419,96,8
14,35.2,349,18.125452,98.126122,14,27.34,63.2,796.7,-57.244,69.59,970.99,351,19,24,44,4.165,100.922,0.42,96,8
14,35.3,350,18.125458,98.126129,10,27.35,63.1,794.6,-65.22,72.204,974.593,352,10,25,45,4.165,101.249,0.422,96,8
14,35.4,351,18.125463,98.126137,11,27.36,63.1,792.6,-72.531,74.457,980.51,353,11,26,46,4.165,101.624,0.423,96,8
14,35.5,352,18.125469,98.126144,12,27.36,63,790.6,-79.102,76.338,988.203,354,12,27,47,4.165,102.046,0.425,96,8
14,35.6,353,18.125475,98.126152,13,27.37,63,788.6,-84.868,77.837,996.971,355,13,28,48,4.164,102.513,0.427,96,8
14,35.7,354,18.125481,98.12616,14,27.38,62.9,786.6,-89.768,78.948,1006.015,356,14,29,49,4.164,103.026,0.429,96,8
14,35.8,355,18.125486,98.126167,10,27.38,62.9,784.5,-93.754,79.664,1014.51,357,15,30,50,4.164,103.581,0.431,96,8
14,35.9,356,18.125492,98.126175,11,27.39,62.8,782.5,-96.784,79.982,1021.684,358,16,31,51,4.164,104.179,0.434,96,8
14,36,357,18.125498,98.126183,12,27.4,62.8,780.5,-98.827,79.901,1026.882,359,17,32,52,4.164,104.816,0.436,96,8
14,36.1,358,18.125504,98.12619,13,27.4,62.8,778.5,-99.863,79.42,1029.631,0,18,33,53,4.164,105.493,0.439,95,8
14,36.2,359,18.125509,98.126198,14,27.41,62.7,776.5,-99.882,78.543,1029.681,1,19,34,54,4.164,106.206,0.442,95,8
14,36.3,360,18.125515,98.126205,10,27.41,62.7,774.4,-98.882,77.273,1027.026,2,10,20,35,4.164,106.955,0.445,95,8
14,36.4,361,18.125521,98.126213,11,27.42,62.6,772.4,-96.874,75.617,1021.908,3,11,21,36,4.164,107.737,0.449,95,8
14,36.5,362,18.125526,98.126221,12,27.42,62.6,770.4,-93.879,73.583,1014.795,4,12,22,37,4.164,108.55,0.452,95,8
14,36.6,363,18.125532,98.126228,13,27.43,62.5,768.4,-89.928,71.181,1006.334,5,13,23,38,4.163,109.392,0.455,95,8
14,36.7,364,18.125538,98.126236,14,27.43,62.5,766.4,-85.059,68.424,997.296,6,14,24,39,4.163,110.262,0.459,95,8
14,36.8,365,18.125544,98.126244,10,27.44,62.4,764.3,-79.324,65.325,988.504,7,15,25,40,4.163,111.156,0.463,95,8
14,36.9,366,18.125549,98.126251,11,27.44,62.4,762.3,-72.78,61.9,980.76,8,16,26,41,4.163,112.073,0.467,95,8
14,37,367,18.125555,98.126259,12,27.45,62.4,760.3,-65.495,58.165,974.768,9,17,27,42,4.163,113.01,0.47,95,8
14,37.1,368,18.125561,98.126266,13,27.45,62.3,758.3,-57.542,54.14,971.075,10,18,28,43,4.163,113.964,0.474,95,8
14,37.2,369,18.125566,98.126274,14,27.46,62.3,756.3,-49.002,49.844,970.018,11,19,29,44,4.163,114.935,0.478,95,8
14,37.3,370,18.125572,98.126282,10,27.46,62.2,754.2,-39.963,45.299,971.692,12,10,30,45,4.163,115.918,0.483,95,8
14,37.4,371,18.125578,98.126289,11,27.47,62.2,752.2,-30.517,40.528,975.945,13,11,31,46,4.163,116.911,0.487,95,8
14,37.5,372,18.125584,98.126297,12,27.47,62.1,750.2,-20.759,35.554,982.39,14,12,32,47,4.163,117.913,0.491,95,8
14,37.6,373,18.125589,98.126305,13,27.47,62.1,748.2,-10.79,30.403,990.44,15,13,33,48,4.162,118.919,0.495,95,8
14,37.7,374,18.125595,98.126312,14,27.48,62.1,746.2,-0.711,25.1,999.36,16,14,34,49,4.162,119.929,0.499,95,8
14,37.8,375,18.125601,98.12632,10,27.48,62,744.1,9.375,19.671,1008.339,17,15,20,50,4.162,120.939,0.503,95,8
14,37.9,376,18.125607,98.126328,11,27.48,62,742.1,19.366,14.144,1016.558,18,16,21,51,4.162,121.946,0.508,95,8
14,38,377,18.125612,98.126335,12,27.48,61.9,740.1,29.159,8.547,1023.268,19,17,22,52,4.162,122.948,0.512,95,8
14,38.1,378,18.125618,98.126343,13,27.49,61.9,738.1,38.655,2.906,1027.859,20,18,23,53,4.162,123.943,0.516,95,8
14,38.2,379,18.125624,98.12635,14,27.49,61.9,736.1,47.757,-2.748,1029.911,21,19,24,54,4.162,124.928,0.52,95,8
14,38.3,380,18.125629,98.126358,10,27.49,61.8,734,56.372,-8.39,1029.238,22,10,25,35,4.162,125.9,0.524,95,8
14,38.4,381,18.125635,98.126366,11,27.49,61.8,732,64.413,-13.989,1025.901,23,11,26,36,4.162,126.857,0.528,95,8
14,38.5,382,18.125641,98.126373,12,27.49,61.7,730,71.797,-19.518,1020.205,25,12,27,37,4.161,127.797,0.532,95,8
14,38.6,383,18.125647,98.126381,13,27.5,61.7,728,78.45,-24.95,1012.667,26,13,28,38,4.161,128.716,0.536,95,8
14,38.7,384,18.125652,98.126389,14,27.5,61.7,726,84.303,-30.257,1003.976,27,14,29,39,4.161,129.614,0.539,95,8
14,38.8,385,18.125658,98.126396,10,27.5,61.6,723.9,89.296,-35.413,994.922,28,15,30,40,4.161,130.487,0.543,95,8
14,38.9,386,18.125664,98.126404,11,27.5,61.6,721.9,93.38,-40.392,986.331,29,16,31,41,4.161,131.333,0.546,95,8
14,39,387,18.125669,98.126411,12,27.5,61.6,719.9,96.512,-45.169,978.986,30,17,32,42,4.161,132.151,0.55,95,8
14,39.1,388,18.125675,98.126419,13,27.5,61.5,717.9,98.66,-49.72,973.555,31,18,33,43,4.161,132.937,0.553,95,8
14,39.2,389,18.125681,98.126427,14,27.5,61.5,715.9,99.802,-54.024,970.533,32,19,34,44,4.161,133.69,0.556,95,8
14,39.3,390,18.125687,98.126434,10,27.5,61.5,713.8,99.927,-58.057,970.196,33,10,20,45,4.161,134.409,0.559,95,8
14,39.4,391,18.125692,98.126442,11,27.5,61.4,711.8,99.034,-61.8,972.574,34,11,21,46,4.161,135.091,0.562,95,8
14,39.5,392,18.125698,98.12645,12,27.5,61.4,709.8,97.132,-65.234,977.451,35,12,22,47,4.16,135.734,0.565,95,8
14,39.6,393,18.125704,98.126457,13,27.5,61.3,707.8,94.239,-68.342,984.383,36,13,23,48,4.16,136.337,0.567,95,8
14,39.7,394,18.12571,98.126465,14,27.5,61.3,705.8,90.386,-71.109,992.737,37,14,24,49,4.16,136.899,0.57,95,8
14,39.8,395,18.125715,98.126472,10,27.5,61.3,703.7,85.612,-73.521,1001.753,38,15,25,50,4.16,137.417,0.572,95,8
14,39.9,396,18.125721,98.12648,11,27.5,61.2,701.7,79.964,-75.565,1010.61,39,16,26,51,4.16,137.891,0.574,95,8
14,40,397,18.125727,98.126488,12,27.49,61.2,699.7,73.503,-77.232,1018.499,40,17,27,52,4.16,138.32,0.575,95,8
14,40.1,398,18.125732,98.126495,13,27.49,61.2,697.7,66.291,-78.513,1024.704,41,18,28,53,4.16,138.701,0.577,95,8
14,40.2,399,18.125738,98.126503,14,27.49,61.1,695.7,58.405,-79.401,1028.657,42,19,29,54,4.16,139.035,0.578,95,8
14,40.3,400,18.125744,98.126511,10,27.49,61.1,693.6,49.922,-79.893,1030,43,10,30,35,4.16,139.321,0.58,95,8
14,40.4,401,18.12575,98.126518,11,27.49,61.1,691.6,40.932,-79.986,1028.609,44,11,31,36,4.16,139.557,0.58,95,8
14,40.5,402,18.125755,98.126526,12,27.48,61.1,689.6,31.523,-79.679,1024.612,45,12,32,37,4.159,139.743,0.581,95,8
14,40.6,403,18.125761,98.126534,13,27.48,61,687.6,21.794,-78.974,1018.373,46,13,33,38,4.159,139.879,0.582,95,8
14,40.7,404,18.125767,98.126541,14,27.48,61,685.6,11.843,-77.874,1010.459,47,14,34,39,4.159,139.965,0.582,95,8
14,40.8,405,18.125772,98.126549,10,27.48,61,683.5,1.77,-76.385,1001.592,48,15,20,40,4.159,139.999,0.582,95,8
14,40.9,406,18.125778,98.126556,11,27.47,60.9,681.5,-8.32,-74.515,992.581,49,16,21,41,4.159,139.983,0.582,95,8
14,41,407,18.125784,98.126564,12,27.47,60.9,679.5,-18.326,-72.272,984.245,50,17,22,42,4.159,139.915,0.582,95,8
14,41.1,408,18.12579,98.126572,13,27.47,60.9,677.5,-28.144,-69.668,977.345,51,18,23,43,4.159,139.797,0.581,95,8
14,41.2,409,18.125795,98.126579,14,27.46,60.8,675.5,-37.676,-66.716,972.509,52,19,24,44,4.159,139.628,0.581,95,8
14,41.3,410,18.125801,98.126587,10,27.46,60.8,673.4,-46.824,-63.431,970.178,53,10,25,45,4.159,139.409,0.58,95,8
14,41.4,411,18.125807,98.126595,11,27.45,60.8,671.4,-55.494,-59.829,970.563,54,11,26,46,4.159,139.141,0.579,95,8
14,41.5,412,18.125813,98.126602,12,27.45,60.8,669.4,-63.599,-55.928,973.631,55,12,27,47,4.158,138.824,0.577,95,8
14,41.6,413,18.125818,98.12661,13,27.45,60.7,667.4,-71.056,-51.747,979.101,56,13,28,48,4.158,138.459,0.576,95,8
14,41.7,414,18.125824,98.126617,14,27.44,60.7,665.4,-77.789,-47.308,986.475,57,14,29,49,4.158,138.047,0.574,95,8
14,41.8,415,18.12583,98.126625,10,27.44,60.7,663.3,-83.728,-42.632,995.081,58,15,30,50,4.158,137.588,0.572,95,8
14,41.9,416,18.125835,98.126633,11,27.43,60.7,661.3,-88.815,-37.744,1004.135,59,16,31,51,4.158,137.085,0.57,95,8
14,42,417,18.125841,98.12664,12,27.43,60.6,659.3,-92.996,-32.667,1012.813,60,17,32,52,4.158,136.539,0.568,95,8
14,42.1,418,18.125847,98.126648,13,27.42,60.6,657.3,-96.229,-27.426,1020.324,61,18,33,53,4.158,135.95,0.565,95,8
14,42.2,419,18.125853,98.126656,14,27.41,60.6,655.3,-98.481,-22.049,1025.982,62,19,34,54,4.158,135.321,0.563,95,8
14,42.3,420,18.125858,98.126663,10,27.41,60.6,653.2,-99.73,-16.562,1029.274,63,10,20,35,4.158,134.652,0.56,95,8
14,42.4,421,18.125864,98.126671,11,27.4,60.5,651.2,-99.962,-10.992,1029.898,64,11,21,36,4.158,133.946,0.557,95,8
14,42.5,422,18.12587,98.126678,12,27.4,60.5,649.2,-99.176,-5.366,1027.798,65,12,22,37,4.157,133.205,0.554,95,8
14,42.6,423,18.125875,98.126686,13,27.39,60.5,647.2,-97.378,0.286,1023.166,66,13,23,38,4.157,132.43,0.551,95,8
14,42.7,424,18.125881,98.126694,14,27.38,60.5,645.2,-94.588,5.936,1016.423,67,14,24,39,4.157,131.623,0.547,95,8
14,42.8,425,18.125887,98.126701,10,27.38,60.5,643.1,-90.834,11.557,1008.184,68,15,25,40,4.157,130.787,0.544,95,8
14,42.9,426,18.125893,98.126709,11,27.37,60.4,641.1,-86.154,17.12,999.199,69,16,26,41,4.157,129.923,0.54,95,8
14,43,427,18.125898,98.126717,12,27.36,60.4,639.1,-80.596,22.598,990.287,70,17,27,42,4.157,129.034,0.536,95,8
14,43.1,428,18.125904,98.126724,13,27.36,60.4,637.1,-74.217,27.962,982.26,71,18,28,43,4.157,128.121,0.533,95,8
14,43.2,429,18.12591,98.126732,14,27.35,60.4,635.1,-67.081,33.187,975.85,72,19,29,44,4.157,127.188,0.529,95,8
14,43.3,430,18.125916,98.12674,10,27.34,60.4,633,-59.261,38.247,971.639,73,10,30,45,4.157,126.237,0.525,95,8
14,43.4,431,18.125921,98.126747,11,27.34,60.3,631,-50.837,43.115,970.013,74,11,31,46,4.157,125.27,0.521,95,8
14,43.5,432,18.125927,98.126755,12,27.33,60.3,629,-41.896,47.767,971.118,75,12,32,47,4.156,124.289,0.517,95,8
14,43.7,433,18.125933,98.126762,13,27.32,60.3,627,-32.527,52.181,974.855,76,13,33,48,4.156,123.298,0.512,95,8
14,43.8,434,18.125938,98.12677,14,27.31,60.3,625,-22.827,56.334,980.883,77,14,34,49,4.156,122.298,0.508,95,8
14,43.9,435,18.125944,98.126778,10,27.3,60.3,622.9,-12.894,60.206,988.653,78,15,20,50,4.156,121.292,0.504,95,8
14,44,436,18.12595,98.126785,11,27.3,60.2,620.9,-2.829,63.777,997.456,79,16,21,51,4.156,120.283,0.5,95,8
14,44.1,437,18.125956,98.126793,12,27.29,60.2,618.9,7.264,67.03,1006.492,80,17,22,52,4.156,119.273,0.496,95,8
14,44.2,438,18.125961,98.126801,13,27.28,60.2,616.9,17.283,69.947,1014.935,81,18,23,53,4.156,118.265,0.491,95,8
14,44.3,439,18.125967,98.126808,14,27.27,60.2,614.9,27.126,72.515,1022.018,82,19,24,54,4.156,117.262,0.487,95,8
14,44.4,440,18.125973,98.126816,10,27.26,60.2,612.8,36.693,74.721,1027.095,83,10,25,35,4.156,116.265,0.483,95,8
14,44.5,441,18.125978,98.126823,11,27.25,60.2,610.8,45.885,76.553,1029.704,84,11,26,36,4.156,115.278,0.479,95,8
14,44.6,442,18.125984,98.126831,12,27.25,60.2,608.8,54.61,78.003,1029.606,85,12,27,37,4.155,114.303,0.475,95,8
14,44.7,443,18.12599,98.126839,13,27.24,60.2,606.8,62.778,79.063,1026.81,86,13,28,38,4.155,113.342,0.471,95,8
14,44.8,444,18.125996,98.126846,14,27.23,60.1,604.8,70.307,79.728,1021.572,87,14,29,39,4.155,112.399,0.467,95,8
14,44.9,445,18.126001,98.126854,10,27.22,60.1,602.7,77.119,79.994,1014.369,88,15,30,40,4.155,111.475,0.463,95,8
14,45,446,18.126007,98.126862,11,27.21,60.1,600.7,83.145,79.861,1005.857,89,16,31,41,4.155,110.572,0.459,95,8
14,45.1,447,18.126013,98.126869,12,27.2,60.1,598.7,88.323,79.329,996.811,90,17,32,42,4.155,109.694,0.456,94,8
14,45.2,448,18.126019,98.126877,13,27.19,60.1,596.7,92.601,78.401,988.055,91,18,33,43,4.155,108.842,0.452,94,8
14,45.3,449,18.126024,98.126884,14,27.18,60.1,594.7,95.935,77.081,980.388,92,19,34,44,4.155,108.018,0.449,94,8
14,45.4,450,18.12603,98.126892,10,27.17,60.1,592.6,98.292,75.376,974.507,93,10,20,45,4.155,107.225,0.445,94,8
14,45.5,451,18.126036,98.1269,11,27.16,60.1,590.6,99.647,73.294,970.95,94,11,21,46,4.155,106.465,0.442,94,8
14,45.6,452,18.126041,98.126907,12,27.15,60.1,588.6,99.986,70.846,970.039,95,12,22,47,4.154,105.739,0.439,94,8
14,45.7,453,18.126047,98.126915,13,27.14,60.1,586.6,99.306,68.044,971.857,96,13,23,48,4.154,105.049,0.436,94,8
14,45.8,454,18.126053,98.126923,14,27.13,60,584.6,97.614,64.902,976.24,97,14,24,49,4.154,104.398,0.434,94,8
14,45.9,455,18.126059,98.12693,10,27.12,60,582.5,94.926,61.435,982.788,98,15,25,50,4.154,103.786,0.431,94,8
14,46,456,18.126064,98.126938,11,27.11,60,580.5,91.272,57.662,990.903,99,16,26,51,4.154,103.216,0.429,94,8
14,46.1,457,18.12607,98.126945,12,27.1,60,578.5,86.687,53.601,999.848,100,17,27,52,4.154,102.688,0.427,94,8
14,46.2,458,18.126076,98.126953,13,27.09,60,576.5,81.219,49.272,1008.806,101,18,28,53,4.154,102.205,0.425,94,8
14,46.3,459,18.126081,98.126961,14,27.08,60,574.5,74.922,44.696,1016.962,102,19,29,54,4.154,101.766,0.423,94,8
14,46.4,460,18.126087,98.126968,10,27.07,60,572.4,67.863,39.898,1023.573,103,10,30,35,4.154,101.375,0.421,94,8
14,46.5,461,18.126093,98.126976,11,27.06,60,570.4,60.111,34.9,1028.036,104,11,31,36,4.154,101.031,0.42,94,8
14,46.6,462,18.126099,98.126984,12,27.05,60,568.4,51.747,29.727,1029.944,105,12,32,37,4.153,100.735,0.418,94,8
14,46.7,463,18.126104,98.126991,13,27.04,60,566.4,42.855,24.406,1029.125,106,13,33,38,4.153,100.488,0.417,94,8
14,46.8,464,18.12611,98.126999,14,27.03,60,564.4,33.527,18.964,1025.652,107,14,34,39,4.153,100.292,0.417,94,8
14,46.9,465,18.126116,98.127007,10,27.02,60,562.3,23.857,13.426,1019.842,108,15,20,40,4.153,100.145,0.416,94,8
14,47,466,18.126122,98.127014,11,27.01,60,560.3,13.943,7.821,1012.224,109,16,21,41,4.153,100.049,0.416,94,8
14,47.1,467,18.126127,98.127022,12,27,60,558.3,3.888,2.178,1003.492,110,17,22,42,4.153,100.004,0.415,94,8
14,47.2,468,18.126133,98.127029,13,26.99,60,556.3,-6.207,-3.477,994.442,111,18,23,43,4.153,100.01,0.415,94,8
14,47.3,469,18.126139,98.127037,14,26.98,60,554.3,-16.239,-9.114,985.899,112,19,24,44,4.153,100.066,0.416,94,8
14,47.4,470,18.126144,98.127045,10,26.97,60,552.2,-26.105,-14.706,978.64,113,10,25,45,4.153,100.174,0.416,94,8
14,47.5,471,18.12615,98.127052,11,26.96,60,550.2,-35.705,-20.224,973.328,114,11,26,46,4.153,100.332,0.417,94,8
14,47.6,472,18.126156,98.12706,12,26.95,60,548.2,-44.941,-25.642,970.445,115,12,27,47,4.152,100.541,0.417,94,8
14,47.7,473,18.126162,98.127068,13,26.94,60,546.2,-53.72,-30.931,970.255,116,13,28,48,4.152,100.799,0.419,94,8
14,47.8,474,18.126167,98.127075,14,26.93,60,544.2,-61.95,-36.065,972.776,117,14,29,49,4.152,101.106,0.42,94,8
14,47.9,475,18.126173,98.127083,10,26.92,60,542.1,-69.55,-41.02,977.776,118,15,30,50,4.152,101.461,0.421,94,8
14,48,476,18.126179,98.12709,11,26.91,60,540.1,-76.44,-45.769,984.801,119,16,31,51,4.152,101.863,0.423,94,8
14,48.1,477,18.126184,98.127098,12,26.9,60,538.1,-82.551,-50.29,993.212,120,17,32,52,4.152,102.312,0.425,94,8
14,48.2,478,18.12619,98.127106,13,26.89,60,536.1,-87.821,-54.559,1002.24,121,18,33,53,4.152,102.805,0.427,94,8
14,48.3,479,18.126196,98.127113,14,26.88,60,534.1,-92.196,-58.556,1011.065,122,19,34,54,4.152,103.343,0.429,94,8
14,48.4,480,18.126202,98.127121,10,26.87,60,532,-95.631,-62.26,1018.881,123,10,20,35,4.152,103.923,0.431,94,8
14,48.5,481,18.126207,98.127129,11,26.86,60,530,-98.091,-65.653,1024.977,124,11,21,36,4.152,104.544,0.434,94,8
14,48.6,482,18.126213,98.127136,12,26.85,60.1,528,-99.552,-68.718,1028.798,126,12,22,37,4.151,105.204,0.437,94,8
14,48.7,483,18.126219,98.127144,13,26.84,60.1,526,-99.998,-71.44,1029.995,127,13,23,38,4.151,105.903,0.44,94,8
14,48.8,484,18.126225,98.127151,14,26.84,60.1,524,-99.425,-73.805,1028.459,128,14,24,39,4.151,106.637,0.443,94,8
14,48.9,485,18.12623,98.127159,10,26.83,60.1,521.9,-97.838,-75.801,1024.33,129,15,25,40,4.151,107.405,0.446,94,8
14,49,486,18.126236,98.127167,11,26.82,60.1,519.9,-95.254,-77.419,1017.984,130,16,26,41,4.151,108.205,0.449,94,8
14,49.1,487,18.126242,98.127174,12,26.81,60.1,517.9,-91.7,-78.649,1010,131,17,27,42,4.151,109.035,0.453,94,8
14,49.2,488,18.126247,98.127182,13,26.8,60.1,515.9,-87.21,-79.487,1001.105,132,18,28,43,4.151,109.894,0.456,94,8
14,49.3,489,18.126253,98.12719,14,26.79,60.1,513.9,-81.832,-79.927,992.11,133,19,29,44,4.151,110.778,0.46,94,8
14,49.4,490,18.126259,98.127197,10,26.78,60.1,511.8,-75.62,-79.968,983.833,134,10,30,45,4.151,111.685,0.464,94,8
14,49.5,491,18.126265,98.127205,11,26.77,60.1,509.8,-68.637,-79.61,977.029,135,11,31,46,4.15,112.614,0.467,94,8
14,49.6,492,18.12627,98.127213,12,26.76,60.2,507.8,-60.954,-78.854,972.318,136,12,32,47,4.15,113.562,0.471,94,8
14,49.7,493,18.126276,98.12722,13,26.75,60.2,505.8,-52.65,-77.704,970.129,137,13,33,48,4.15,114.526,0.475,94,8
14,49.8,494,18.126282,98.127228,14,26.74,60.2,503.8,-43.81,-76.165,970.661,138,14,34,49,4.15,115.504,0.479,94,8
14,49.9,495,18.126287,98.127235,10,26.74,60.2,501.7,-34.523,-74.246,973.867,139,15,20,50,4.15,116.493,0.483,94,8
14,50,496,18.126293,98.127243,11,26.73,60.2,499.7,-24.884,-71.956,979.453,140,16,21,51,4.15,117.492,0.488,94,8
14,50.1,497,18.126299,98.127251,12,26.72,60.2,497.7,-14.991,-69.307,986.912,141,17,22,52,4.15,118.497,0.492,94,8
14,50.2,498,18.126305,98.127258,13,26.71,60.2,495.7,-4.946,-66.311,995.563,142,18,23,53,4.15,119.505,0.496,94,8
14,50.3,499,18.12631,98.127266,14,26.7,60.3,493.7,5.15,-62.984,1004.618,143,19,24,54,4.15,120.515,0.5,94,8
14,50.4,500,18.126316,98.127274,10,26.69,60.3,491.6,15.193,-59.342,1013.253,144,10,25,35,4.15,121.524,0.504,94,8
14,50.5,501,18.126322,98.127281,11,26.69,60.3,489.6,25.081,-55.404,1020.68,145,11,26,36,4.149,122.528,0.508,94,8
14,50.6,502,18.126328,98.127289,12,26.68,60.3,487.6,34.714,-51.189,1026.223,146,12,27,37,4.149,123.527,0.513,94,8
14,50.7,503,18.126333,98.127296,13,26.67,60.3,485.6,43.993,-46.718,1029.376,147,13,28,38,4.149,124.516,0.517,94,8
14,50.8,504,18.126339,98.127304,14,26.66,60.3,483.6,52.823,-42.014,1029.854,148,14,29,39,4.149,125.494,0.521,94,8
14,50.9,505,18.126345,98.127312,10,26.66,60.4,481.5,61.115,-37.099,1027.611,149,15,30,40,4.149,126.457,0.525,94,8
14,51,506,18.12635,98.127319,11,26.65,60.4,479.5,68.784,-32,1022.853,150,16,31,41,4.149,127.405,0.529,94,8
14,51.1,507,18.126356,98.127327,12,26.64,60.4,477.5,75.753,-26.74,1016.013,151,17,32,42,4.149,128.333,0.532,94,8
14,51.2,508,18.126362,98.127335,13,26.63,60.4,475.5,81.949,-21.347,1007.713,152,18,33,43,4.149,129.24,0.536,94,8
14,51.3,509,18.126368,98.127342,14,26.63,60.4,473.5,87.31,-15.848,998.711,153,19,34,44,4.149,130.124,0.54,94,8
14,51.4,510,18.126373,98.12735,10,26.62,60.5,471.4,91.781,-10.269,989.827,154,10,20,45,4.149,130.982,0.543,94,8
14,51.5,511,18.126379,98.127357,11,26.61,60.5,469.4,95.316,-4.639,981.869,155,11,21,46,4.148,131.811,0.547,94,8
14,51.6,512,18.126385,98.127365,12,26.61,60.5,467.4,97.88,1.015,975.563,156,12,22,47,4.148,132.611,0.55,94,8
14,51.7,513,18.12639,98.127373,13,26.6,60.5,465.4,99.446,6.663,971.484,157,13,23,48,4.148,133.378,0.553,94,8
14,51.8,514,18.126396,98.12738,14,26.6,60.5,463.4,99.999,12.278,970.002,158,14,24,49,4.148,134.112,0.556,94,8
14,51.9,515,18.126402,98.127388,10,26.59,60.6,461.3,99.533,17.832,971.254,159,15,25,50,4.148,134.809,0.559,94,8
14,52,516,18.126408,98.127396,11,26.58,60.6,459.3,98.052,23.296,975.125,160,16,26,51,4.148,135.469,0.562,94,8
14,52.1,517,18.126413,98.127403,12,26.58,60.6,457.3,95.571,28.644,981.262,161,17,27,52,4.148,136.089,0.564,94,8
14,52.2,518,18.126419,98.127411,13,26.57,60.6,455.3,92.117,33.849,989.106,162,18,28,53,4.148,136.668,0.567,94,8
14,52.3,519,18.126425,98.127419,14,26.57,60.7,453.3,87.724,38.886,997.943,163,19,29,54,4.148,137.205,0.569,94,8
14,52.4,520,18.126431,98.127426,10,26.56,60.7,451.2,82.436,43.727,1006.967,164,10,30,35,4.148,137.698,0.571,94,8
14,52.5,521,18.126436,98.127434,11,26.56,60.7,449.2,76.309,48.35,1015.356,165,11,31,36,4.147,138.146,0.573,94,8
14,52.6,522,18.126442,98.127441,12,26.55,60.7,447.2,69.403,52.732,1022.347,166,12,32,37,4.147,138.547,0.575,94,8
14,52.7,523,18.126448,98.127449,13,26.55,60.8,445.2,61.79,56.85,1027.301,167,13,33,38,4.147,138.901,0.576,94,8
14,52.8,524,18.126453,98.127457,14,26.54,60.8,443.2,53.548,60.684,1029.768,168,14,34,39,4.147,139.207,0.577,94,8
14,52.9,525,18.126459,98.127464,10,26.54,60.8,441.1,44.76,64.215,1029.523,169,15,20,40,4.147,139.464,0.578,94,8
14,53,526,18.126465,98.127472,11,26.54,60.9,439.1,35.515,67.425,1026.588,170,16,21,41,4.147,139.671,0.579,94,8
14,53.1,527,18.126471,98.12748,12,26.53,60.9,437.1,25.908,70.298,1021.231,171,17,22,42,4.147,139.829,0.58,94,8
14,53.2,528,18.126476,98.127487,13,26.53,60.9,435.1,16.038,72.82,1013.939,172,18,23,43,4.147,139.935,0.58,94,8
14,53.3,529,18.126482,98.127495,14,26.53,60.9,433.1,6.004,74.978,1005.378,173,19,24,44,4.147,139.991,0.58,94,8
14,53.4,530,18.126488,98.127502,10,26.52,61,431,-4.092,76.761,996.326,174,10,25,45,4.147,139.996,0.58,94,8
14,53.5,531,18.126493,98.12751,11,26.52,61,429,-14.145,78.161,987.609,175,11,26,46,4.146,139.95,0.58,94,8
14,53.7,532,18.126499,98.127518,12,26.52,61,427,-24.054,79.171,980.021,176,12,27,47,4.146,139.853,0.58,94,8
14,53.8,533,18.126505,98.127525,13,26.51,61.1,425,-33.718,79.785,974.254,177,13,28,48,4.146,139.705,0.579,94,8
14,53.9,534,18.126511,98.127533,14,26.51,61.1,423,-43.039,80,970.832,178,14,29,49,4.146,139.507,0.578,94,8
14,54,535,18.126516,98.127541,10,26.51,61.1,420.9,-51.921,79.815,970.067,179,15,30,50,4.146,139.26,0.577,94,8
14,54.1,536,18.126522,98.127548,11,26.51,61.2,418.9,-60.274,79.232,972.03,180,16,31,51,4.146,138.963,0.576,93,8
14,54.2,537,18.126528,98.127556,12,26.51,61.2,416.9,-68.012,78.253,976.541,181,17,32,52,4.146,138.618,0.575,93,8
14,54.3,538,18.126534,98.127563,13,26.51,61.2,414.9,-75.057,76.882,983.189,182,18,33,53,4.146,138.225,0.573,93,8
14,54.4,539,18.126539,98.127571,14,26.5,61.3,412.9,-81.337,75.128,991.369,183,19,34,54,4.146,137.786,0.571,93,8
14,54.5,540,18.126545,98.127579,10,26.5,61.3,410.8,-86.788,72.998,1000.335,184,10,20,35,4.146,137.302,0.569,93,8
14,54.6,541,18.126551,98.127586,11,26.5,61.3,408.8,-91.355,70.504,1009.271,185,11,21,36,4.145,136.773,0.567,93,8
14,54.7,542,18.126556,98.127594,12,26.5,61.4,406.8,-94.99,67.657,1017.362,186,12,22,37,4.145,136.202,0.565,93,8
14,54.8,543,18.126562,98.127602,13,26.5,61.4,404.8,-97.658,64.473,1023.871,187,13,23,38,4.145,135.59,0.562,93,8
14,54.9,544,18.126568,98.127609,14,26.5,61.4,402.8,-99.329,60.966,1028.206,188,14,24,39,4.145,134.937,0.559,93,8
14,55,545,18.126574,98.127617,10,26.5,61.5,400.7,-99.989,57.154,1029.97,189,15,25,40,4.145,134.247,0.556,93,8
14,55.1,546,18.126579,98.127625,11,26.5,61.5,398.7,-99.629,53.057,1029.004,190,16,26,41,4.145,133.52,0.553,93,8
14,55.2,547,18.126585,98.127632,12,26.5,61.5,396.7,-98.254,48.695,1025.396,191,17,27,42,4.145,132.759,0.55,93,8
14,55.3,548,18.126591,98.12764,13,26.5,61.6,394.7,-95.878,44.09,1019.473,192,18,28,43,4.145,131.965,0.547,93,8
14,55.4,549,18.126596,98.127647,14,26.5,61.6,392.7,-92.524,39.264,1011.777,193,19,29,44,4.145,131.141,0.544,93,8
14,55.5,550,18.126602,98.127655,10,26.5,61.6,390.6,-88.227,34.242,1003.008,194,10,30,45,4.145,130.288,0.54,93,8
14,55.6,551,18.126608,98.127663,11,26.5,61.7,388.6,-83.031,29.049,993.964,195,11,31,46,4.144,129.41,0.536,93,8
14,55.7,552,18.126614,98.12767,12,26.5,61.7,386.6,-76.989,23.711,985.47,196,12,32,47,4.144,128.507,0.533,93,8
14,55.8,553,18.126619,98.127678,13,26.51,61.8,384.6,-70.162,18.254,978.301,197,13,33,48,4.144,127.582,0.529,93,8
14,55.9,554,18.126625,98.127686,14,26.51,61.8,382.6,-62.62,12.707,973.108,198,14,34,49,4.144,126.638,0.525,93,8
14,56,555,18.126631,98.127693,10,26.51,61.8,380.5,-54.44,7.095,970.365,199,15,20,50,4.144,125.678,0.521,93,8
14,56.1,556,18.126637,98.127701,11,26.51,61.9,378.5,-45.704,1.449,970.323,200,16,21,51,4.144,124.702,0.517,93,8
14,56.2,557,18.126642,98.127708,12,26.51,61.9,376.5,-36.503,-4.205,972.984,201,17,22,52,4.144,123.715,0.513,93,8
14,56.3,558,18.126648,98.127716,13,26.52,62,374.5,-26.93,-9.838,978.107,202,18,23,53,4.144,122.718,0.509,93,8
14,56.4,559,18.126654,98.127724,14,26.52,62,372.5,-17.083,-15.422,985.224,203,19,24,54,4.144,121.715,0.504,93,8
14,56.5,560,18.126659,98.127731,10,26.52,62,370.4,-7.061,-20.929,993.688,204,10,25,35,4.144,120.707,0.5,93,8
14,56.6,561,18.126665,98.127739,11,26.53,62.1,368.4,3.033,-26.331,1002.726,205,11,26,36,4.143,119.697,0.496,93,8
14,56.7,562,18.126671,98.127747,12,26.53,62.1,366.4,13.096,-31.602,1011.517,206,12,27,37,4.143,118.688,0.492,93,8
14,56.8,563,18.126677,98.127754,13,26.53,62.2,364.4,23.025,-36.714,1019.257,207,13,28,38,4.143,117.682,0.488,93,8
14,56.9,564,18.126682,98.127762,14,26.54,62.2,362.4,32.719,-41.644,1025.244,208,14,29,39,4.143,116.682,0.483,93,8
14,57,565,18.126688,98.127769,10,26.54,62.2,360.3,42.081,-46.365,1028.931,209,15,30,40,4.143,115.691,0.479,93,8
14,57.1,566,18.126694,98.127777,11,26.54,62.3,358.3,51.013,-50.855,1029.981,210,16,31,41,4.143,114.71,0.475,93,8
14,57.2,567,18.126699,98.127785,12,26.55,62.3,356.3,59.425,-55.09,1028.301,211,17,32,42,4.143,113.743,0.471,93,8
14,57.3,568,18.126705,98.127792,13,26.55,62.4,354.3,67.231,-59.05,1024.041,212,18,33,43,4.143,112.793,0.467,93,8
14,57.4,569,18.126711,98.1278,14,26.56,62.4,352.3,74.353,-62.715,1017.591,213,19,34,44,4.143,111.86,0.463,93,8
14,57.5,570,18.126717,98.127808,10,26.56,62.5,350.2,80.716,-66.067,1009.54,214,10,20,45,4.143,110.948,0.46,93,8
14,57.6,571,18.126722,98.127815,11,26.57,62.5,348.2,86.257,-69.089,1000.618,215,11,21,46,4.142,110.06,0.456,93,8
14,57.7,572,18.126728,98.127823,12,26.57,62.5,346.2,90.919,-71.766,991.64,216,12,22,47,4.142,109.196,0.452,93,8
14,57.8,573,18.126734,98.127831,13,26.58,62.6,344.2,94.654,-74.084,983.424,217,13,23,48,4.142,108.36,0.449,93,8
14,57.9,574,18.12674,98.127838,14,26.58,62.6,342.2,97.424,-76.031,976.718,218,14,24,49,4.142,107.554,0.446,93,8
14,58,575,18.126745,98.127846,10,26.59,62.7,340.1,99.201,-77.599,972.133,219,15,25,50,4.142,106.78,0.442,93,8
14,58.1,576,18.126751,98.127853,11,26.59,62.7,338.1,99.968,-78.779,970.087,220,16,26,51,4.142,106.039,0.439,93,8
14,58.2,577,18.126757,98.127861,12,26.6,62.8,336.1,99.715,-79.566,970.767,221,17,27,52,4.142,105.334,0.436,93,8
14,58.3,578,18.126762,98.127869,13,26.61,62.8,334.1,98.446,-79.955,974.11,222,18,28,53,4.142,104.666,0.433,93,8
14,58.4,579,18.126768,98.127876,14,26.61,62.9,332.1,96.173,-79.945,979.811,223,19,29,54,4.142,104.038,0.431,93,8
14,58.5,580,18.126774,98.127884,10,26.62,62.9,330,92.921,-79.535,987.353,224,10,30,35,4.142,103.45,0.428,93,8
14,58.6,581,18.12678,98.127892,11,26.63,62.9,328,88.721,-78.728,996.046,225,11,31,36,4.141,102.904,0.426,93,8
14,58.7,582,18.126785,98.127899,12,26.63,63,326,83.617,-77.527,1005.1,227,12,32,37,4.141,102.402,0.424,93,8
14,58.8,583,18.126791,98.127907,13,26.64,63,324,77.661,-75.939,1013.688,228,13,33,38,4.141,101.945,0.422,93,8
14,58.9,584,18.126797,98.127914,14,26.65,63.1,322,70.913,-73.972,1021.03,229,14,34,39,4.141,101.533,0.42,93,8
14,59,585,18.126802,98.127922,10,26.65,63.1,319.9,63.442,-71.635,1026.456,230,15,20,40,4.141,101.169,0.419,93,8
14,59.1,586,18.126808,98.12793,11,26.66,63.2,317.9,55.325,-68.94,1029.471,231,16,21,41,4.141,100.853,0.418,93,8
14,59.2,587,18.126814,98.127937,12,26.67,63.2,315.9,46.644,-65.9,1029.802,232,17,22,42,4.141,100.586,0.417,93,8
14,59.3,588,18.12682,98.127945,13,26.68,63.3,313.9,37.487,-62.532,1027.417,233,18,23,43,4.141,100.368,0.416,93,8
14,59.4,589,18.126825,98.127953,14,26.68,63.3,311.9,27.949,-58.851,1022.534,234,19,24,44,4.141,100.2,0.415,93,8
14,59.5,590,18.126831,98.12796,10,26.69,63.4,309.8,18.125,-54.876,1015.598,235,10,25,45,4.14,100.083,0.414,93,8
14,59.6,591,18.126837,98.127968,11,26.7,63.4,307.8,8.117,-50.626,1007.241,236,11,26,46,4.14,100.017,0.414,93,8
14,59.7,592,18.126842,98.127975,12,26.71,63.5,305.8,-1.974,-46.124,998.224,237,12,27,47,4.14,100.001,0.414,93,8
14,59.8,593,18.126848,98.127983,13,26.72,63.5,303.8,-12.045,-41.391,989.37,238,13,28,48,4.14,100.036,0.414,93,8
14,59.9,594,18.126854,98.127991,14,26.72,63.6,301.8,-21.993,-36.452,981.483,239,14,29,49,4.14,100.123,0.415,93,8
14,60,595,18.12686,98.127998,10,26.73,63.6,299.7,-31.717,-31.33,975.284,240,15,30,50,4.14,100.26,0.415,93,8
14,60.1,596,18.126865,98.128006,11,26.74,63.7,297.7,-41.117,-26.052,971.336,241,16,31,51,4.14,100.447,0.416,93,8
14,60.2,597,18.126871,98.128014,12,26.75,63.7,295.7,-50.099,-20.644,970,242,17,32,52,4.14,100.684,0.417,93,8
14,60.3,598,18.126877,98.128021,13,26.76,63.8,293.7,-58.57,-15.132,971.397,243,18,33,53,4.14,100.971,0.418,93,8
14,60.4,599,18.126883,98.128029,14,26.77,63.8,291.7,-66.444,-9.545,975.401,244,19,34,54,4.14,101.306,0.419,93,8
14,60.5,600,18.126888,98.128036,10,26.78,63.9,289.6,-73.641,-3.91,981.645,245,10,20,35,4.139,101.689,0.421,93,8
14,60.6,601,18.126894,98.128044,11,26.79,63.9,287.6,-80.087,1.744,989.562,246,11,21,36,4.139,102.118,0.423,93,8
14,60.7,602,18.1269,98.128052,12,26.8,64,285.6,-85.717,7.389,998.43,247,12,22,37,4.139,102.593,0.425,93,8
14,60.8,603,18.126905,98.128059,13,26.8,64,283.6,-90.473,12.998,1007.44,248,13,23,38,4.139,103.112,0.427,93,8
14,60.9,604,18.126911,98.128067,14,26.81,64.1,281.6,-94.307,18.542,1015.773,249,14,24,39,4.139,103.675,0.429,93,8
14,61,605,18.126917,98.128075,10,26.82,64.1,279.5,-97.18,23.993,1022.669,250,15,25,40,4.139,104.279,0.432,93,8
14,61.1,606,18.126923,98.128082,11,26.83,64.2,277.5,-99.062,29.324,1027.5,251,16,26,41,4.139,104.923,0.434,93,8
14,61.2,607,18.126928,98.12809,12,26.84,64.2,275.5,-99.935,34.509,1029.825,252,17,27,42,4.139,105.605,0.437,93,8
14,61.3,608,18.126934,98.128098,13,26.85,64.2,273.5,-99.789,39.521,1029.432,253,18,28,43,4.139,106.324,0.44,93,8
14,61.4,609,18.12694,98.128105,14,26.86,64.3,271.5,-98.626,44.336,1026.359,254,19,29,44,4.139,107.079,0.443,93,8
14,61.5,610,18.126945,98.128113,10,26.87,64.3,269.4,-96.458,48.929,1020.883,255,10,30,45,4.138,107.866,0.446,93,8
14,61.6,611,18.126951,98.12812,11,26.88,64.4,267.4,-93.307,53.278,1013.505,256,11,31,46,4.138,108.684,0.45,93,8
14,61.7,612,18.126957,98.128128,12,26.89,64.5,265.4,-89.205,57.361,1004.897,257,12,32,47,4.138,109.53,0.453,93,8
14,61.8,613,18.126963,98.128136,13,26.9,64.5,263.4,-84.193,61.157,995.842,258,13,33,48,4.138,110.404,0.457,93,8
14,61.9,614,18.126968,98.128143,14,26.91,64.6,261.4,-78.324,64.647,987.167,259,14,34,49,4.138,111.302,0.461,93,8
14,62,615,18.126974,98.128151,10,26.92,64.6,259.3,-71.656,67.815,979.66,260,15,20,50,4.138,112.222,0.464,93,8
14,62.1,616,18.12698,98.128159,11,26.93,64.7,257.3,-64.257,70.643,974.007,261,16,21,51,4.138,113.162,0.468,93,8
14,62.2,617,18.126986,98.128166,12,26.94,64.7,255.3,-56.204,73.119,970.721,262,17,22,52,4.138,114.12,0.472,93,8
14,62.3,618,18.126991,98.128174,13,26.95,64.8,253.3,-47.578,75.229,970.104,263,18,23,53,4.138,115.092,0.476,93,8
14,62.4,619,18.126997,98.128181,14,26.96,64.8,251.3,-38.467,76.964,972.21,264,19,24,54,4.138,116.077,0.48,93,8
14,62.5,620,18.127003,98.128189,10,26.97,64.9,249.2,-28.964,78.313,976.848,265,10,25,35,4.137,117.072,0.484,93,8
14,62.6,621,18.127008,98.128197,11,26.98,64.9,247.2,-19.166,79.272,983.595,266,11,26,36,4.137,118.074,0.489,93,8
14,62.7,622,18.127014,98.128204,12,26.99,65,245.2,-9.172,79.835,991.837,267,12,27,37,4.137,119.082,0.493,93,8
14,62.8,623,18.12702,98.128212,13,27,65,243.2,0.915,79.998,1000.823,268,13,28,38,4.137,120.091,0.497,93,8
14,62.9,624,18.127026,98.12822,14,27.01,65.1,241.2,10.993,79.762,1009.734,269,14,29,39,4.137,121.101,0.501,93,8
14,63,625,18.127031,98.128227,10,27.02,65.1,239.1,20.958,79.128,1017.758,270,15,30,40,4.137,122.108,0.505,92,8
14,63.1,626,18.127037,98.128235,11,27.03,65.2,237.1,30.71,78.098,1024.164,271,16,31,41,4.137,123.109,0.509,92,8
14,63.2,627,18.127043,98.128242,12,27.04,65.2,235.1,40.149,76.678,1028.368,272,17,32,42,4.137,124.102,0.513,92,8
14,63.3,628,18.127048,98.12825,13,27.05,65.3,233.1,49.179,74.874,1029.988,273,18,33,43,4.137,125.085,0.517,92,8
14,63.4,629,18.127054,98.128258,14,27.06,65.3,231.1,57.708,72.697,1028.876,274,19,34,44,4.137,126.055,0.521,92,8
14,63.5,630,18.12706,98.128265,10,27.07,65.4,229,65.648,70.157,1025.133,275,10,20,45,4.136,127.009,0.525,92,8
14,63.6,631,18.127066,98.128273,11,27.08,65.4,227,72.92,67.266,1019.1,276,11,21,46,4.136,127.946,0.529,92,8
14,63.8,632,18.127071,98.128281,12,27.09,65.5,225,79.448,64.038,1011.327,277,12,22,47,4.136,128.862,0.533,92,8
14,63.9,633,18.127077,98.128288,13,27.1,65.5,223,85.166,60.491,1002.521,278,13,23,48,4.136,129.756,0.537,92,8
14,64,634,18.127083,98.128296,14,27.11,65.6,221,90.016,56.642,993.487,279,14,24,49,4.136,130.625,0.54,92,8
14,64.1,635,18.127089,98.128304,10,27.12,65.6,218.9,93.949,52.509,985.046,280,15,25,50,4.136,131.467,0.544,92,8
14,64.2,636,18.127094,98.128311,11,27.13,65.7,216.9,96.925,48.115,977.967,281,16,26,51,4.136,132.279,0.547,92,8
14,64.3,637,18.1271,98.128319,12,27.14,65.7,214.9,98.912,43.48,972.895,282,17,27,52,4.136,133.061,0.55,92,8
14,64.4,638,18.127106,98.128326,13,27.15,65.8,212.9,99.891,38.627,970.293,283,18,28,53,4.136,133.808,0.553,92,8
14,64.5,639,18.127111,98.128334,14,27.16,65.8,210.9,99.852,33.582,970.398,284,19,29,54,4.136,134.521,0.556,92,8
14,64.6,640,18.127117,98.128342,10,27.17,65.9,208.8,98.796,28.369,973.199,285,10,30,35,4.135,135.197,0.559,92,8
14,64.7,641,18.127123,98.128349,11,27.18,65.9,206.8,96.732,23.014,978.443,286,11,31,36,4.135,135.834,0.562,92,8
14,64.8,642,18.127129,98.128357,12,27.19,66,204.8,93.683,17.544,985.65,287,12,32,37,4.135,136.43,0.564,92,8
14,64.9,643,18.127134,98.128365,13,27.2,66,202.8,89.678,11.986,994.165,288,13,33,38,4.135,136.985,0.566,92,8
14,65,644,18.12714,98.128372,14,27.21,66.1,200.8,84.76,6.369,1003.211,289,14,34,39,4.135,137.496,0.569,92,8
14,65.1,645,18.127146,98.12838,10,27.22,66.1,198.7,78.978,0.719,1011.966,290,15,20,40,4.135,137.963,0.57,92,8
14,65.2,646,18.127151,98.128387,11,27.22,66.2,196.7,72.39,-4.933,1019.629,291,16,21,41,4.135,138.384,0.572,92,8
14,65.3,647,18.127157,98.128395,12,27.23,66.2,194.7,65.065,-10.562,1025.504,292,17,22,42,4.135,138.758,0.574,92,8
14,65.4,648,18.127163,98.128403,13,27.24,66.3,192.7,57.077,-16.137,1029.056,293,18,23,43,4.135,139.085,0.575,92,8
14,65.5,649,18.127169,98.12841,14,27.25,66.3,190.7,48.507,-21.632,1029.96,294,19,24,44,4.135,139.362,0.576,92,8
14,65.6,650,18.127174,98.128418,10,27.26,66.4,188.6,39.443,-27.019,1028.135,295,10,25,45,4.134,139.59,0.577,92,8
14,65.7,651,18.12718,98.128426,11,27.27,66.4,186.6,29.977,-32.27,1023.747,296,11,26,46,4.134,139.769,0.578,92,8
14,65.8,652,18.127186,98.128433,12,27.28,66.4,184.6,20.205,-37.361,1017.194,297,12,27,47,4.134,139.897,0.578,92,8
14,65.9,653,18.127192,98.128441,13,27.29,66.5,182.6,10.226,-42.265,1009.075,298,13,28,48,4.134,139.974,0.579,92,8
14,66,654,18.127197,98.128448,14,27.29,66.5,180.6,0.145,-46.957,1000.13,299,14,29,49,4.134,140,0.579,92,8
14,66.1,655,18.127203,98.128456,10,27.3,66.6,178.5,-9.939,-51.415,991.173,300,15,30,50,4.134,139.975,0.579,92,8
14,66.2,656,18.127209,98.128464,11,27.31,66.6,176.5,-19.922,-55.617,983.019,301,16,31,51,4.134,139.9,0.578,92,8
14,66.3,657,18.127214,98.128471,12,27.32,66.7,174.5,-29.701,-59.54,976.413,302,17,32,52,4.134,139.773,0.578,92,8
14,66.4,658,18.12722,98.128479,13,27.33,66.7,172.5,-39.177,-63.166,971.956,303,18,33,53,4.134,139.596,0.577,92,8
14,66.5,659,18.127226,98.128487,14,27.33,66.8,170.5,-48.254,-66.476,970.054,304,19,34,54,4.134,139.369,0.576,92,8
14,66.6,660,18.127232,98.128494,10,27.34,66.8,168.4,-56.84,-69.454,970.88,305,10,20,35,4.133,139.093,0.575,92,8
14,66.7,661,18.127237,98.128502,11,27.35,66.9,166.4,-64.846,-72.085,974.36,306,11,21,36,4.133,138.768,0.574,92,8
14,66.8,662,18.127243,98.12851,12,27.36,66.9,164.4,-72.191,-74.356,980.175,307,12,22,37,4.133,138.396,0.572,92,8
14,66.9,663,18.127249,98.128517,13,27.36,67,162.4,-78.8,-76.255,987.796,308,13,23,38,4.133,137.976,0.57,92,8
14,67,664,18.127254,98.128525,14,27.37,67,160.4,-84.606,-77.773,996.53,309,14,24,39,4.133,137.51,0.568,92,8
14,67.1,665,18.12726,98.128532,10,27.38,67.1,158.3,-89.55,-78.903,1005.579,310,15,25,40,4.133,137,0.566,92,8
14,67.2,666,18.127266,98.12854,11,27.38,67.1,156.3,-93.581,-79.639,1014.121,311,16,26,41,4.133,136.447,0.564,92,8
14,67.3,667,18.127272,98.128548,12,27.39,67.2,154.3,-96.659,-79.976,1021.376,312,17,27,42,4.133,135.851,0.561,92,8
14,67.4,668,18.127277,98.128555,13,27.4,67.2,152.3,-98.751,-79.914,1026.683,313,18,28,43,4.133,135.216,0.559,92,8
14,67.5,669,18.127283,98.128563,14,27.4,67.2,150.3,-99.836,-79.453,1029.559,314,19,29,44,4.133,134.541,0.556,92,8
14,67.6,670,18.127289,98.128571,10,27.41,67.3,148.2,-99.904,-78.595,1029.742,315,10,30,45,4.132,133.829,0.553,92,8
14,67.7,671,18.127295,98.128578,11,27.41,67.3,146.2,-98.954,-77.344,1027.215,316,11,31,46,4.132,133.082,0.55,92,8
14,67.8,672,18.1273,98.128586,12,27.42,67.4,144.2,-96.995,-75.706,1022.209,317,12,32,47,4.132,132.302,0.547,92,8
14,67.9,673,18.127306,98.128593,13,27.42,67.4,142.2,-94.048,-73.691,1015.179,318,13,33,48,4.132,131.49,0.543,92,8
14,68,674,18.127312,98.128601,14,27.43,67.5,140.2,-90.142,-71.307,1006.767,319,14,34,49,4.132,130.649,0.54,92,8
14,68.1,675,18.127317,98.128609,10,27.43,67.5,138.1,-85.317,-68.567,997.738,320,15,20,50,4.132,129.781,0.536,92,8
14,68.2,676,18.127323,98.128616,11,27.44,67.6,136.1,-79.623,-65.484,988.915,321,16,21,51,4.132,128.888,0.533,92,8
14,68.3,677,18.127329,98.128624,12,27.44,67.6,134.1,-73.117,-62.074,981.102,322,17,22,52,4.132,127.973,0.529,92,8
14,68.4,678,18.127335,98.128632,13,27.45,67.6,132.1,-65.866,-58.354,975.01,323,18,23,53,4.132,127.036,0.525,92,8
14,68.5,679,18.12734,98.128639,14,27.45,67.7,130.1,-57.944,-54.343,971.196,324,19,24,54,4.132,126.082,0.521,92,8
14,68.6,680,18.127346,98.128647,10,27.46,67.7,128,-49.431,-50.06,970.006,325,10,25,35,4.131,125.113,0.517,92,8
14,68.7,681,18.127352,98.128654,11,27.46,67.8,126,-40.414,-45.526,971.548,326,11,26,36,4.131,124.13,0.513,92,8
14,68.8,682,18.127357,98.128662,12,27.46,67.8,124,-30.985,-40.766,975.683,328,12,27,37,4.131,123.137,0.509,92,8
14,68.9,683,18.127363,98.12867,13,27.47,67.9,122,-21.241,-35.801,982.033,329,13,28,38,4.131,122.136,0.505,92,8
14,69,684,18.127369,98.128677,14,27.47,67.9,120,-11.28,-30.658,990.02,330,14,29,39,4.131,121.13,0.5,92,8
14,69.1,685,18.127375,98.128685,10,27.48,67.9,117.9,-1.204,-25.362,998.917,331,15,30,40,4.131,120.12,0.496,92,8
14,69.2,686,18.12738,98.128693,11,27.48,68,115.9,8.885,-19.938,1007.912,332,16,31,41,4.131,119.111,0.492,92,8
14,69.3,687,18.127386,98.1287,12,27.48,68,113.9,18.882,-14.416,1016.186,333,17,32,42,4.131,118.103,0.488,92,8
14,69.4,688,18.127392,98.128708,13,27.48,68.1,111.9,28.687,-8.821,1022.985,334,18,33,43,4.131,117.101,0.484,92,8
14,69.5,689,18.127398,98.128716,14,27.49,68.1,109.9,38.201,-3.182,1027.691,335,19,34,44,4.13,116.105,0.48,92,8
14,69.6,690,18.127403,98.128723,10,27.49,68.1,107.8,47.324,2.473,1029.873,336,10,20,45,4.13,115.12,0.475,92,8
14,69.7,691,18.127409,98.128731,11,27.49,68.2,105.8,55.965,8.115,1029.334,337,11,21,46,4.13,114.147,0.471,92,8
14,69.8,692,18.127415,98.128738,12,27.49,68.2,103.8,64.035,13.717,1026.122,338,12,22,47,4.13,113.189,0.467,92,8
14,69.9,693,18.12742,98.128746,13,27.49,68.3,101.8,71.454,19.25,1020.53,339,13,23,48,4.13,112.249,0.464,92,8
14,70,694,18.127426,98.128754,14,27.5,68.3,99.8,78.144,24.688,1013.068,340,14,24,49,4.13,111.328,0.46,92,8
14,70.1,695,18.127432,98.128761,10,27.5,68.3,97.7,84.037,30.001,1004.415,341,15,25,50,4.13,110.429,0.456,92,8
14,70.2,696,18.127438,98.128769,11,27.5,68.4,95.7,89.073,35.165,995.36,342,16,26,51,4.13,109.555,0.452,92,8
14,70.3,697,18.127443,98.128777,12,27.5,68.4,93.7,93.203,40.153,986.727,343,17,27,52,4.13,108.707,0.449,92,8
14,70.4,698,18.127449,98.128784,13,27.5,68.4,91.7,96.382,44.941,979.304,344,18,28,53,4.13,107.889,0.446,92,8
14,70.5,699,18.127455,98.128792,14,27.5,68.5,89.7,98.578,49.504,973.767,345,19,29,54,4.129,107.101,0.442,92,8
14,70.6,700,18.12746,98.128799,10,27.5,68.5,87.6,99.77,53.82,970.619,346,10,30,35,4.129,106.346,0.439,92,8
14,70.7,701,18.127466,98.128807,11,27.5,68.5,85.6,99.945,57.867,970.148,347,11,31,36,4.129,105.625,0.436,92,8
14,70.8,702,18.127472,98.128815,12,27.5,68.6,83.6,99.101,61.624,972.397,348,12,32,37,4.129,104.942,0.433,92,8
14,70.9,703,18.127478,98.128822,13,27.5,68.6,81.6,97.248,65.074,977.161,349,13,33,38,4.129,104.296,0.431,92,8
14,71,704,18.127483,98.12883,14,27.5,68.7,79.6,94.403,68.199,984.006,350,14,34,39,4.129,103.691,0.428,92,8
14,71.1,705,18.127489,98.128838,10,27.5,68.7,77.5,90.595,70.982,992.308,351,15,20,40,4.129,103.128,0.426,92,8
14,71.2,706,18.127495,98.128845,11,27.5,68.7,75.5,85.865,73.412,1001.31,352,16,21,41,4.129,102.607,0.424,92,8
14,71.3,707,18.127501,98.128853,12,27.5,68.8,73.5,80.26,75.474,1010.194,353,17,22,42,4.129,102.131,0.422,92,8
14,71.4,708,18.127506,98.12886,13,27.49,68.8,71.5,73.836,77.159,1018.149,354,18,23,43,4.129,101.7,0.42,92,8
14,71.5,709,18.127512,98.128868,14,27.49,68.8,69.5,66.659,78.459,1024.449,355,19,24,44,4.128,101.316,0.418,92,8
14,71.6,710,18.127518,98.128876,10,27.49,68.9,67.4,58.804,79.367,1028.523,356,10,25,45,4.128,100.98,0.417,92,8
14,71.7,711,18.127523,98.128883,11,27.49,68.9,65.4,50.349,79.878,1029.998,357,11,26,46,4.128,100.692,0.416,92,8
14,71.8,712,18.127529,98.128891,12,27.49,68.9,63.4,41.38,79.99,1028.74,358,12,27,47,4.128,100.453,0.415,92,8
14,71.9,713,18.127535,98.128899,13,27.48,68.9,61.4,31.991,79.703,1024.863,359,13,28,48,4.128,100.265,0.414,92,8
14,72,714,18.127541,98.128906,14,27.48,69,59.4,22.275,79.017,1018.721,0,14,29,49,4.128,100.126,0.413,91,8
14,72.1,715,18.127546,98.128914,10,27.48,69,57.3,12.331,77.937,1010.873,1,15,30,50,4.128,100.038,0.413,91,8
14,72.2,716,18.127552,98.128922,11,27.48,69,55.3,2.263,76.467,1002.035,2,16,31,51,4.128,100.001,0.413,91,8
14,72.3,717,18.127558,98.128929,12,27.47,69.1,53.3,-7.829,74.615,993.011,3,17,32,52,4.128,100.015,0.413,91,8
14,72.4,718,18.127563,98.128937,13,27.47,69.1,51.3,-17.841,72.39,984.625,4,18,33,53,4.128,100.08,0.413,91,8
14,72.5,719,18.127569,98.128944,14,27.47,69.1,49.3,-27.671,69.803,977.638,5,19,34,54,4.127,100.196,0.414,91,8
14,72.6,720,18.127575,98.128952,10,27.46,69.2,47.2,-37.219,66.868,972.69,6,10,20,35,4.127,100.363,0.414,91,8
14,72.7,721,18.127581,98.12896,11,27.46,69.2,45.2,-46.388,63.599,970.229,7,11,21,36,4.127,100.579,0.415,91,8
14,72.8,722,18.127586,98.128967,12,27.45,69.2,43.2,-55.084,60.012,970.481,8,12,22,37,4.127,100.845,0.416,91,8
14,72.9,723,18.127592,98.128975,13,27.45,69.2,41.2,-63.219,56.124,973.422,9,13,23,38,4.127,101.16,0.417,91,8
14,73,724,18.127598,98.128983,14,27.45,69.3,39.2,-70.709,51.957,978.785,10,14,24,39,4.127,101.522,0.419,91,8
14,73.1,725,18.127604,98.12899,10,27.44,69.3,37.1,-77.478,47.53,986.08,11,15,25,40,4.127,101.932,0.421,91,8
14,73.2,726,18.127609,98.128998,11,27.44,69.3,35.1,-83.458,42.865,994.645,12,16,26,41,4.127,102.388,0.423,91,8
14,73.3,727,18.127615,98.129005,12,27.43,69.3,33.1,-88.587,37.987,1003.696,13,17,27,42,4.127,102.889,0.425,91,8
14,73.4,728,18.127621,98.129013,13,27.43,69.4,31.1,-92.813,32.919,1012.411,14,18,28,43,4.127,103.433,0.427,91,8
14,73.5,729,18.127626,98.129021,14,27.42,69.4,29.1,-96.094,27.686,1019.995,15,19,29,44,4.126,104.02,0.429,91,8
14,73.6,730,18.127632,98.129028,10,27.41,69.4,27,-98.395,22.314,1025.758,16,10,30,45,4.126,104.648,0.432,91,8
14,73.7,731,18.127638,98.129036,11,27.41,69.4,25,-99.693,16.832,1029.174,17,11,31,46,4.126,105.314,0.435,91,8
14,73.8,732,18.127644,98.129044,12,27.4,69.5,23,-99.975,11.265,1029.931,18,12,32,47,4.126,106.018,0.437,91,8
14,74,733,18.127649,98.129051,13,27.4,69.5,21,-99.238,5.642,1027.962,19,13,33,48,4.126,106.758,0.44,91,8
14,74.1,734,18.127655,98.129059,14,27.39,69.5,19,-97.489,-0.01,1023.445,20,14,34,49,4.126,107.532,0.444,91,8
14,74.2,735,18.127661,98.129066,10,27.38,69.5,16.9,-94.747,-5.661,1016.792,21,15,20,50,4.126,108.337,0.447,91,8
14,74.3,736,18.127666,98.129074,11,27.38,69.5,14.9,-91.039,-11.284,1008.61,22,16,21,51,4.126,109.172,0.45,91,8
14,74.4,737,18.127672,98.129082,12,27.37,69.6,12.9,-86.403,-16.851,999.642,23,17,22,52,4.126,110.034,0.454,91,8
14,74.5,738,18.127678,98.129089,13,27.36,69.6,10.9,-80.887,-22.333,990.707,24,18,23,53,4.126,110.922,0.458,91,8
14,74.6,739,18.127684,98.129097,14,27.36,69.6,8.9,-74.546,-27.704,982.62,25,19,24,54,4.125,111.834,0.461,91,8
14,74.7,740,18.127689,98.129105,10,27.35,69.6,6.8,-67.446,-32.936,976.115,26,10,25,35,4.125,112.766,0.465,91,8
14,74.8,741,18.127695,98.129112,11,27.34,69.6,4.8,-59.657,-38.004,971.787,27,11,26,36,4.125,113.716,0.469,91,16
14,74.9,742,18.127701,98.12912,12,27.34,69.7,2.8,-51.261,-42.882,970.029,28,12,27,37,4.125,114.682,0.473,91,16
14,75,743,18.127707,98.129128,13,27.33,69.7,0.8,-42.343,-47.546,971.002,29,13,28,38,4.125,115.662,0.477,91,16
14,75.1,744,18.127712,98.129135,14,27.32,69.7,0,-32.993,-51.972,974.616,30,14,29,39,4.125,116.654,0.481,91,16
14,75.2,745,18.127718,98.129143,10,27.31,69.7,0,-23.306,-56.138,980.544,31,15,30,40,4.125,117.653,0.485,91,16
14,75.3,746,18.127724,98.12915,11,27.3,69.7,0,-13.382,-60.024,988.243,32,16,31,41,4.125,118.659,0.489,91,16
14,75.4,747,18.127729,98.129158,12,27.3,69.8,0,-3.322,-63.61,997.015,33,17,32,42,4.125,119.668,0.494,91,16
14,75.5,748,18.127735,98.129166,13,27.29,69.8,0,6.773,-66.879,1006.058,34,18,33,43,4.125,120.678,0.498,91,16
14,75.6,749,18.127741,98.129173,14,27.28,69.8,0,16.798,-69.813,1014.549,35,19,34,44,4.124,121.686,0.502,91,16
14,75.7,750,18.127747,98.129181,10,27.27,69.8,0,26.652,-72.398,1021.715,36,10,20,45,4.124,122.69,0.506,91,16
14,75.8,751,18.127752,98.129189,11,27.26,69.8,0,36.234,-74.622,1026.902,37,11,21,46,4.124,123.687,0.51,91,16
14,75.9,752,18.127758,98.129196,12,27.25,69.8,0,45.447,-76.472,1029.638,38,12,22,47,4.124,124.674,0.514,91,16
14,76,753,18.127764,98.129204,13,27.25,69.8,0,54.197,-77.941,1029.674,39,13,23,48,4.124,125.65,0.518,91,16
14,76.1,754,18.127769,98.129211,14,27.24,69.8,0,62.394,-79.02,1027.006,40,14,24,49,4.124,126.611,0.522,91,16
14,76.2,755,18.127775,98.129219,10,27.23,69.9,0,69.955,-79.704,1021.879,41,15,25,50,4.124,127.555,0.526,91,16
14,76.3,756,18.127781,98.129227,11,27.22,69.9,0,76.804,-79.991,1014.757,42,16,26,51,4.124,128.481,0.53,91,16
14,76.4,757,18.127787,98.129234,12,27.21,69.9,0,82.87,-79.877,1006.291,43,17,27,52,4.124,129.384,0.534,91,16
14,76.5,758,18.127792,98.129242,13,27.2,69.9,0,88.091,-79.365,997.252,44,18,28,53,4.124,130.264,0.537,91,16
14,76.6,759,18.127798,98.12925,14,27.19,69.9,0,92.414,-78.455,988.463,45,19,29,54,4.123,131.117,0.541,91,16
14,76.7,760,18.127804,98.129257,10,27.18,69.9,0,95.795,-77.154,980.726,46,10,30,35,4.123,131.942,0.544,91,16
14,76.8,761,18.12781,98.129265,11,27.17,69.9,0,98.2,-75.468,974.744,47,11,31,36,4.123,132.737,0.547,91,16
14,76.9,762,18.127815,98.129272,12,27.16,69.9,0,99.604,-73.404,971.064,48,12,32,37,4.123,133.499,0.55,91,16
14,77,763,18.127821,98.12928,13,27.15,69.9,0,99.993,-70.973,970.019,49,13,33,38,4.123,134.227,0.553,91,16
14,77.1,764,18.127827,98.129288,14,27.14,69.9,0,99.362,-68.188,971.707,50,14,34,39,4.123,134.918,0.556,91,16
14,77.2,765,18.127832,98.129295,10,27.13,70,0,97.719,-65.063,975.972,51,15,20,40,4.123,135.571,0.559,91,16
14,77.3,766,18.127838,98.129303,11,27.12,70,0,95.08,-61.612,982.426,52,16,21,41,4.123,136.185,0.561,91,16
14,77.4,767,18.127844,98.129311,12,27.11,70,0,91.472,-57.853,990.482,53,17,22,42,4.123,136.758,0.564,91,16
14,77.5,768,18.12785,98.129318,13,27.1,70,0,86.932,-53.805,999.405,54,18,23,43,4.123,137.287,0.566,91,16
14,77.6,769,18.127855,98.129326,14,27.09,70,0,81.505,-49.489,1008.381,55,19,24,44,4.122,137.773,0.568,91,16
14,77.7,770,18.127861,98.129333,10,27.08,70,0,75.248,-44.925,1016.595,56,10,25,45,4.122,138.213,0.57,91,16
14,77.8,771,18.127867,98.129341,11,27.07,70,0,68.223,-40.137,1023.296,57,11,26,46,4.122,138.607,0.571,91,16
14,77.9,772,18.127872,98.129349,12,27.06,70,0,60.504,-35.148,1027.875,58,12,27,47,4.122,138.954,0.573,91,16
14,78,773,18.127878,98.129356,13,27.05,70,0,52.168,-29.983,1029.914,59,13,28,48,4.122,139.252,0.574,91,16
14,78.1,774,18.127884,98.129364,14,27.04,70,0,43.3,-24.669,1029.228,60,14,29,49,4.122,139.501,0.575,91,16
14,78.2,775,18.12789,98.129372,10,27.03,70,0,33.99,-19.231,1025.879,61,15,30,50,4.122,139.7,0.576,91,16
14,78.3,776,18.127895,98.129379,11,27.02,70,0,24.335,-13.698,1020.172,62,16,31,51,4.122,139.849,0.576,91,16
14,78.4,777,18.127901,98.129387,12,27.01,70,0,14.431,-8.096,1012.627,63,17,32,52,4.122,139.948,0.577,91,16
14,78.5,778,18.127907,98.129395,13,27,70,0,4.38,-2.453,1003.932,64,18,33,53,4.122,139.995,0.577,91,16
14,78.6,779,18.127913,98.129402,14,26.99,70,0,-5.715,3.201,994.879,65,19,34,54,4.121,139.992,0.577,91,16
14,78.7,780,18.127918,98.12941,10,26.98,70,0,-15.752,8.84,986.292,66,10,20,35,4.121,139.937,0.577,91,16
14,78.8,781,18.127924,98.129417,11,26.97,70,0,-25.63,14.435,978.954,67,11,21,36,4.121,139.832,0.576,91,16
14,78.9,782,18.12793,98.129425,12,26.96,70,0,-35.245,19.957,973.533,69,12,22,37,4.121,139.677,0.576,91,16
14,79,783,18.127935,98.129433,13,26.95,70,0,-44.501,25.38,970.524,70,13,23,38,4.121,139.471,0.575,91,16
14,79.1,784,18.127941,98.12944,14,26.94,70,0,-53.303,30.676,970.201,71,14,24,39,4.121,139.215,0.574,91,16
14,79.2,785,18.127947,98.129448,10,26.93,70,0,-61.563,35.819,972.592,72,15,25,40,4.121,138.91,0.572,91,16
14,79.3,786,18.127953,98.129456,11,26.92,70,0,-69.195,40.782,977.481,73,16,26,41,4.121,138.558,0.571,91,16
14,79.4,787,18.127958,98.129463,12,26.91,70,0,-76.121,45.542,984.421,74,17,27,42,4.121,138.158,0.569,91,16
14,79.5,788,18.127964,98.129471,13,26.9,70,0,-82.272,50.075,992.78,75,18,28,43,4.12,137.711,0.567,91,16
14,79.6,789,18.12797,98.129478,14,26.89,70,0,-87.585,54.357,1001.798,76,19,29,44,4.12,137.22,0.565,91,16
14,79.7,790,18.127975,98.129486,10,26.88,70,0,-92.004,58.368,1010.651,77,10,30,45,4.12,136.684,0.563,91,16
14,79.8,791,18.127981,98.129494,11,26.87,70,0,-95.486,62.086,1018.534,78,11,31,46,4.12,136.106,0.561,91,16
14,79.9,792,18.127987,98.129501,12,26.86,70,0,-97.995,65.495,1024.729,79,12,32,47,4.12,135.487,0.558,91,16
14,80,793,18.127993,98.129509,13,26.85,69.9,0,-99.504,68.577,1028.67,80,13,33,48,4.12,134.829,0.555,91,16
14,80.1,794,18.127998,98.129517,14,26.85,69.9,0,-100,71.316,1030,81,14,34,49,4.12,134.132,0.553,91,16
14,80.2,795,18.128004,98.129524,10,26.84,69.9,0,-99.476,73.698,1028.596,82,15,20,50,4.12,133.4,0.55,91,16
14,80.3,796,18.12801,98.129532,11,26.83,69.9,0,-97.939,75.713,1024.586,83,16,21,51,4.12,132.633,0.546,91,16
14,80.4,797,18.128016,98.129539,12,26.82,69.9,0,-95.403,77.349,1018.338,84,17,22,52,4.12,131.835,0.543,91,16
14,80.5,798,18.128021,98.129547,13,26.81,69.9,0,-91.895,78.598,1010.417,85,18,23,53,4.119,131.006,0.54,91,16
14,80.6,799,18.128027,98.129555,14,26.8,69.9,0,-87.45,79.455,1001.549,86,19,24,54,4.119,130.149,0.536,91,16
14,80.7,800,18.128033,98.129562,10,26.79,69.9,0,-82.114,79.915,992.538,87,10,25,35,4.119,129.266,0.532,91,16
14,80.8,801,18.128038,98.12957,11,26.78,69.9,0,-75.941,79.976,984.208,88,11,26,36,4.119,128.359,0.529,91,16
14,80.9,802,18.128044,98.129578,12,26.77,69.9,0,-68.994,79.637,977.316,89,12,27,37,4.119,127.432,0.525,91,16
14,81,803,18.12805,98.129585,13,26.76,69.8,0,-61.344,78.9,972.491,90,13,28,38,4.119,126.485,0.521,90,16
14,81.1,804,18.128056,98.129593,14,26.75,69.8,0,-53.068,77.769,970.173,91,14,29,39,4.119,125.521,0.517,90,16
14,81.2,805,18.128061,98.129601,10,26.74,69.8,0,-44.252,76.249,970.572,92,15,30,40,4.119,124.544,0.513,90,16
14,81.3,806,18.128067,98.129608,11,26.74,69.8,0,-34.985,74.349,973.652,93,16,31,41,4.119,123.555,0.509,90,16
14,81.4,807,18.128073,98.129616,12,26.73,69.8,0,-25.361,72.076,979.133,94,17,32,42,4.119,122.557,0.505,90,16
14,81.5,808,18.128078,98.129623,13,26.72,69.8,0,-15.478,69.444,986.515,95,18,33,43,4.118,121.553,0.501,90,16
14,81.6,809,18.128084,98.129631,14,26.71,69.8,0,-5.438,66.465,995.125,96,19,34,44,4.118,120.544,0.496,90,16
14,81.7,810,18.12809,98.129639,10,26.7,69.7,0,4.657,63.154,1004.179,97,10,20,45,4.118,119.534,0.492,90,16
14,81.8,811,18.128096,98.129646,11,26.69,69.7,0,14.706,59.527,1012.853,98,11,21,46,4.118,118.525,0.488,90,16
14,81.9,812,18.128101,98.129654,12,26.69,69.7,0,24.604,55.603,1020.356,99,12,22,47,4.118,117.52,0.484,90,16
14,82,813,18.128107,98.129662,13,26.68,69.7,0,34.251,51.401,1026.004,100,13,23,48,4.118,116.522,0.48,90,16
14,82.1,814,18.128113,98.129669,14,26.67,69.7,0,43.55,46.941,1029.283,101,14,24,49,4.118,115.532,0.476,90,16
14,82.2,815,18.128119,98.129677,10,26.66,69.7,0,52.404,42.248,1029.894,102,15,25,50,4.118,114.554,0.472,90,16
14,82.3,816,18.128124,98.129684,11,26.66,69.6,0,60.725,37.344,1027.782,103,16,26,51,4.118,113.589,0.468,90,16
14,82.4,817,18.12813,98.129692,12,26.65,69.6,0,68.426,32.253,1023.138,104,17,27,52,4.118,112.641,0.464,90,16
14,82.5,818,18.128136,98.1297,13,26.64,69.6,0,75.43,27,1016.386,105,18,28,53,4.117,111.712,0.46,90,16
14,82.6,819,18.128141,98.129707,14,26.63,69.6,0,81.666,21.613,1008.141,106,19,29,54,4.117,110.804,0.456,90,16
14,82.7,820,18.128147,98.129715,10,26.63,69.6,0,87.068,16.118,999.155,107,10,30,35,4.117,109.919,0.453,90,16
14,82.8,821,18.128153,98.129723,11,26.62,69.5,0,91.584,10.543,990.245,108,11,31,36,4.117,109.06,0.449,90,16
14,82.9,822,18.128159,98.12973,12,26.61,69.5,0,95.166,4.914,982.224,109,12,32,37,4.117,108.228,0.446,90,16
14,83,823,18.128164,98.129738,13,26.61,69.5,0,97.778,-0.739,975.823,110,13,33,38,4.117,107.427,0.442,90,16
14,83.1,824,18.12817,98.129745,14,26.6,69.5,0,99.393,-6.388,971.625,111,14,34,39,4.117,106.658,0.439,90,16
14,83.2,825,18.128176,98.129753,10,26.6,69.5,0,99.996,-12.005,970.011,112,15,20,40,4.117,105.923,0.436,90,16
14,83.3,826,18.128181,98.129761,11,26.59,69.4,0,99.579,-17.563,971.13,113,16,21,41,4.117,105.224,0.433,90,16
14,83.4,827,18.128187,98.129768,12,26.58,69.4,0,98.147,-23.032,974.879,114,17,22,42,4.117,104.562,0.43,90,16
14,83.5,828,18.128193,98.129776,13,26.58,69.4,0,95.715,-28.387,980.917,115,18,23,43,4.116,103.94,0.428,90,16
14,83.6,829,18.128199,98.129784,14,26.57,69.4,0,92.307,-33.599,988.694,116,19,24,44,4.116,103.359,0.425,90,16
14,83.7,830,18.128204,98.129791,10,26.57,69.3,0,87.959,-38.644,997.501,117,10,25,45,4.116,102.82,0.423,90,16
14,83.8,831,18.12821,98.129799,11,26.56,69.3,0,82.714,-43.496,1006.535,118,11,26,46,4.116,102.325,0.421,90,16
14,83.9,832,18.128216,98.129807,12,26.56,69.3,0,76.626,-48.13,1014.974,119,12,27,47,4.116,101.875,0.419,90,16
14,84.1,833,18.128222,98.129814,13,26.55,69.3,0,69.757,-52.524,1022.049,120,13,28,48,4.116,101.472,0.418,90,16
14,84.2,834,18.128227,98.129822,14,26.55,69.2,0,62.177,-56.655,1027.114,121,14,29,49,4.116,101.115,0.416,90,16
14,84.3,835,18.128233,98.129829,10,26.55,69.2,0,53.963,-60.504,1029.71,122,15,30,50,4.116,100.807,0.415,90,16
14,84.4,836,18.128239,98.129837,11,26.54,69.2,0,45.2,-64.05,1029.599,123,16,31,51,4.116,100.547,0.414,90,16
14,84.5,837,18.128244,98.129845,12,26.54,69.2,0,35.975,-67.276,1026.79,124,17,32,52,4.116,100.338,0.413,90,16
14,84.6,838,18.12825,98.129852,13,26.53,69.1,0,26.384,-70.166,1021.542,125,18,33,53,4.115,100.178,0.412,90,16
14,84.7,839,18.128256,98.12986,14,26.53,69.1,0,16.524,-72.705,1014.33,126,19,34,54,4.115,100.069,0.412,90,16
14,84.8,840,18.128262,98.129868,10,26.53,69.1,0,6.495,-74.881,1005.813,127,10,20,35,4.115,100.011,0.412,90,16
14,84.9,841,18.128267,98.129875,11,26.52,69,0,-3.599,-76.683,996.767,128,11,21,36,4.115,100.003,0.412,90,16
14,85,842,18.128273,98.129883,12,26.52,69,0,-13.657,-78.102,988.014,129,12,22,37,4.115,100.047,0.412,90,16
14,85.1,843,18.128279,98.12989,13,26.52,69,0,-23.575,-79.131,980.355,130,13,23,38,4.115,100.141,0.412,90,16
14,85.2,844,18.128284,98.129898,14,26.52,68.9,0,-33.255,-79.764,974.484,131,14,24,39,4.115,100.287,0.413,90,16
14,85.3,845,18.12829,98.129906,10,26.51,68.9,0,-42.594,-79.998,970.939,132,15,25,40,4.115,100.482,0.413,90,16
14,85.4,846,18.128296,98.129913,11,26.51,68.9,0,-51.499,-79.833,970.041,133,16,26,41,4.115,100.727,0.414,90,16
14,85.5,847,18.128302,98.129921,12,26.51,68.8,0,-59.879,-79.27,971.873,134,17,27,42,4.115,101.022,0.416,90,16
14,85.6,848,18.128307,98.129929,13,26.51,68.8,0,-67.65,-78.31,976.267,135,18,28,43,4.114,101.364,0.417,90,16
14,85.7,849,18.128313,98.129936,14,26.51,68.8,0,-74.731,-76.958,982.824,136,19,29,44,4.114,101.755,0.419,90,16
14,85.8,850,18.128319,98.129944,10,26.5,68.7,0,-81.049,-75.223,990.945,137,10,30,45,4.114,102.191,0.42,90,16
14,85.9,851,18.128325,98.129951,11,26.5,68.7,0,-86.543,-73.111,999.892,138,11,31,46,4.114,102.674,0.422,90,16
14,86,852,18.12833,98.129959,12,26.5,68.7,0,-91.153,-70.634,1008.849,139,12,32,47,4.114,103.2,0.425,90,16
14,86.1,853,18.128336,98.129967,13,26.5,68.6,0,-94.835,-67.804,1016.999,140,13,33,48,4.114,103.769,0.427,90,16
14,86.2,854,18.128342,98.129974,14,26.5,68.6,0,-97.55,-64.636,1023.6,141,14,34,49,4.114,104.38,0.429,90,16
14,86.3,855,18.128347,98.129982,10,26.5,68.6,0,-99.271,-61.144,1028.052,142,15,20,50,4.114,105.03,0.432,90,16
14,86.4,856,18.128353,98.12999,11,26.5,68.5,0,-99.98,-57.347,1029.947,143,16,21,51,4.114,105.719,0.435,90,16
14,86.5,857,18.128359,98.129997,12,26.5,68.5,0,-99.671,-53.264,1029.114,144,17,22,52,4.114,106.444,0.438,90,16
14,86.6,858,18.128365,98.130005,13,26.5,68.5,0,-98.345,-48.914,1025.629,145,18,23,53,4.113,107.203,0.441,90,16
14,86.7,859,18.12837,98.130013,14,26.5,68.4,0,-96.017,-44.32,1019.808,146,19,24,54,4.113,107.995,0.444,90,16
14,86.8,860,18.128376,98.13002,10,26.5,68.4,0,-92.71,-39.504,1012.184,147,10,25,35,4.113,108.818,0.448,90,16
14,86.9,861,18.128382,98.130028,11,26.5,68.4,0,-88.458,-34.491,1003.448,148,11,26,36,4.113,109.669,0.451,90,16
14,87,862,18.128387,98.130035,12,26.5,68.3,0,-83.305,-29.306,994.399,149,12,27,37,4.113,110.547,0.455,90,16
14,87.1,863,18.128393,98.130043,13,26.5,68.3,0,-77.302,-23.974,985.859,150,13,28,38,4.113,111.449,0.458,90,16
14,87.2,864,18.128399,98.130051,14,26.51,68.2,0,-70.512,-18.523,978.609,151,14,29,39,4.113,112.372,0.462,90,16
14,87.3,865,18.128405,98.130058,10,26.51,68.2,0,-63.003,-12.979,973.307,152,15,30,40,4.113,113.315,0.466,90,16
14,87.4,866,18.12841,98.130066,11,26.51,68.2,0,-54.852,-7.37,970.437,153,16,31,41,4.113,114.275,0.47,90,16
14,87.5,867,18.128416,98.130074,12,26.51,68.1,0,-46.142,-1.724,970.261,154,17,32,42,4.113,115.25,0.474,90,16
14,87.6,868,18.128422,98.130081,13,26.51,68.1,0,-36.962,3.93,972.794,155,18,33,43,4.112,116.237,0.478,90,16
14,87.7,869,18.128428,98.130089,14,26.52,68.1,0,-27.405,9.564,977.805,156,19,34,44,4.112,117.233,0.482,90,16
14,87.8,870,18.128433,98.130096,10,26.52,68,0,-17.568,15.151,984.84,157,10,20,45,4.112,118.236,0.486,90,16
14,87.9,871,18.128439,98.130104,11,26.52,68,0,-7.552,20.663,993.254,158,11,21,46,4.112,119.244,0.49,90,16
14,88,872,18.128445,98.130112,12,26.53,67.9,0,2.54,26.07,1002.284,159,12,22,47,4.112,120.254,0.494,90,16
14,88.1,873,18.12845,98.130119,13,26.53,67.9,0,12.607,31.348,1011.106,160,13,23,48,4.112,121.263,0.499,90,16
14,88.2,874,18.128456,98.130127,14,26.53,67.8,0,22.545,36.469,1018.915,161,14,24,49,4.112,122.269,0.503,90,16
14,88.3,875,18.128462,98.130135,10,26.54,67.8,0,32.253,41.408,1025.002,162,15,25,50,4.112,123.269,0.507,90,16
14,88.4,876,18.128468,98.130142,11,26.54,67.8,0,41.633,46.14,1028.81,163,16,26,51,4.112,124.261,0.511,90,16
14,88.5,877,18.128473,98.13015,12,26.54,67.7,0,50.589,50.641,1029.994,164,17,27,52,4.112,125.242,0.515,90,16
14,88.6,878,18.128479,98.130157,13,26.55,67.7,0,59.028,54.89,1028.445,165,18,28,53,4.111,126.21,0.519,90,16
14,88.7,879,18.128485,98.130165,14,26.55,67.6,0,66.866,58.864,1024.304,166,19,29,54,4.111,127.161,0.523,90,16
14,88.8,880,18.12849,98.130173,10,26.56,67.6,0,74.022,62.544,1017.949,167,10,30,35,4.111,128.095,0.527,90,16
14,88.9,881,18.128496,98.13018,11,26.56,67.5,0,80.425,65.911,1009.958,168,11,31,36,4.111,129.008,0.53,90,16
14,89,882,18.128502,98.130188,12,26.57,67.5,0,86.007,68.95,1001.061,170,12,32,37,4.111,129.898,0.534,90,16
14,89.1,883,18.128508,98.130196,13,26.57,67.5,0,90.713,71.643,992.067,171,13,33,38,4.111,130.762,0.538,90,16
14,89.2,884,18.128513,98.130203,14,26.58,67.4,0,94.494,73.979,983.795,172,14,34,39,4.111,131.6,0.541,90,16
14,89.3,885,18.128519,98.130211,10,26.58,67.4,0,97.312,75.945,977,173,15,20,40,4.111,132.407,0.544,90,16
14,89.4,886,18.128525,98.130219,11,26.59,67.3,0,99.138,77.532,972.3,174,16,21,41,4.111,133.183,0.547,90,16
14,89.5,887,18.128531,98.130226,12,26.59,67.3,0,99.954,78.731,970.125,175,17,22,42,4.11,133.926,0.551,90,16
14,89.6,888,18.128536,98.130234,13,26.6,67.2,0,99.751,79.537,970.671,176,18,23,43,4.11,134.633,0.553,90,16
14,89.7,889,18.128542,98.130241,14,26.61,67.2,0,98.531,79.945,973.889,177,19,24,44,4.11,135.302,0.556,90,16
14,89.8,890,18.128548,98.130249,10,26.61,67.1,0,96.307,79.954,979.486,178,10,25,45,4.11,135.933,0.559,90,16
14,89.9,891,18.128553,98.130257,11,26.62,67.1,0,93.102,79.564,986.952,179,11,26,46,4.11,136.523,0.561,90,16
14,90,892,18.128559,98.130264,12,26.63,67.1,0,88.947,78.776,995.607,180,12,27,47,4.11,137.07,0.563,89,16
14,90.1,893,18.128565,98.130272,13,26.63,67,0,83.886,77.595,1004.662,181,13,28,48,4.11,137.575,0.565,89,16
14,90.2,894,18.128571,98.13028,14,26.64,67,0,77.97,76.025,1013.292,182,14,29,49,4.11,138.034,0.567,89,16
14,90.3,895,18.128576,98.130287,10,26.65,66.9,0,71.259,74.076,1020.712,183,15,30,50,4.11,138.448,0.569,89,16
14,90.4,896,18.128582,98.130295,11,26.65,66.9,0,63.822,71.757,1026.244,184,16,31,51,4.11,138.814,0.57,89,16
14,90.5,897,18.128588,98.130302,12,26.66,66.8,0,55.735,69.079,1029.385,185,17,32,52,4.109,139.133,0.572,89,16
14,90.6,898,18.128593,98.13031,13,26.67,66.8,0,47.079,66.056,1029.849,186,18,33,53,4.109,139.402,0.573,89,16
14,90.7,899,18.128599,98.130318,14,26.68,66.7,0,37.943,62.703,1027.594,187,19,34,54,4.109,139.623,0.574,89,16
14,90.8,900,18.128605,98.130325,10,26.68,66.7,0,28.421,59.037,1022.824,188,10,20,35,4.109,139.793,0.574,89,16
14,90.9,901,18.128611,98.130333,11,26.69,66.6,0,18.61,55.076,1015.976,189,11,21,36,4.109,139.912,0.575,89,16
14,91,902,18.128616,98.130341,12,26.7,66.6,0,8.608,50.84,1007.671,190,12,22,37,4.109,139.981,0.575,89,16
14,91.1,903,18.128622,98.130348,13,26.71,66.5,0,-1.481,46.349,998.667,191,13,23,38,4.109,139.999,0.575,89,16
14,91.2,904,18.128628,98.130356,14,26.72,66.5,0,-11.555,41.627,989.785,192,14,24,39,4.109,139.966,0.575,89,16
14,91.3,905,18.128633,98.130363,10,26.72,66.4,0,-21.512,36.697,981.834,193,15,25,40,4.109,139.883,0.575,89,16
14,91.4,906,18.128639,98.130371,11,26.73,66.4,0,-31.249,31.584,975.538,194,16,26,41,4.109,139.748,0.574,89,16
14,91.5,907,18.128645,98.130379,12,26.74,66.3,0,-40.668,26.313,971.47,195,17,27,42,4.108,139.563,0.573,89,16
14,91.6,908,18.128651,98.130386,13,26.75,66.3,0,-49.672,20.91,970.002,196,18,28,43,4.108,139.328,0.572,89,16
14,91.7,909,18.128656,98.130394,14,26.76,66.2,0,-58.169,15.403,971.267,197,19,29,44,4.108,139.044,0.571,89,16
14,91.8,910,18.128662,98.130402,10,26.77,66.2,0,-66.075,9.819,975.15,198,10,30,45,4.108,138.712,0.57,89,16
14,91.9,911,18.128668,98.130409,11,26.78,66.1,0,-73.306,4.186,981.296,199,11,31,46,4.108,138.331,0.568,89,16
14,92,912,18.128674,98.130417,12,26.79,66.1,0,-79.791,-1.468,989.147,200,12,32,47,4.108,137.904,0.567,89,16
14,92.1,913,18.128679,98.130424,13,26.79,66.1,0,-85.462,-7.114,997.987,201,13,33,48,4.108,137.431,0.565,89,16
14,92.2,914,18.128685,98.130432,14,26.8,66,0,-90.262,-12.726,1007.01,202,14,34,49,4.108,136.914,0.562,89,16
14,92.3,915,18.128691,98.13044,10,26.81,66,0,-94.142,-18.273,1015.394,203,15,20,50,4.108,136.354,0.56,89,16
14,92.4,916,18.128696,98.130447,11,26.82,65.9,0,-97.062,-23.729,1022.376,204,16,21,51,4.108,135.752,0.558,89,16
14,92.5,917,18.128702,98.130455,12,26.83,65.9,0,-98.994,-29.067,1027.32,205,17,22,52,4.107,135.11,0.555,89,16
14,92.6,918,18.128708,98.130463,13,26.84,65.8,0,-99.916,-34.26,1029.774,206,18,23,53,4.107,134.429,0.552,89,16
14,92.7,919,18.128714,98.13047,14,26.85,65.8,0,-99.82,-39.281,1029.515,207,19,24,54,4.107,133.711,0.549,89,16
14,92.8,920,18.128719,98.130478,10,26.86,65.7,0,-98.707,-44.106,1026.568,208,10,25,35,4.107,132.959,0.546,89,16
14,92.9,921,18.128725,98.130486,11,26.87,65.7,0,-96.587,-48.711,1021.199,209,11,26,36,4.107,132.173,0.543,89,16
14,93,922,18.128731,98.130493,12,26.88,65.6,0,-93.483,-53.072,1013.9,210,12,27,37,4.107,131.357,0.539,89,16
14,93.1,923,18.128736,98.130501,13,26.89,65.6,0,-89.426,-57.168,1005.334,211,13,28,38,4.107,130.511,0.536,89,16
14,93.2,924,18.128742,98.130508,14,26.9,65.5,0,-84.458,-60.978,996.282,212,14,29,39,4.107,129.639,0.532,89,16
14,93.3,925,18.128748,98.130516,10,26.91,65.5,0,-78.629,-64.484,987.569,213,15,30,40,4.107,128.742,0.529,89,16
14,93.4,926,18.128754,98.130524,11,26.92,65.4,0,-71.998,-67.668,979.988,214,16,31,41,4.107,127.823,0.525,89,16
14,93.5,927,18.128759,98.130531,12,26.93,65.4,0,-64.634,-70.513,974.231,215,17,32,42,4.106,126.884,0.521,89,16
14,93.6,928,18.128765,98.130539,13,26.94,65.3,0,-56.611,-73.007,970.821,216,18,33,43,4.106,125.927,0.517,89,16
14,93.7,929,18.128771,98.130547,14,26.95,65.3,0,-48.011,-75.135,970.07,217,19,34,44,4.106,124.956,0.513,89,16
14,93.8,930,18.128777,98.130554,10,26.96,65.2,0,-38.922,-76.888,972.046,218,10,20,45,4.106,123.971,0.509,89,16
14,93.9,931,18.128782,98.130562,11,26.97,65.1,0,-29.436,-78.257,976.568,219,11,21,46,4.106,122.977,0.505,89,16
14,94.1,932,18.128788,98.130569,12,26.98,65.1,0,-19.649,-79.235,983.227,220,12,22,47,4.106,121.975,0.501,89,16
14,94.2,933,18.128794,98.130577,13,26.99,65,0,-9.663,-79.816,991.412,221,13,23,48,4.106,120.967,0.497,89,16
14,94.3,934,18.128799,98.130585,14,27,65,0,0.422,-80,1000.379,222,14,24,49,4.106,119.958,0.493,89,16
14,94.4,935,18.128805,98.130592,10,27.01,64.9,0,10.502,-79.783,1009.313,223,15,25,50,4.106,118.948,0.488,89,16
14,94.5,936,18.128811,98.1306,11,27.02,64.9,0,20.476,-79.168,1017.398,224,16,26,51,4.106,117.941,0.484,89,16
14,94.6,937,18.128817,98.130608,12,27.03,64.8,0,30.241,-78.157,1023.898,225,17,27,52,4.105,116.94,0.48,89,16
14,94.7,938,18.128822,98.130615,13,27.04,64.8,0,39.697,-76.756,1028.221,226,18,28,53,4.105,115.946,0.476,89,16
14,94.8,939,18.128828,98.130623,14,27.05,64.7,0,48.75,-74.971,1029.972,227,19,29,54,4.105,114.963,0.472,89,16
14,94.9,940,18.128834,98.13063,10,27.06,64.7,0,57.305,-72.812,1028.993,228,10,30,35,4.105,113.992,0.468,89,16
14,95,941,18.128839,98.130638,11,27.07,64.6,0,65.276,-70.289,1025.372,229,11,31,36,4.105,113.037,0.464,89,16
14,95.1,942,18.128845,98.130646,12,27.08,64.6,0,72.581,-67.414,1019.44,230,12,32,37,4.105,112.099,0.46,89,16
14,95.2,943,18.128851,98.130653,13,27.09,64.5,0,79.148,-64.203,1011.736,231,13,33,38,4.105,111.182,0.456,89,16
14,95.3,944,18.128857,98.130661,14,27.1,64.5,0,84.907,-60.671,1002.963,232,14,34,39,4.105,110.287,0.453,89,16
14,95.4,945,18.128862,98.130669,10,27.11,64.4,0,89.801,-56.836,993.921,233,15,20,40,4.105,109.417,0.449,89,16
14,95.5,946,18.128868,98.130676,11,27.12,64.4,0,93.779,-52.717,985.432,234,16,21,41,4.105,108.574,0.446,89,16
14,95.6,947,18.128874,98.130684,12,27.13,64.3,0,96.802,-48.335,978.27,235,17,22,42,4.104,107.76,0.442,89,16
14,95.7,948,18.12888,98.130692,13,27.14,64.3,0,98.838,-43.711,973.088,236,18,23,43,4.104,106.977,0.439,89,16
14,95.8,949,18.128885,98.130699,14,27.15,64.2,0,99.867,-38.869,970.358,237,19,24,44,4.104,106.227,0.436,89,16
14,95.9,950,18.128891,98.130707,10,27.16,64.2,0,99.878,-33.832,970.329,238,10,25,45,4.104,105.513,0.433,89,16
14,96,951,18.128897,98.130714,11,27.17,64.1,0,98.871,-28.626,973.003,239,11,26,46,4.104,104.835,0.43,89,16
14,96.1,952,18.128902,98.130722,12,27.18,64.1,0,96.856,-23.278,978.137,240,12,27,47,4.104,104.196,0.428,89,16
14,96.2,953,18.128908,98.13073,13,27.19,64,0,93.854,-17.813,985.263,241,13,28,48,4.104,103.598,0.425,89,16
14,96.3,954,18.128914,98.130737,14,27.2,64,0,89.895,-12.259,993.731,242,14,29,49,4.104,103.041,0.423,89,16
14,96.4,955,18.12892,98.130745,10,27.21,63.9,0,85.02,-6.644,1002.771,243,15,30,50,4.104,102.527,0.421,89,16
14,96.5,956,18.128925,98.130753,11,27.22,63.9,0,79.279,-0.995,1011.557,244,16,31,51,4.104,102.058,0.419,89,16
14,96.6,957,18.128931,98.13076,12,27.22,63.8,0,72.73,4.658,1019.291,245,17,32,52,4.103,101.635,0.417,89,16
14,96.7,958,18.128937,98.130768,13,27.23,63.8,0,65.439,10.288,1025.268,246,18,33,53,4.103,101.259,0.415,89,16
14,96.8,959,18.128942,98.130775,14,27.24,63.7,0,57.481,15.867,1028.942,247,19,34,54,4.103,100.93,0.414,89,16
14,96.9,960,18.128948,98.130783,10,27.25,63.7,0,48.938,21.366,1029.98,248,10,20,35,4.103,100.65,0.413,89,16
14,97,961,18.128954,98.130791,11,27.26,63.7,0,39.895,26.759,1028.286,249,11,21,36,4.103,100.42,0.412,89,16
14,97.1,962,18.12896,98.130798,12,27.27,63.6,0,30.446,32.018,1024.015,250,12,22,37,4.103,100.239,0.411,89,16
14,97.2,963,18.128965,98.130806,13,27.28,63.6,0,20.687,37.117,1017.556,251,13,23,38,4.103,100.108,0.411,89,16
14,97.3,964,18.128971,98.130814,14,27.29,63.5,0,10.717,42.03,1009.497,252,14,24,39,4.103,100.029,0.41,89,16
14,97.4,965,18.128977,98.130821,10,27.29,63.5,0,0.637,46.734,1000.573,253,15,25,40,4.103,100,0.41,89,16
14,97.5,966,18.128983,98.130829,11,27.3,63.4,0,-9.449,51.204,991.598,254,16,26,41,4.103,100.022,0.41,89,16
14,97.6,967,18.128988,98.130836,12,27.31,63.4,0,-19.438,55.418,983.387,255,17,27,42,4.102,100.096,0.411,89,16
14,97.7,968,18.128994,98.130844,13,27.32,63.3,0,-29.229,59.355,976.69,256,18,28,43,4.102,100.22,0.411,89,16
14,97.8,969,18.129,98.130852,14,27.33,63.3,0,-38.723,62.996,972.117,257,19,29,44,4.102,100.394,0.412,89,16
14,97.9,970,18.129005,98.130859,10,27.33,63.2,0,-47.822,66.322,970.084,258,10,30,45,4.102,100.618,0.413,89,16
14,98,971,18.129011,98.130867,11,27.34,63.2,0,-56.433,69.316,970.777,259,11,31,46,4.102,100.892,0.414,89,16
14,98.1,972,18.129017,98.130875,12,27.35,63.1,0,-64.469,71.965,974.132,260,12,32,47,4.102,101.215,0.415,89,16
14,98.2,973,18.129023,98.130882,13,27.35,63.1,0,-71.849,74.253,979.844,261,13,33,48,4.102,101.585,0.417,89,16
14,98.3,974,18.129028,98.13089,14,27.36,63,0,-78.496,76.171,987.393,262,14,34,49,4.102,102.003,0.418,89,16
14,98.4,975,18.129034,98.130898,10,27.37,63,0,-84.342,77.708,996.089,263,15,20,50,4.102,102.466,0.42,89,16
14,98.5,976,18.12904,98.130905,11,27.38,62.9,0,-89.33,78.857,1005.143,264,16,21,51,4.102,102.974,0.422,89,16
14,98.6,977,18.129045,98.130913,12,27.38,62.9,0,-93.406,79.612,1013.728,265,17,22,52,4.101,103.525,0.425,89,16
14,98.7,978,18.129051,98.13092,13,27.39,62.8,0,-96.531,79.969,1021.062,266,18,23,53,4.101,104.119,0.427,89,16
14,98.8,979,18.129057,98.130928,14,27.39,62.8,0,-98.672,79.927,1026.477,267,19,24,54,4.101,104.752,0.43,89,16
,98.9,980,18.129063,98.130936,10,27.4,62.8,0,-99.807,79.485,1029.48,268,10,25,35,4.101,105.425,0.432,89,16
14,99,981,18.129068,98.130943,11,27.41,62.7,0,-99.925,78.646,1029.797,269,11,26,36,4.101,106.135,0.435,89,16
14,99.1,982,18.129074,98.130951,12,27.41,62.7,0,-99.024,77.414,1027.399,271,12,27,37,4.101,106.88,0.438,88,16
14,99.2,983,18.12908,98.130959,13,27.42,62.6,0,-97.114,75.795,1022.505,272,13,28,38,4.101,107.659,0.441,88,16
14,99.3,984,18.129086,98.130966,14,27.42,62.6,0,-94.214,73.798,1015.56,273,14,29,39,4.101,108.469,0.445,88,16
14,99.4,985,18.129091,98.130974,10,27.43,62.5,0,-90.354,71.432,1007.199,274,15,30,40,4.101,109.309,0.448,88,16
14,99.5,986,18.129097,98.130981,11,27.43,62.5,0,-85.573,68.709,998.18,275,16,31,41,4.1,110.176,0.452,88,16
14,99.6,987,18.129103,98.130989,12,27.44,62.4,0,-79.92,65.642,989.328,276,17,32,42,4.1,111.068,0.455,88,16
14,99.7,988,18.129108,98.130997,13,27.44,62.4,0,-73.452,62.248,981.448,277,18,33,43,4.1,111.982,0.459,88,16
14,99.8,989,18.129114,98.131004,14,27.45,62.4,0,-66.236,58.543,975.259,278,19,34,44,4.1,112.917,0.463,88,16
14,99.9,990,18.12912,98.131012,10,27.45,62.3,0,-58.345,54.545,971.323,279,10,20,45,4.1,113.871,0.467,88,16
14,100,991,18.129126,98.13102,11,27.46,62.3,0,-49.858,50.274,970,280,11,21,46,4.1,114.839,0.471,88,16
14,100.1,992,18.129131,98.131027,12,27.46,62.2,0,-40.864,45.753,971.411,281,12,22,47,4.1,115.821,0.475,88,16
14,100.2,993,18.129137,98.131035,13,27.46,62.2,0,-31.453,41.003,975.426,282,13,23,48,4.1,116.814,0.479,88,16
14,100.3,994,18.129143,98.131042,14,27.47,62.2,0,-21.722,36.048,981.68,283,14,24,49,4.1,117.815,0.483,88,16
14,100.4,995,18.129148,98.13105,10,27.47,62.1,0,-11.769,30.913,989.604,284,15,25,50,4.1,118.821,0.487,88,16
14,100.5,996,18.129154,98.131058,11,27.48,62.1,0,-1.696,25.623,998.474,285,16,26,51,4.099,119.83,0.491,88,16
14,100.6,997,18.12916,98.131065,12,27.48,62,0,8.393,20.206,1007.483,286,17,27,52,4.099,120.84,0.495,88,16
14,100.7,998,18.129166,98.131073,13,27.48,62,0,18.398,14.687,1015.811,287,18,28,53,4.099,121.848,0.499,88,16
14,100.8,999,18.129171,98.131081,14,27.48,61.9,0,28.215,9.095,1022.698,288,19,29,54,4.099,122.851,0.504,88,16
14,100.9,1000,18.129177,98.131088,10,27.49,61.9,0,37.744,3.458,1027.517,289,10,30,35,4.099,123.846,0.508,88,16
14,101,1001,18.129183,98.131096,11,27.49,61.9,0,46.889,-2.197,1029.829,290,11,31,36,4.099,124.832,0.512,88,16
14,101.1,1002,18.129189,98.131104,12,27.49,61.8,0,55.556,-7.841,1029.424,291,12,32,37,4.099,125.806,0.516,88,16
14,101.2,1003,18.129194,98.131111,13,27.49,61.8,0,63.656,-13.445,1026.338,292,13,33,38,4.099,126.764,0.52,88,16
14,101.3,1004,18.1292,98.131119,14,27.49,61.8,0,71.108,-18.982,1020.851,293,14,34,39,4.099,127.706,0.523,88,16
14,101.4,1005,18.129206,98.131126,10,27.5,61.7,0,77.835,-24.425,1013.466,294,15,20,40,4.099,128.627,0.527,88,16
14,101.5,1006,18.129211,98.131134,11,27.5,61.7,0,83.769,-29.745,1004.853,295,16,21,41,4.098,129.527,0.531,88,16
14,101.6,1007,18.129217,98.131142,12,27.5,61.6,0,88.849,-34.917,995.798,296,17,22,42,4.098,130.403,0.534,88,16
14,101.7,1008,18.129223,98.131149,13,27.5,61.6,0,93.023,-39.914,987.127,297,18,23,43,4.098,131.252,0.538,88,16
14,101.8,1009,18.129229,98.131157,14,27.5,61.6,0,96.249,-44.713,979.627,298,19,24,44,4.098,132.072,0.541,88,16
14,101.9,1010,18.129234,98.131165,10,27.5,61.5,0,98.494,-49.287,973.985,299,10,25,45,4.098,132.862,0.544,88,16
14,102,1011,18.12924,98.131172,11,27.5,61.5,0,99.735,-53.615,970.712,300,11,26,46,4.098,133.618,0.548,88,16
14,102.1,1012,18.129246,98.13118,12,27.5,61.5,0,99.96,-57.676,970.108,301,12,27,47,4.098,134.34,0.551,88,16
14,102.2,1013,18.129251,98.131187,13,27.5,61.4,0,99.166,-61.448,972.227,302,13,28,48,4.098,135.026,0.553,88,16
14,102.3,1014,18.129257,98.131195,14,27.5,61.4,0,97.361,-64.913,976.876,303,14,29,49,4.098,135.673,0.556,88,16
14,102.4,1015,18.129263,98.131203,10,27.5,61.3,0,94.564,-68.054,983.633,304,15,30,50,4.098,136.28,0.558,88,16
14,102.5,1016,18.129269,98.13121,11,27.5,61.3,0,90.803,-70.855,991.88,305,16,31,51,4.097,136.846,0.561,88,16
14,102.6,1017,18.129274,98.131218,12,27.5,61.3,0,86.116,-73.302,1000.867,306,17,32,52,4.097,137.369,0.563,88,16
14,102.7,1018,18.12928,98.131226,13,27.5,61.2,0,80.552,-75.382,1009.776,307,18,33,53,4.097,137.847,0.565,88,16
14,102.8,1019,18.129286,98.131233,14,27.49,61.2,0,74.167,-77.086,1017.793,308,19,34,54,4.097,138.28,0.567,88,16
14,102.9,1020,18.129292,98.131241,10,27.49,61.2,0,67.026,-78.405,1024.19,309,10,20,35,4.097,138.666,0.568,88,16
14,103,1021,18.129297,98.131248,11,27.49,61.1,0,59.201,-79.332,1028.383,310,11,21,36,4.097,139.005,0.569,88,16
14,103.1,1022,18.129303,98.131256,12,27.49,61.1,0,50.774,-79.863,1029.989,311,12,22,37,4.097,139.295,0.571,88,16
14,103.2,1023,18.129309,98.131264,13,27.49,61.1,0,41.829,-79.994,1028.864,312,13,23,38,4.097,139.536,0.572,88,16
14,103.3,1024,18.129314,98.131271,14,27.48,61.1,0,32.457,-79.726,1025.108,313,14,24,39,4.097,139.727,0.572,88,16
14,103.4,1025,18.12932,98.131279,10,27.48,61,0,22.755,-79.06,1019.065,314,15,25,40,4.097,139.868,0.573,88,16
14,103.5,1026,18.129326,98.131287,11,27.48,61,0,12.821,-77.998,1011.286,315,16,26,41,4.096,139.959,0.573,88,16
14,103.6,1027,18.129332,98.131294,12,27.48,61,0,2.756,-76.547,1002.477,316,17,27,42,4.096,139.998,0.573,88,16
14,103.7,1028,18.129337,98.131302,13,27.47,60.9,0,-7.338,-74.714,993.443,317,18,28,43,4.096,139.987,0.573,88,16
14,103.8,1029,18.129343,98.13131,14,27.47,60.9,0,-17.356,-72.507,985.007,318,19,29,44,4.096,139.924,0.573,88,16
14,103.9,1030,18.129349,98.131317,10,27.47,60.9,0,-27.197,-69.938,977.937,319,10,30,45,4.096,139.811,0.573,88,16
14,104,1031,18.129354,98.131325,11,27.46,60.8,0,-36.762,-67.019,972.876,320,11,31,46,4.096,139.647,0.572,88,16
14,104.2,1032,18.12936,98.131332,12,27.46,60.8,0,-45.951,-63.766,970.287,321,12,32,47,4.096,139.433,0.571,88,16
14,104.3,1033,18.129366,98.13134,13,27.45,60.8,0,-54.672,-60.194,970.405,322,13,33,48,4.096,139.169,0.57,88,16
14,104.4,1034,18.129372,98.131348,14,27.45,60.8,0,-62.836,-56.321,973.219,323,14,34,49,4.096,138.857,0.569,88,16
14,104.5,1035,18.129377,98.131355,10,27.45,60.7,0,-70.36,-52.166,978.474,324,15,20,50,4.096,138.496,0.567,88,16
14,104.6,1036,18.129383,98.131363,11,27.44,60.7,0,-77.166,-47.752,985.689,325,16,21,51,4.095,138.089,0.566,88,16
14,104.7,1037,18.129389,98.131371,12,27.44,60.7,0,-83.185,-43.098,994.208,326,17,22,52,4.095,137.635,0.564,88,16
14,104.8,1038,18.129395,98.131378,13,27.43,60.7,0,-88.357,-38.23,1003.256,327,18,23,53,4.095,137.136,0.562,88,16
14,104.9,1039,18.1294,98.131386,14,27.43,60.6,0,-92.629,-33.17,1012.006,328,19,24,54,4.095,136.594,0.559,88,16
14,105,1040,18.129406,98.131393,10,27.42,60.6,0,-95.956,-27.944,1019.662,329,10,25,35,4.095,136.009,0.557,88,16
14,105.1,1041,18.129412,98.131401,11,27.42,60.6,0,-98.305,-22.579,1025.528,330,11,26,36,4.095,135.384,0.554,88,16
14,105.2,1042,18.129417,98.131409,12,27.41,60.6,0,-99.653,-17.101,1029.067,331,12,27,37,4.095,134.719,0.552,88,16
14,105.3,1043,18.129423,98.131416,13,27.4,60.5,0,-99.984,-11.538,1029.958,332,13,28,38,4.095,134.017,0.549,88,16
14,105.4,1044,18.129429,98.131424,14,27.4,60.5,0,-99.297,-5.917,1028.12,333,14,29,39,4.095,133.279,0.546,88,16
14,105.5,1045,18.129435,98.131432,10,27.39,60.5,0,-97.598,-0.266,1023.72,334,15,30,40,4.095,132.507,0.543,88,16
14,105.6,1046,18.12944,98.131439,11,27.38,60.5,0,-94.903,5.386,1017.158,335,16,31,41,4.094,131.703,0.539,88,16
14,105.7,1047,18.129446,98.131447,12,27.38,60.5,0,-91.242,11.011,1009.034,336,17,32,42,4.094,130.87,0.536,88,16
14,105.8,1048,18.129452,98.131454,13,27.37,60.4,0,-86.65,16.581,1000.086,337,18,33,43,4.094,130.008,0.532,88,16
14,105.9,1049,18.129457,98.131462,14,27.36,60.4,0,-81.176,22.068,991.131,338,19,34,44,4.094,129.121,0.529,88,16
14,106,1050,18.129463,98.13147,10,27.36,60.4,0,-74.873,27.445,982.983,339,10,20,45,4.094,128.211,0.525,88,16
14,106.1,1051,18.129469,98.131477,11,27.35,60.4,0,-67.808,32.685,976.386,340,11,21,46,4.094,127.28,0.521,88,16
14,106.2,1052,18.129475,98.131485,12,27.34,60.4,0,-60.052,37.761,971.94,341,12,22,47,4.094,126.331,0.517,88,16
14,106.3,1053,18.12948,98.131493,13,27.34,60.3,0,-51.683,42.649,970.052,342,13,23,48,4.094,125.365,0.513,88,16
14,106.4,1054,18.129486,98.1315,14,27.33,60.3,0,-42.788,47.324,970.891,343,14,24,49,4.094,124.386,0.509,88,16
14,106.5,1055,18.129492,98.131508,10,27.32,60.3,0,-33.457,51.762,974.383,344,15,25,50,4.094,123.395,0.505,88,16
14,106.6,1056,18.129498,98.131516,11,27.31,60.3,0,-23.785,55.941,980.208,345,16,26,51,4.093,122.396,0.501,88,16
14,106.7,1057,18.129503,98.131523,12,27.31,60.3,0,-13.87,59.842,987.838,346,17,27,52,4.093,121.39,0.497,88,16
14,106.8,1058,18.129509,98.131531,13,27.3,60.3,0,-3.814,63.443,996.574,347,18,28,53,4.093,120.381,0.493,88,16
14,106.9,1059,18.129515,98.131538,14,27.29,60.2,0,6.281,66.727,1005.622,348,19,29,54,4.093,119.372,0.489,88,16
14,107,1060,18.12952,98.131546,10,27.28,60.2,0,16.311,69.677,1014.16,349,10,30,35,4.093,118.363,0.484,88,16
14,107.1,1061,18.129526,98.131554,11,27.27,60.2,0,26.177,72.28,1021.406,350,11,31,36,4.093,117.359,0.48,88,16
14,107.2,1062,18.129532,98.131561,12,27.26,60.2,0,35.774,74.522,1026.703,351,12,32,37,4.093,116.362,0.476,88,16
14,107.3,1063,18.129538,98.131569,13,27.25,60.2,0,45.007,76.391,1029.566,352,13,33,38,4.093,115.374,0.472,88,16
14,107.4,1064,18.129543,98.131577,14,27.25,60.2,0,53.782,77.878,1029.736,353,14,34,39,4.093,114.397,0.468,88,16
14,107.5,1065,18.129549,98.131584,10,27.24,60.2,0,62.009,78.977,1027.197,354,15,20,40,4.093,113.435,0.464,88,16
14,107.6,1066,18.129555,98.131592,11,27.23,60.1,0,69.603,79.68,1022.179,355,16,21,41,4.092,112.49,0.46,88,16
14,107.7,1067,18.12956,98.131599,12,27.22,60.1,0,76.488,79.986,1015.141,356,17,22,42,4.092,111.564,0.457,88,16
14,107.8,1068,18.129566,98.131607,13,27.21,60.1,0,82.593,79.892,1006.724,357,18,23,43,4.092,110.659,0.453,88,16
14,107.9,1069,18.129572,98.131615,14,27.2,60.1,0,87.857,79.399,997.693,358,19,24,44,4.092,109.779,0.449,88,16
14,108,1070,18.129578,98.131622,10,27.19,60.1,0,92.225,78.509,988.874,359,10,25,45,4.092,108.924,0.446,88,16
14,108.1,1071,18.129583,98.13163,11,27.18,60.1,0,95.653,77.227,981.067,0,11,26,46,4.092,108.097,0.442,87,16
14,108.2,1072,18.129589,98.131638,12,27.17,60.1,0,98.106,75.559,974.986,1,12,27,47,4.092,107.301,0.439,87,16
14,108.3,1073,18.129595,98.131645,13,27.16,60.1,0,99.559,73.513,971.184,2,13,28,48,4.092,106.538,0.436,87,16
14,108.4,1074,18.129601,98.131653,14,27.15,60.1,0,99.998,71.1,970.007,3,14,29,49,4.092,105.808,0.433,87,16
14,108.5,1075,18.129606,98.13166,10,27.14,60.1,0,99.417,68.332,971.562,4,15,30,50,4.092,105.115,0.43,87,16
14,108.6,1076,18.129612,98.131668,11,27.13,60,0,97.823,65.223,975.709,5,16,31,51,4.091,104.46,0.427,87,16
14,108.7,1077,18.129618,98.131676,12,27.12,60,0,95.232,61.787,982.069,6,17,32,52,4.091,103.844,0.425,87,16
14,108.8,1078,18.129623,98.131683,13,27.11,60,0,91.67,58.043,990.062,7,18,33,53,4.091,103.269,0.422,87,16
14,108.9,1079,18.129629,98.131691,14,27.11,60,0,87.174,54.009,998.961,8,19,34,54,4.091,102.737,0.42,87,16
14,109,1080,18.129635,98.131699,10,27.1,60,0,81.789,49.705,1007.955,9,10,20,35,4.091,102.25,0.418,87,16
14,109.1,1081,18.129641,98.131706,11,27.09,60,0,75.571,45.153,1016.223,10,11,21,36,4.091,101.807,0.416,87,16
14,109.2,1082,18.129646,98.131714,12,27.08,60,0,68.583,40.375,1023.014,12,12,22,37,4.091,101.411,0.415,87,16
14,109.3,1083,18.129652,98.131721,13,27.07,60,0,60.895,35.395,1027.708,13,13,23,38,4.091,101.062,0.413,87,16
14,109.4,1084,18.129658,98.131729,14,27.06,60,0,52.587,30.239,1029.877,14,14,24,39,4.091,100.762,0.412,87,16
14,109.5,1085,18.129663,98.131737,10,27.05,60,0,43.744,24.931,1029.325,15,15,25,40,4.09,100.51,0.411,87,16
14,109.6,1086,18.129669,98.131744,11,27.04,60,0,34.454,19.499,1026.101,16,16,26,41,4.09,100.309,0.41,87,16
14,109.7,1087,18.129675,98.131752,12,27.03,60,0,24.812,13.97,1020.498,17,17,27,42,4.09,100.157,0.41,87,16
14,109.8,1088,18.129681,98.13176,13,27.01,60,0,14.918,8.37,1013.028,18,18,28,43,4.09,100.056,0.409,87,16
14,109.9,1089,18.129686,98.131767,14,27,60,0,4.873,2.729,1004.371,19,19,29,44,4.09,100.006,0.409,87,16
14,110,1090,18.129692,98.131775,10,26.99,60,0,-5.224,-2.926,995.316,20,10,30,45,4.09,100.007,0.409,87,16
14,110.1,1091,18.129698,98.131783,11,26.98,60,0,-15.266,-8.566,986.688,21,11,31,46,4.09,100.059,0.409,87,16
14,110.2,1092,18.129704,98.13179,12,26.97,60,0,-25.153,-14.163,979.272,22,12,32,47,4.09,100.161,0.41,87,16
14,110.3,1093,18.129709,98.131798,13,26.96,60,0,-34.783,-19.69,973.745,23,13,33,48,4.09,100.315,0.41,87,16
14,110.4,1094,18.129715,98.131805,14,26.95,60,0,-44.059,-25.118,970.61,24,14,34,49,4.09,100.518,0.411,87,16
14,110.5,1095,18.129721,98.131813,10,26.94,60,0,-52.886,-30.421,970.153,25,15,20,50,4.089,100.771,0.412,87,16
14,110.6,1096,18.129726,98.131821,11,26.93,60,0,-61.174,-35.572,972.415,26,16,21,51,4.089,101.074,0.413,87,16
14,110.7,1097,18.129732,98.131828,12,26.92,60,0,-68.838,-40.545,977.19,27,17,22,52,4.089,101.424,0.415,87,16
14,110.8,1098,18.129738,98.131836,13,26.91,60,0,-75.801,-45.315,984.044,28,18,23,53,4.089,101.822,0.416,87,16
14,110.9,1099,18.129744,98.131844,14,26.9,60,0,-81.991,-49.859,992.351,29,19,24,54,4.089,102.266,0.418,87,16
14,111,1100,18.129749,98.131851,10,26.89,60,0,-87.346,-54.154,1001.354,30,10,25,35,4.089,102.755,0.42,87,16
14,111.1,1101,18.129755,98.131859,11,26.88,60,0,-91.81,-58.179,1010.235,31,11,26,36,4.089,103.289,0.422,87,16
14,111.2,1102,18.129761,98.131866,12,26.87,60,0,-95.338,-61.912,1018.184,32,12,27,37,4.089,103.865,0.425,87,16
14,111.3,1103,18.129766,98.131874,13,26.87,60,0,-97.895,-65.336,1024.475,33,13,28,38,4.089,104.482,0.427,87,16
14,111.4,1104,18.129772,98.131882,14,26.86,60.1,0,-99.454,-68.434,1028.537,34,14,29,39,4.089,105.138,0.43,87,16
14,111.5,1105,18.129778,98.131889,10,26.85,60.1,0,-99.999,-71.19,1029.998,35,15,30,40,4.088,105.833,0.433,87,16
14,111.6,1106,18.129784,98.131897,11,26.84,60.1,0,-99.525,-73.591,1028.727,36,16,31,41,4.088,106.564,0.436,87,16
14,111.7,1107,18.129789,98.131905,12,26.83,60.1,0,-98.037,-75.623,1024.838,37,17,32,42,4.088,107.328,0.439,87,16
14,111.8,1108,18.129795,98.131912,13,26.82,60.1,0,-95.55,-77.278,1018.686,38,18,33,43,4.088,108.126,0.442,87,16
14,111.9,1109,18.129801,98.13192,14,26.81,60.1,0,-92.088,-78.546,1010.832,39,19,34,44,4.088,108.953,0.445,87,16
14,112,1110,18.129807,98.131927,10,26.8,60.1,0,-87.688,-79.423,1001.991,40,10,20,45,4.088,109.809,0.449,87,16
14,112.1,1111,18.129812,98.131935,11,26.79,60.1,0,-82.394,-79.902,992.969,41,11,21,46,4.088,110.691,0.452,87,16
14,112.2,1112,18.129818,98.131943,12,26.78,60.1,0,-76.261,-79.982,984.586,42,12,22,47,4.088,111.596,0.456,87,16
14,112.3,1113,18.129824,98.13195,13,26.77,60.1,0,-69.35,-79.663,977.609,43,13,23,48,4.088,112.523,0.46,87,16
14,112.4,1114,18.129829,98.131958,14,26.76,60.2,0,-61.732,-78.945,972.672,44,14,24,49,4.088,113.469,0.464,87,16
14,112.5,1115,18.129835,98.131966,10,26.75,60.2,0,-53.486,-77.833,970.224,45,15,25,50,4.087,114.431,0.468,87,16
14,112.6,1116,18.129841,98.131973,11,26.74,60.2,0,-44.693,-76.332,970.489,46,16,26,51,4.087,115.408,0.472,87,16
14,112.7,1117,18.129847,98.131981,12,26.74,60.2,0,-35.446,-74.45,973.443,47,17,27,52,4.087,116.396,0.476,87,16
14,112.8,1118,18.129852,98.131989,13,26.73,60.2,0,-25.837,-72.196,978.816,48,18,28,53,4.087,117.394,0.48,87,16
14,112.9,1119,18.129858,98.131996,14,26.72,60.2,0,-15.965,-69.581,986.119,49,19,29,54,4.087,118.398,0.484,87,16
14,113,1120,18.129864,98.132004,10,26.71,60.2,0,-5.93,-66.618,994.688,50,10,30,35,4.087,119.407,0.488,87,16
14,113.1,1121,18.129869,98.132011,11,26.7,60.3,0,4.165,-63.323,1003.74,51,11,31,36,4.087,120.417,0.492,87,16
14,113.2,1122,18.129875,98.132019,12,26.69,60.3,0,14.218,-59.711,1012.451,52,12,32,37,4.087,121.425,0.496,87,16
14,113.3,1123,18.129881,98.132027,13,26.69,60.3,0,24.126,-55.8,1020.029,53,13,33,38,4.087,122.431,0.5,87,16
14,113.4,1124,18.129887,98.132034,14,26.68,60.3,0,33.788,-51.612,1025.78,54,14,34,39,4.087,123.43,0.504,87,16
14,113.5,1125,18.129892,98.132042,10,26.67,60.3,0,43.106,-47.165,1029.184,55,15,20,40,4.086,124.42,0.508,87,16
14,113.6,1126,18.129898,98.13205,11,26.66,60.3,0,51.984,-42.482,1029.928,56,16,21,41,4.086,125.399,0.512,87,16
14,113.7,1127,18.129904,98.132057,12,26.66,60.4,0,60.333,-37.587,1027.946,57,17,22,42,4.086,126.364,0.516,87,16
14,113.8,1128,18.12991,98.132065,13,26.65,60.4,0,68.066,-32.505,1023.418,58,18,23,43,4.086,127.313,0.52,87,16
14,113.9,1129,18.129915,98.132072,14,26.64,60.4,0,75.106,-27.26,1016.755,59,19,24,44,4.086,128.243,0.524,87,16
14,114,1130,18.129921,98.13208,10,26.63,60.4,0,81.38,-21.879,1008.568,60,10,25,45,4.086,129.153,0.528,87,16
14,114.1,1131,18.129927,98.132088,11,26.63,60.4,0,86.825,-16.388,999.597,61,11,26,46,4.086,130.039,0.531,87,16
14,114.2,1132,18.129932,98.132095,12,26.62,60.5,0,91.385,-10.816,990.666,62,12,27,47,4.086,130.899,0.535,87,16
14,114.4,1133,18.129938,98.132103,13,26.61,60.5,0,95.013,-5.189,982.584,63,13,28,48,4.086,131.732,0.538,87,16
14,114.5,1134,18.129944,98.132111,14,26.61,60.5,0,97.674,0.463,976.088,64,14,29,49,4.086,132.534,0.541,87,16
14,114.6,1135,18.12995,98.132118,10,26.6,60.5,0,99.338,6.113,971.772,65,15,30,50,4.085,133.305,0.545,87,16
14,114.7,1136,18.129955,98.132126,11,26.6,60.5,0,99.99,11.732,970.027,66,16,31,51,4.085,134.042,0.548,87,16
14,114.8,1137,18.129961,98.132133,12,26.59,60.6,0,99.623,17.293,971.013,67,17,32,52,4.085,134.743,0.55,87,16
14,114.9,1138,18.129967,98.132141,13,26.58,60.6,0,98.24,22.768,974.64,68,18,33,53,4.085,135.406,0.553,87,16
14,115,1139,18.129972,98.132149,14,26.58,60.6,0,95.857,28.129,980.578,69,19,34,54,4.085,136.03,0.556,87,16
14,115.1,1140,18.129978,98.132156,10,26.57,60.6,0,92.496,33.349,988.285,70,10,20,35,4.085,136.614,0.558,87,16
14,115.2,1141,18.129984,98.132164,11,26.57,60.7,0,88.193,38.402,997.059,71,11,21,36,4.085,137.155,0.56,87,16
14,115.3,1142,18.12999,98.132172,12,26.56,60.7,0,82.99,43.264,1006.101,72,12,22,37,4.085,137.652,0.562,87,16
14,115.4,1143,18.129995,98.132179,13,26.56,60.7,0,76.942,47.909,1014.588,73,13,23,38,4.085,138.104,0.564,87,16
14,115.5,1144,18.130001,98.132187,14,26.55,60.7,0,70.109,52.316,1021.745,74,14,24,39,4.085,138.51,0.566,87,16
14,115.6,1145,18.130007,98.132195,10,26.55,60.8,0,62.562,56.46,1026.922,75,15,25,40,4.084,138.869,0.567,87,16
14,115.7,1146,18.130013,98.132202,11,26.55,60.8,0,54.377,60.323,1029.645,76,16,26,41,4.084,139.179,0.568,87,16
14,115.8,1147,18.130018,98.13221,12,26.54,60.8,0,45.639,63.884,1029.668,77,17,27,42,4.084,139.441,0.57,87,16
14,115.9,1148,18.130024,98.132217,13,26.54,60.8,0,36.435,67.126,1026.987,78,18,28,43,4.084,139.653,0.57,87,16
14,116,1149,18.13003,98.132225,14,26.53,60.9,0,26.859,70.033,1021.848,79,19,29,44,4.084,139.815,0.571,87,16
14,116.1,1150,18.130035,98.132233,10,26.53,60.9,0,17.01,72.59,1014.718,80,10,30,45,4.084,139.927,0.571,87,16
14,116.2,1151,18.130041,98.13224,11,26.53,60.9,0,6.987,74.784,1006.248,81,11,31,46,4.084,139.988,0.572,87,16
14,116.3,1152,18.130047,98.132248,12,26.52,61,0,-3.106,76.604,997.208,82,12,32,47,4.084,139.998,0.572,87,16
14,116.4,1153,18.130053,98.132256,13,26.52,61,0,-13.169,78.042,988.422,83,13,33,48,4.084,139.956,0.572,87,16
14,116.5,1154,18.130058,98.132263,14,26.52,61,0,-23.097,79.09,980.691,84,14,34,49,4.084,139.864,0.571,87,16
14,116.6,1155,18.130064,98.132271,10,26.52,61.1,0,-32.789,79.742,974.72,85,15,20,50,4.083,139.722,0.571,87,16
14,116.7,1156,18.13007,98.132278,11,26.51,61.1,0,-42.148,79.996,971.052,86,16,21,51,4.083,139.529,0.57,87,16
14,116.8,1157,18.130075,98.132286,12,26.51,61.1,0,-51.076,79.851,970.021,87,17,22,52,4.083,139.286,0.569,87,16
14,116.9,1158,18.130081,98.132294,13,26.51,61.2,0,-59.484,79.306,971.721,88,18,23,53,4.083,138.994,0.568,87,16
14,117,1159,18.130087,98.132301,14,26.51,61.2,0,-67.286,78.366,975.999,89,19,24,54,4.083,138.654,0.566,87,16
14,117.1,1160,18.130093,98.132309,10,26.51,61.2,0,-74.403,77.033,982.462,90,10,25,35,4.083,138.266,0.565,86,16
14,117.2,1161,18.130098,98.132317,11,26.5,61.2,0,-80.76,75.316,990.523,91,11,26,36,4.083,137.831,0.563,86,16
14,117.3,1162,18.130104,98.132324,12,26.5,61.3,0,-86.295,73.223,999.449,92,12,27,37,4.083,137.351,0.561,86,16
14,117.4,1163,18.13011,98.132332,13,26.5,61.3,0,-90.95,70.763,1008.424,93,13,28,38,4.083,136.827,0.559,86,16
14,117.5,1164,18.130116,98.132339,14,26.5,61.4,0,-94.678,67.95,1016.632,94,14,29,39,4.083,136.26,0.556,86,16
14,117.6,1165,18.130121,98.132347,10,26.5,61.4,0,-97.441,64.798,1023.324,95,15,30,40,4.082,135.651,0.554,86,16
14,117.7,1166,18.130127,98.132355,11,26.5,61.4,0,-99.211,61.322,1027.891,96,16,31,41,4.082,135.003,0.551,86,16
14,117.8,1167,18.130133,98.132362,12,26.5,61.5,0,-99.969,57.539,1029.917,97,17,32,42,4.082,134.316,0.548,86,16
14,117.9,1168,18.130138,98.13237,13,26.5,61.5,0,-99.709,53.469,1029.218,98,18,33,43,4.082,133.593,0.545,86,16
14,118,1169,18.130144,98.132378,14,26.5,61.5,0,-98.433,49.132,1025.856,99,19,34,44,4.082,132.835,0.542,86,16
14,118.1,1170,18.13015,98.132385,10,26.5,61.6,0,-96.153,44.549,1020.14,100,10,20,45,4.082,132.044,0.539,86,16
14,118.2,1171,18.130156,98.132393,11,26.5,61.6,0,-92.893,39.744,1012.587,101,11,21,46,4.082,131.223,0.536,86,16
14,118.3,1172,18.130161,98.132401,12,26.5,61.6,0,-88.687,34.74,1003.888,102,12,22,47,4.082,130.373,0.532,86,16
14,118.4,1173,18.130167,98.132408,13,26.5,61.7,0,-83.576,29.563,994.835,103,13,23,48,4.082,129.496,0.529,86,16
14,118.5,1174,18.130173,98.132416,14,26.5,61.7,0,-77.614,24.238,986.253,104,14,24,49,4.082,128.596,0.525,86,16
14,118.6,1175,18.130178,98.132423,10,26.51,61.8,0,-70.86,18.791,978.922,105,15,25,50,4.081,127.673,0.521,86,16
14,118.7,1176,18.130184,98.132431,11,26.51,61.8,0,-63.385,13.251,973.513,106,16,26,51,4.081,126.731,0.517,86,16
14,118.8,1177,18.13019,98.132439,12,26.51,61.8,0,-55.264,7.645,970.516,107,17,27,52,4.081,125.772,0.513,86,16
14,118.9,1178,18.130196,98.132446,13,26.51,61.9,0,-46.578,2,970.206,108,18,28,53,4.081,124.798,0.509,86,16
14,119,1179,18.130201,98.132454,14,26.51,61.9,0,-37.419,-3.654,972.61,109,19,29,54,4.081,123.812,0.505,86,16
14,119.1,1180,18.130207,98.132462,10,26.52,61.9,0,-27.878,-9.291,977.51,110,10,30,35,4.081,122.816,0.501,86,16
14,119.2,1181,18.130213,98.132469,11,26.52,62,0,-18.053,-14.88,984.458,111,11,31,36,4.081,121.813,0.497,86,16
14,119.3,1182,18.130219,98.132477,12,26.52,62,0,-8.043,-20.396,992.824,113,12,32,37,4.081,120.805,0.493,86,16
14,119.4,1183,18.130224,98.132484,13,26.53,62.1,0,2.048,-25.81,1001.842,114,13,33,38,4.081,119.795,0.489,86,16
14,119.5,1184,18.13023,98.132492,14,26.53,62.1,0,12.118,-31.094,1010.692,115,14,34,39,4.08,118.786,0.485,86,16
14,119.6,1185,18.130236,98.1325,10,26.53,62.2,0,22.065,-36.223,1018.569,116,15,20,40,4.08,117.78,0.481,86,16
14,119.7,1186,18.130241,98.132507,11,26.54,62.2,0,31.787,-41.172,1024.754,117,16,21,41,4.08,116.779,0.476,86,16
14,119.8,1187,18.130247,98.132515,12,26.54,62.2,0,41.185,-45.914,1028.683,118,17,22,42,4.08,115.787,0.472,86,16
14,119.9,1188,18.130253,98.132523,13,26.54,62.3,0,50.163,-50.427,1030,119,18,23,43,4.08,114.805,0.468,86,16
14,120,1189,18.130259,98.13253,14,26.55,62.3,0,58.63,-54.689,1028.582,120,19,24,44,4.08,113.837,0.464,86,16
14,120.1,1190,18.130264,98.132538,10,26.55,62.4,0,66.499,-58.677,1024.561,121,10,25,45,4.08,112.885,0.461,86,16
14,120.2,1191,18.13027,98.132545,11,26.56,62.4,0,73.69,-62.371,1018.302,122,11,26,46,4.08,111.95,0.457,86,16
14,120.3,1192,18.130276,98.132553,12,26.56,62.4,0,80.131,-65.754,1010.376,123,12,27,47,4.08,111.036,0.453,86,16
14,120.4,1193,18.130281,98.132561,13,26.57,62.5,0,85.755,-68.809,1001.504,124,13,28,48,4.08,110.145,0.449,86,16
14,120.5,1194,18.130287,98.132568,14,26.57,62.5,0,90.504,-71.52,992.495,125,14,29,49,4.079,109.279,0.446,86,16
14,120.6,1195,18.130293,98.132576,10,26.58,62.6,0,94.331,-73.873,984.17,126,15,30,50,4.079,108.441,0.442,86,16
14,120.7,1196,18.130299,98.132584,11,26.58,62.6,0,97.197,-75.858,977.287,127,16,31,51,4.079,107.631,0.439,86,16
14,120.8,1197,18.130304,98.132591,12,26.59,62.7,0,99.072,-77.463,972.474,128,17,32,52,4.079,106.854,0.436,86,16
14,120.9,1198,18.13031,98.132599,13,26.59,62.7,0,99.938,-78.682,970.168,129,18,33,53,4.079,106.11,0.433,86,16
14,121,1199,18.130316,98.132607,14,26.6,62.8,0,99.784,-79.507,970.581,130,19,34,54,4.079,105.401,0.43,86,16
14,121.1,1200,18.130322,98.132614,10,26.61,62.8,0,98.614,-79.935,973.673,131,10,20,35,4.079,104.73,0.427,86,16
14,121.2,1201,18.130327,98.132622,11,26.61,62.9,0,96.439,-79.963,979.165,132,11,21,36,4.079,104.097,0.425,86,16
14,121.3,1202,18.130333,98.132629,12,26.62,62.9,0,93.28,-79.592,986.554,133,12,22,37,4.079,103.505,0.422,86,16
14,121.4,1203,18.130339,98.132637,13,26.62,62.9,0,89.171,-78.824,995.169,134,13,23,38,4.079,102.955,0.42,86,16
14,121.5,1204,18.130344,98.132645,14,26.63,63,0,84.153,-77.661,1004.224,135,14,24,39,4.078,102.449,0.418,86,16
14,121.6,1205,18.13035,98.132652,10,26.64,63,0,78.277,-76.111,1012.894,136,15,25,40,4.078,101.987,0.416,86,16
14,121.7,1206,18.130356,98.13266,11,26.65,63.1,0,71.604,-74.18,1020.389,137,16,26,41,4.078,101.571,0.414,86,16
14,121.8,1207,18.130362,98.132668,12,26.65,63.1,0,64.201,-71.879,1026.026,138,17,27,42,4.078,101.203,0.413,86,16
14,121.9,1208,18.130367,98.132675,13,26.66,63.2,0,56.143,-69.218,1029.293,139,18,28,43,4.078,100.882,0.411,86,16
14,122,1209,18.130373,98.132683,14,26.67,63.2,0,47.513,-66.212,1029.891,140,19,29,44,4.078,100.61,0.41,86,16
14,122.1,1210,18.130379,98.13269,10,26.68,63.3,0,38.399,-62.874,1027.765,141,10,30,45,4.078,100.387,0.409,86,16
14,122.2,1211,18.130384,98.132698,11,26.68,63.3,0,28.894,-59.223,1023.11,142,11,31,46,4.078,100.214,0.409,86,16
14,122.3,1212,18.13039,98.132706,12,26.69,63.4,0,19.093,-55.276,1016.349,143,12,32,47,4.078,100.092,0.408,86,16
14,122.4,1213,18.130396,98.132713,13,26.7,63.4,0,9.099,-51.052,1008.099,144,13,33,48,4.078,100.021,0.408,86,16
14,122.5,1214,18.130402,98.132721,14,26.71,63.5,0,-0.988,-46.574,999.11,145,14,34,49,4.077,100,0.408,86,16
14,122.6,1215,18.130407,98.132729,10,26.72,63.5,0,-11.066,-41.862,990.203,146,15,20,50,4.077,100.031,0.408,86,16
14,122.7,1216,18.130413,98.132736,11,26.72,63.6,0,-21.031,-36.942,982.189,147,16,21,51,4.077,100.112,0.408,86,16
14,122.8,1217,18.130419,98.132744,12,26.73,63.6,0,-30.781,-31.837,975.797,148,17,22,52,4.077,100.244,0.409,86,16
14,122.9,1218,18.130424,98.132751,13,26.74,63.7,0,-40.217,-26.573,971.611,149,18,23,53,4.077,100.427,0.409,86,16
14,123,1219,18.13043,98.132759,14,26.75,63.7,0,-49.244,-21.176,970.01,150,19,24,54,4.077,100.659,0.41,86,16
14,123.1,1220,18.130436,98.132767,10,26.76,63.8,0,-57.768,-15.674,971.142,151,10,25,35,4.077,100.941,0.412,86,16
14,123.2,1221,18.130442,98.132774,11,26.77,63.8,0,-65.704,-10.093,974.904,152,11,26,36,4.077,101.271,0.413,86,16
14,123.3,1222,18.130447,98.132782,12,26.78,63.8,0,-72.97,-4.462,980.951,153,12,27,37,4.077,101.649,0.414,86,16
14,123.4,1223,18.130453,98.13279,13,26.78,63.9,0,-79.493,1.192,988.735,154,13,28,38,4.077,102.074,0.416,86,16
14,123.5,1224,18.130459,98.132797,14,26.79,63.9,0,-85.205,6.84,997.545,155,14,29,39,4.076,102.545,0.418,86,16
14,123.6,1225,18.130465,98.132805,10,26.8,64,0,-90.049,12.453,1006.578,156,15,30,40,4.076,103.06,0.42,86,16
14,123.7,1226,18.13047,98.132812,11,26.81,64,0,-93.975,18.005,1015.012,157,16,31,41,4.076,103.618,0.422,86,16
14,123.8,1227,18.130476,98.13282,12,26.82,64.1,0,-96.943,23.466,1022.079,158,17,32,42,4.076,104.218,0.425,86,16
14,123.9,1228,18.130482,98.132828,13,26.83,64.1,0,-98.923,28.81,1027.133,159,18,33,43,4.076,104.858,0.427,86,16
14,124,1229,18.130487,98.132835,14,26.84,64.2,0,-99.895,34.01,1029.716,160,19,34,44,4.076,105.537,0.43,86,16
14,124.1,1230,18.130493,98.132843,10,26.85,64.2,0,-99.848,39.04,1029.591,161,10,20,45,4.076,106.253,0.433,86,16
14,124.2,1231,18.130499,98.132851,11,26.86,64.3,0,-98.784,43.876,1026.77,162,11,21,46,4.076,107.004,0.436,86,16
14,124.3,1232,18.130505,98.132858,12,26.87,64.3,0,-96.713,48.491,1021.511,163,12,22,47,4.076,107.787,0.439,86,16
14,124.5,1233,18.13051,98.132866,13,26.88,64.4,0,-93.657,52.865,1014.291,164,13,23,48,4.076,108.602,0.443,86,16
14,124.6,1234,18.130516,98.132874,14,26.89,64.4,0,-89.646,56.975,1005.769,165,14,24,49,4.075,109.447,0.446,86,16
14,124.7,1235,18.130522,98.132881,10,26.9,64.5,0,-84.721,60.799,996.723,166,15,25,50,4.075,110.318,0.45,86,16
14,124.8,1236,18.130527,98.132889,11,26.91,64.5,0,-78.932,64.32,987.974,167,16,26,51,4.075,111.213,0.453,86,16
14,124.9,1237,18.130533,98.132896,12,26.92,64.6,0,-72.339,67.52,980.321,168,17,27,52,4.075,112.132,0.457,86,16
14,125,1238,18.130539,98.132904,13,26.93,64.6,0,-65.009,70.383,974.461,169,18,28,53,4.075,113.07,0.461,86,16
14,125.1,1239,18.130545,98.132912,14,26.94,64.7,0,-57.017,72.893,970.928,170,19,29,54,4.075,114.026,0.465,86,16
14,125.2,1240,18.13055,98.132919,10,26.95,64.7,0,-48.443,75.04,970.043,171,10,30,35,4.075,114.997,0.469,86,16
14,125.3,1241,18.130556,98.132927,11,26.96,64.8,0,-39.375,76.811,971.888,172,11,31,36,4.075,115.981,0.473,86,16
14,125.4,1242,18.130562,98.132935,12,26.97,64.8,0,-29.906,78.199,976.295,173,12,32,37,4.075,116.975,0.477,86,16
14,125.5,1243,18.130568,98.132942,13,26.98,64.9,0,-20.132,79.196,982.86,174,13,33,38,4.075,117.976,0.481,86,16
14,125.6,1244,18.130573,98.13295,14,26.99,64.9,0,-10.153,79.797,990.987,175,14,34,39,4.074,118.983,0.485,86,16
14,125.7,1245,18.130579,98.132957,10,27,65,0,-0.07,80,999.937,176,15,20,40,4.074,119.993,0.489,86,16
14,125.8,1246,18.130585,98.132965,11,27.01,65.1,0,10.013,79.803,1008.891,177,16,21,41,4.074,121.003,0.493,86,16
14,125.9,1247,18.13059,98.132973,12,27.02,65.1,0,19.994,79.207,1017.035,178,17,22,42,4.074,122.01,0.497,86,16
14,126,1248,18.130596,98.13298,13,27.03,65.2,0,29.771,78.216,1023.628,179,18,23,43,4.074,123.011,0.501,86,16
14,126.1,1249,18.130602,98.132988,14,27.04,65.2,0,39.245,76.833,1028.067,180,19,24,44,4.074,124.006,0.505,85,16
14,126.2,1250,18.130608,98.132996,10,27.05,65.3,0,48.319,75.067,1029.95,181,10,25,45,4.074,124.99,0.509,85,16
14,126.3,1251,18.130613,98.133003,11,27.06,65.3,0,56.9,72.926,1029.103,182,11,26,46,4.074,125.961,0.513,85,16
14,126.4,1252,18.130619,98.133011,12,27.07,65.4,0,64.902,70.42,1025.605,183,12,27,47,4.074,126.917,0.517,85,16
14,126.5,1253,18.130625,98.133018,13,27.08,65.4,0,72.242,67.563,1019.775,184,13,28,48,4.074,127.855,0.521,85,16
14,126.6,1254,18.13063,98.133026,14,27.09,65.5,0,78.845,64.368,1012.143,185,14,29,49,4.073,128.774,0.525,85,16
14,126.7,1255,18.130636,98.133034,10,27.1,65.5,0,84.645,60.851,1003.405,186,15,30,50,4.073,129.67,0.528,85,16
14,126.8,1256,18.130642,98.133041,11,27.11,65.6,0,89.583,57.03,994.355,187,16,31,51,4.073,130.541,0.532,85,16
14,126.9,1257,18.130648,98.133049,12,27.12,65.6,0,93.607,52.924,985.821,188,17,32,52,4.073,131.386,0.535,85,16
14,127,1258,18.130653,98.133057,13,27.13,65.7,0,96.677,48.554,978.578,189,18,33,53,4.073,132.201,0.538,85,16
14,127.1,1259,18.130659,98.133064,14,27.14,65.7,0,98.762,43.941,973.287,190,19,34,54,4.073,132.986,0.542,85,16
14,127.2,1260,18.130665,98.133072,10,27.15,65.8,0,99.84,39.109,970.43,191,10,20,35,4.073,133.737,0.545,85,16
14,127.3,1261,18.130671,98.13308,11,27.16,65.8,0,99.901,34.082,970.267,192,11,21,36,4.073,134.453,0.548,85,16
14,127.4,1262,18.130676,98.133087,12,27.17,65.9,0,98.943,28.884,972.813,193,12,22,37,4.073,135.133,0.55,85,16
14,127.5,1263,18.130682,98.133095,13,27.18,65.9,0,96.977,23.541,977.836,194,13,23,38,4.073,135.773,0.553,85,16
14,127.6,1264,18.130688,98.133102,14,27.19,66,0,94.023,18.082,984.878,195,14,24,39,4.072,136.374,0.555,85,16
14,127.7,1265,18.130693,98.13311,10,27.2,66,0,90.11,12.532,993.298,196,15,25,40,4.072,136.933,0.558,85,16
14,127.8,1266,18.130699,98.133118,11,27.21,66.1,0,85.279,6.919,1002.328,197,16,26,41,4.072,137.449,0.56,85,16
14,127.9,1267,18.130705,98.133125,12,27.21,66.1,0,79.578,1.271,1011.147,198,17,27,42,4.072,137.92,0.562,85,16
14,128,1268,18.130711,98.133133,13,27.22,66.2,0,73.067,-4.383,1018.95,199,18,28,43,4.072,138.345,0.563,85,16
14,128.1,1269,18.130716,98.133141,14,27.23,66.2,0,65.81,-10.015,1025.026,200,19,29,44,4.072,138.724,0.565,85,16
14,128.2,1270,18.130722,98.133148,10,27.24,66.2,0,57.883,-15.596,1028.823,201,10,30,45,4.072,139.055,0.566,85,16
14,128.3,1271,18.130728,98.133156,11,27.25,66.3,0,49.366,-21.1,1029.993,202,11,31,46,4.072,139.337,0.567,85,16
14,128.4,1272,18.130733,98.133163,12,27.26,66.3,0,40.346,-26.499,1028.431,203,12,32,47,4.072,139.57,0.568,85,16
14,128.5,1273,18.130739,98.133171,13,27.27,66.4,0,30.915,-31.765,1024.278,204,13,33,48,4.072,139.754,0.569,85,16
14,128.6,1274,18.130745,98.133179,14,27.28,66.4,0,21.169,-36.872,1017.913,205,14,34,49,4.071,139.886,0.57,85,16
14,128.7,1275,18.130751,98.133186,10,27.28,66.5,0,11.207,-41.795,1009.917,206,15,20,50,4.071,139.968,0.57,85,16
14,128.8,1276,18.130756,98.133194,11,27.29,66.5,0,1.129,-46.51,1001.016,207,16,21,51,4.071,140,0.57,85,16
14,128.9,1277,18.130762,98.133202,12,27.3,66.6,0,-8.959,-50.992,992.024,208,17,22,52,4.071,139.98,0.57,85,16
14,129,1278,18.130768,98.133209,13,27.31,66.6,0,-18.955,-55.219,983.758,209,18,23,53,4.071,139.909,0.57,85,16
14,129.1,1279,18.130774,98.133217,14,27.32,66.7,0,-28.758,-59.17,976.971,210,19,24,54,4.071,139.788,0.569,85,16
14,129.2,1280,18.130779,98.133224,10,27.32,66.7,0,-38.268,-62.825,972.284,211,10,25,35,4.071,139.616,0.568,85,16
14,129.3,1281,18.130785,98.133232,11,27.33,66.8,0,-47.388,-66.167,970.121,212,11,26,36,4.071,139.394,0.567,85,16
14,129.4,1282,18.130791,98.13324,12,27.34,66.8,0,-56.026,-69.178,970.68,214,12,27,37,4.071,139.122,0.566,85,16
14,129.5,1283,18.130796,98.133247,13,27.35,66.9,0,-64.093,-71.844,973.911,215,13,28,38,4.07,138.802,0.565,85,16
14,129.6,1284,18.130802,98.133255,14,27.35,66.9,0,-71.506,-74.15,979.519,216,14,29,39,4.07,138.434,0.563,85,16
14,129.7,1285,18.130808,98.133263,10,27.36,67,0,-78.19,-76.086,986.992,217,15,30,40,4.07,138.019,0.562,85,16
14,129.8,1286,18.130814,98.13327,11,27.37,67,0,-84.077,-77.642,995.65,218,16,31,41,4.07,137.558,0.56,85,16
14,129.9,1287,18.130819,98.133278,12,27.38,67.1,0,-89.107,-78.81,1004.706,219,17,32,42,4.07,137.052,0.558,85,16
14,130,1288,18.130825,98.133286,13,27.38,67.1,0,-93.229,-79.584,1013.332,220,18,33,43,4.07,136.503,0.556,85,16
14,130.1,1289,18.130831,98.133293,14,27.39,67.1,0,-96.401,-79.961,1020.744,221,19,34,44,4.07,135.911,0.553,85,16
14,130.2,1290,18.130836,98.133301,10,27.39,67.2,0,-98.59,-79.938,1026.265,222,10,20,45,4.07,135.279,0.551,85,16
14,130.3,1291,18.130842,98.133308,11,27.4,67.2,0,-99.775,-79.515,1029.394,223,11,21,46,4.07,134.608,0.548,85,16
14,130.4,1292,18.130848,98.133316,12,27.41,67.3,0,-99.943,-78.696,1029.845,224,12,22,47,4.07,133.9,0.545,85,16
14,130.5,1293,18.130854,98.133324,13,27.41,67.3,0,-99.091,-77.483,1027.576,225,13,23,48,4.069,133.157,0.542,85,16
14,130.6,1294,18.130859,98.133331,14,27.42,67.4,0,-97.23,-75.883,1022.796,226,14,24,49,4.069,132.38,0.539,85,16
14,130.7,1295,18.130865,98.133339,10,27.42,67.4,0,-94.378,-73.904,1015.938,227,15,25,50,4.069,131.571,0.535,85,16
14,130.8,1296,18.130871,98.133347,11,27.43,67.5,0,-90.564,-71.556,1007.628,228,16,26,51,4.069,130.733,0.532,85,16
14,130.9,1297,18.130877,98.133354,12,27.43,67.5,0,-85.827,-68.85,998.623,229,17,27,52,4.069,129.867,0.528,85,16
14,131,1298,18.130882,98.133362,13,27.44,67.6,0,-80.215,-65.799,989.743,230,18,28,53,4.069,128.976,0.525,85,16
14,131.1,1299,18.130888,98.133369,14,27.44,67.6,0,-73.786,-62.421,981.798,231,19,29,54,4.069,128.063,0.521,85,16
14,131.2,1300,18.130894,98.133377,10,27.45,67.6,0,-66.604,-58.73,975.512,232,10,30,35,4.069,127.129,0.517,85,16
14,131.3,1301,18.130899,98.133385,11,27.45,67.7,0,-58.744,-54.746,971.456,233,11,31,36,4.069,126.176,0.513,85,16
14,131.4,1302,18.130905,98.133392,12,27.46,67.7,0,-50.285,-50.489,970.001,234,12,32,37,4.069,125.208,0.509,85,16
14,131.5,1303,18.130911,98.1334,13,27.46,67.8,0,-41.314,-45.979,971.279,235,13,33,38,4.068,124.227,0.505,85,16
14,131.6,1304,18.130917,98.133408,14,27.46,67.8,0,-31.921,-41.24,975.174,236,14,34,39,4.068,123.235,0.501,85,16
14,131.7,1305,18.130922,98.133415,10,27.47,67.8,0,-22.202,-36.294,981.331,237,15,20,40,4.068,122.234,0.497,85,16
14,131.8,1306,18.130928,98.133423,11,27.47,67.9,0,-12.258,-31.167,989.189,238,16,21,41,4.068,121.228,0.493,85,16
14,131.9,1307,18.130934,98.13343,12,27.47,67.9,0,-2.189,-25.884,998.032,239,17,22,42,4.068,120.219,0.489,85,16
14,132,1308,18.130939,98.133438,13,27.48,68,0,7.903,-20.472,1007.053,240,18,23,43,4.068,119.209,0.485,85,16
14,132.1,1309,18.130945,98.133446,14,27.48,68,0,17.914,-14.958,1015.432,241,19,24,44,4.068,118.201,0.481,85,16
14,132.2,1310,18.130951,98.133453,10,27.48,68.1,0,27.742,-9.369,1022.406,242,10,25,45,4.068,117.198,0.477,85,16
14,132.3,1311,18.130957,98.133461,11,27.49,68.1,0,37.287,-3.734,1027.338,243,11,26,46,4.068,116.202,0.473,85,16
team_id,time,packet_id,lat,lon,sat,temp,humidity,alt_baro,acc_x,acc_y,acc_z,heading,pm1_0,pm2_5,pm10,voltage,current,watt,battery_percent,status
14,0,1,18.123461,98.123466,11,27,65,500.5,1.9,79.993,1001.709,0,11,21,36,4.2,120.19,0.505,99,1
14,0.1,2,18.123466,98.123474,12,27.01,65.1,503,11.971,79.718,1010.568,1,12,22,37,4.2,121.199,0.509,99,1
14,0.2,3,18.123472,98.123482,13,27.02,65.1,505.5,21.921,79.045,1018.465,2,13,23,38,4.2,122.206,0.513,99,1
14,0.3,4,18.123478,98.123489,14,27.03,65.2,508,31.646,77.976,1024.679,3,14,24,39,4.2,123.206,0.517,99,1
14,0.4,5,18.123484,98.123497,10,27.04,65.2,510.6,41.05,76.519,1028.644,4,15,25,40,4.2,124.199,0.522,99,1
14,0.5,6,18.123489,98.123505,11,27.05,65.3,513.1,50.035,74.678,1030,5,16,26,41,4.199,125.18,0.526,99,1
14,0.6,7,18.123495,98.123512,12,27.06,65.3,515.6,58.51,72.465,1028.623,6,17,27,42,4.199,126.149,0.53,99,1
14,0.7,8,18.123501,98.12352,13,27.07,65.4,518.2,66.388,69.89,1024.637,7,18,28,43,4.199,127.102,0.534,99,1
14,0.8,9,18.123507,98.123528,14,27.08,65.4,520.7,73.59,66.965,1018.408,8,19,29,44,4.199,128.036,0.538,99,1
14,0.9,10,18.123512,98.123535,10,27.09,65.5,523.2,80.042,63.706,1010.501,9,10,30,45,4.199,128.951,0.541,99,1
14,1,11,18.123518,98.123543,11,27.1,65.5,525.7,85.678,60.129,1001.637,10,11,31,46,4.199,129.842,0.545,99,1
14,1.1,12,18.123524,98.12355,12,27.11,65.6,528.2,90.441,56.251,992.624,11,12,32,47,4.199,130.708,0.549,99,1
14,1.2,13,18.123529,98.123558,13,27.12,65.6,530.8,94.282,52.092,984.283,12,13,33,48,4.199,131.547,0.552,99,1
14,1.3,14,18.123535,98.123566,14,27.13,65.7,533.3,97.162,47.673,977.375,13,14,34,49,4.199,132.357,0.556,99,1
14,1.4,15,18.123541,98.123573,10,27.14,65.7,535.8,99.052,43.015,972.527,14,15,20,50,4.199,133.135,0.559,99,1
14,1.5,16,18.123547,98.123581,11,27.15,65.8,538.3,99.932,38.143,970.183,15,16,21,51,4.198,133.88,0.562,99,1
14,1.6,17,18.123552,98.123589,12,27.16,65.8,540.9,99.794,33.08,970.555,16,17,22,52,4.198,134.589,0.565,99,1
14,1.7,18,18.123558,98.123596,13,27.17,65.9,543.4,98.638,27.852,973.61,17,18,23,53,4.198,135.261,0.568,99,1
14,1.8,19,18.123564,98.123604,14,27.18,65.9,545.9,96.478,22.485,979.069,18,19,24,54,4.198,135.894,0.571,99,1
14,1.9,20,18.123569,98.123611,10,27.19,66,548.5,93.333,17.005,986.435,19,10,25,35,4.198,136.486,0.573,99,1
14,2,21,18.123575,98.123619,11,27.2,66,551,89.238,11.44,995.037,20,11,26,36,4.198,137.037,0.575,99,1
14,2.1,22,18.123581,98.123627,12,27.21,66.1,553.5,84.233,5.819,1004.092,21,12,27,37,4.198,137.544,0.577,99,1
14,2.2,23,18.123587,98.123634,13,27.22,66.1,556,78.37,0.168,1012.773,22,13,28,38,4.198,138.006,0.579,99,1
14,2.3,24,18.123592,98.123642,14,27.23,66.2,558.5,71.707,-5.484,1020.291,23,14,29,39,4.198,138.423,0.581,99,1
14,2.4,25,18.123598,98.12365,10,27.23,66.2,561.1,64.314,-11.108,1025.96,24,15,30,40,4.198,138.792,0.583,99,1
14,2.5,26,18.123604,98.123657,11,27.24,66.3,563.6,56.265,-16.677,1029.264,25,16,31,41,4.197,139.114,0.584,99,1
14,2.6,27,18.12361,98.123665,12,27.25,66.3,566.1,47.643,-22.163,1029.902,26,17,32,42,4.197,139.387,0.585,99,1
14,2.7,28,18.123615,98.123672,13,27.26,66.4,568.7,38.536,-27.537,1027.815,27,18,33,43,4.197,139.61,0.586,99,1
14,2.8,29,18.123621,98.12368,14,27.27,66.4,571.2,29.035,-32.774,1023.194,28,19,34,44,4.197,139.783,0.587,99,1
14,2.9,30,18.123627,98.123688,10,27.28,66.5,573.7,19.239,-37.848,1016.46,29,10,20,45,4.197,139.906,0.587,99,1
14,3,31,18.123632,98.123695,11,27.29,66.5,576.2,9.246,-42.732,1008.227,30,11,21,46,4.197,139.979,0.587,99,1
14,3.2,32,18.123638,98.123703,12,27.29,66.5,578.8,-0.841,-47.403,999.243,31,12,22,47,4.197,140,0.588,99,1
14,3.3,33,18.123644,98.123711,13,27.3,66.6,581.3,-10.919,-51.837,990.329,32,13,23,48,4.197,139.97,0.587,99,1
14,3.4,34,18.12365,98.123718,14,27.31,66.6,583.8,-20.886,-56.012,982.296,33,14,24,49,4.197,139.889,0.587,99,1
14,3.5,35,18.123655,98.123726,10,27.32,66.7,586.3,-30.64,-59.907,975.876,34,15,25,50,4.197,139.758,0.587,99,1
14,3.6,36,18.123661,98.123734,11,27.33,66.7,588.8,-40.082,-63.503,971.654,35,16,26,51,4.196,139.576,0.586,99,1
14,3.7,37,18.123667,98.123741,12,27.33,66.8,591.4,-49.115,-66.781,970.014,36,17,27,52,4.196,139.345,0.585,99,1
14,3.8,38,18.123672,98.123749,13,27.34,66.8,593.9,-57.647,-69.726,971.106,37,18,28,53,4.196,139.064,0.584,99,1
14,3.9,39,18.123678,98.123756,14,27.35,66.9,596.4,-65.593,-72.322,974.831,38,19,29,54,4.196,138.734,0.582,99,1
14,4,40,18.123684,98.123764,10,27.36,66.9,599,-72.869,-74.557,980.849,39,10,30,35,4.196,138.357,0.581,99,1
14,4.1,41,18.12369,98.123772,11,27.36,67,601.5,-79.403,-76.42,988.612,40,11,31,36,4.196,137.933,0.579,99,1
14,4.2,42,18.123695,98.123779,12,27.37,67,604,-85.127,-77.901,997.412,41,12,32,37,4.196,137.463,0.577,99,1
14,4.3,43,18.123701,98.123787,13,27.38,67.1,606.5,-89.984,-78.992,1006.448,42,13,33,38,4.196,136.948,0.575,99,1
14,4.4,44,18.123707,98.123795,14,27.38,67.1,609,-93.924,-79.689,1014.897,43,14,34,39,4.196,136.391,0.572,99,1
14,4.5,45,18.123713,98.123802,10,27.39,67.2,611.6,-96.906,-79.988,1021.988,44,15,20,40,4.196,135.791,0.57,99,1
14,4.6,46,18.123718,98.12381,11,27.4,67.2,614.1,-98.901,-79.887,1027.076,45,16,21,41,4.195,135.152,0.567,99,1
14,4.7,47,18.123724,98.123817,12,27.4,67.2,616.6,-99.888,-79.387,1029.697,46,17,22,42,4.195,134.473,0.564,99,1
14,4.8,48,18.12373,98.123825,13,27.41,67.3,619.2,-99.856,-78.49,1029.613,47,18,23,43,4.195,133.758,0.561,99,1
14,4.9,49,18.123735,98.123833,14,27.41,67.3,621.7,-98.807,-77.201,1026.83,48,19,24,44,4.195,133.008,0.558,99,1
14,5,50,18.123741,98.12384,10,27.42,67.4,624.2,-96.751,-75.526,1021.603,49,10,25,45,4.195,132.224,0.555,99,1
14,5.1,51,18.123747,98.123848,11,27.42,67.4,626.7,-93.709,-73.474,1014.408,50,11,26,46,4.195,131.41,0.551,99,1
14,5.2,52,18.123753,98.123856,12,27.43,67.5,629.2,-89.711,-71.055,1005.9,51,12,27,47,4.195,130.566,0.548,99,1
14,5.3,53,18.123758,98.123863,13,27.43,67.5,631.8,-84.799,-68.281,996.855,52,13,28,48,4.195,129.695,0.544,99,1
14,5.4,54,18.123764,98.123871,14,27.44,67.6,634.3,-79.023,-65.166,988.096,53,14,29,49,4.195,128.8,0.54,99,1
14,5.5,55,18.12377,98.123878,10,27.44,67.6,636.8,-72.441,-61.725,980.421,54,15,30,50,4.195,127.882,0.536,99,1
14,5.6,56,18.123775,98.123886,11,27.45,67.6,639.3,-65.122,-57.975,974.531,55,16,31,51,4.194,126.944,0.532,99,1
14,5.7,57,18.123781,98.123894,12,27.45,67.7,641.9,-57.138,-53.936,970.961,56,17,32,52,4.194,125.989,0.528,99,1
14,5.8,58,18.123787,98.123901,13,27.46,67.7,644.4,-48.572,-49.628,970.036,57,18,33,53,4.194,125.018,0.524,99,1
14,5.9,59,18.123793,98.123909,14,27.46,67.8,646.9,-39.511,-45.072,971.842,58,19,34,54,4.194,124.034,0.52,99,1
14,6,60,18.123798,98.123917,10,27.47,67.8,649.5,-30.047,-40.29,976.213,59,10,20,35,4.194,123.04,0.516,99,1
14,6.1,61,18.123804,98.123924,11,27.47,67.9,652,-20.277,-35.307,982.751,60,11,21,36,4.194,122.038,0.512,99,1
14,6.2,62,18.12381,98.123932,12,27.47,67.9,654.5,-10.3,-30.148,990.861,61,12,22,37,4.194,121.031,0.508,99,1
14,6.3,63,18.123816,98.12394,13,27.48,67.9,657,-0.219,-24.838,999.803,62,13,23,38,4.194,120.022,0.503,99,1
14,6.4,64,18.123821,98.123947,14,27.48,68,659.5,9.865,-19.404,1008.764,63,14,24,39,4.194,119.012,0.499,99,1
14,6.5,65,18.123827,98.123955,10,27.48,68,662.1,19.849,-13.873,1016.925,64,15,25,40,4.194,118.005,0.495,99,1
14,6.6,66,18.123833,98.123962,11,27.48,68.1,664.6,29.63,-8.272,1023.545,65,16,26,41,4.193,117.003,0.491,99,1
14,6.7,67,18.123838,98.12397,12,27.49,68.1,667.1,39.109,-2.631,1028.02,66,17,27,42,4.193,116.009,0.486,99,1
14,6.8,68,18.123844,98.123978,13,27.49,68.1,669.7,48.189,3.024,1029.942,67,18,28,43,4.193,115.025,0.482,99,1
14,6.9,69,18.12385,98.123985,14,27.49,68.2,672.2,56.779,8.664,1029.135,68,19,29,44,4.193,114.053,0.478,99,1
14,7,70,18.123856,98.123993,10,27.49,68.2,674.7,64.789,14.26,1025.675,69,10,30,45,4.193,113.097,0.474,99,1
14,7.1,71,18.123861,98.124001,11,27.49,68.3,677.2,72.14,19.785,1019.875,70,11,31,46,4.193,112.158,0.47,99,1
14,7.2,72,18.123867,98.124008,12,27.5,68.3,679.8,78.754,25.212,1012.264,71,12,32,47,4.193,111.239,0.466,99,1
14,7.3,73,18.123873,98.124016,13,27.5,68.3,682.3,84.567,30.512,1003.536,72,13,33,48,4.193,110.343,0.463,99,1
14,7.4,74,18.123878,98.124023,14,27.5,68.4,684.8,89.517,35.66,994.486,73,14,34,49,4.193,109.471,0.459,99,1
14,7.5,75,18.123884,98.124031,10,27.5,68.4,687.3,93.555,40.63,985.938,74,15,20,50,4.193,108.626,0.455,99,1
14,7.6,76,18.12389,98.124039,11,27.5,68.4,689.8,96.639,45.396,978.671,75,16,21,51,4.192,107.81,0.452,99,1
14,7.7,77,18.123896,98.124046,12,27.5,68.5,692.4,98.739,49.936,973.348,76,17,22,52,4.192,107.026,0.449,99,1
14,7.8,78,18.123901,98.124054,13,27.5,68.5,694.9,99.832,54.227,970.453,77,18,23,53,4.192,106.274,0.446,99,1
14,7.9,79,18.123907,98.124062,14,27.5,68.6,697.4,99.907,58.246,970.25,78,19,24,54,4.192,105.557,0.443,99,1
14,8,80,18.123913,98.124069,10,27.5,68.6,700,98.965,61.975,972.757,79,10,25,35,4.192,104.877,0.44,99,1
14,8.1,81,18.123919,98.124077,11,27.5,68.6,702.5,97.013,65.393,977.746,80,11,26,36,4.192,104.236,0.437,99,1
14,8.2,82,18.123924,98.124084,12,27.5,68.7,705,94.073,68.485,984.763,82,12,27,37,4.192,103.634,0.434,99,1
14,8.3,83,18.12393,98.124092,13,27.5,68.7,707.5,90.174,71.235,993.168,83,13,28,38,4.192,103.075,0.432,99,1
14,8.4,84,18.123936,98.1241,14,27.5,68.7,710,85.356,73.629,1002.196,84,14,29,39,4.192,102.559,0.43,99,1
14,8.5,85,18.123941,98.124107,10,27.5,68.8,712.6,79.668,75.655,1011.023,85,15,30,40,4.191,102.087,0.428,99,1
14,8.6,86,18.123947,98.124115,11,27.49,68.8,715.1,73.168,77.303,1018.846,86,16,31,41,4.191,101.661,0.426,99,1
14,8.7,87,18.123953,98.124123,12,27.49,68.8,717.6,65.922,78.565,1024.953,87,17,32,42,4.191,101.281,0.424,99,1
14,8.8,88,18.123959,98.12413,13,27.49,68.9,720.2,58.004,79.434,1028.785,88,18,33,43,4.191,100.95,0.423,99,1
14,8.9,89,18.123964,98.124138,14,27.49,68.9,722.7,49.495,79.907,1029.995,89,19,34,44,4.191,100.667,0.422,99,1
14,9,90,18.12397,98.124146,10,27.49,68.9,725.2,40.482,79.98,1028.473,90,10,20,45,4.191,100.433,0.421,98,1
14,9.1,91,18.123976,98.124153,11,27.48,69,727.7,31.056,79.653,1024.356,91,11,21,46,4.191,100.249,0.42,98,1
14,9.2,92,18.123981,98.124161,12,27.48,69,730.2,21.313,78.929,1018.02,92,12,22,47,4.191,100.115,0.42,98,1
14,9.3,93,18.123987,98.124168,13,27.48,69,732.8,11.353,77.81,1010.042,93,13,23,48,4.191,100.032,0.419,98,1
14,9.4,94,18.123993,98.124176,14,27.48,69,735.3,1.278,76.303,1001.15,94,14,24,49,4.191,100,0.419,98,1
14,9.5,95,18.123999,98.124184,10,27.47,69.1,737.8,-8.811,74.414,992.152,95,15,25,50,4.19,100.019,0.419,98,1
14,9.6,96,18.124004,98.124191,11,27.47,69.1,740.4,-18.81,72.153,983.87,96,16,26,51,4.19,100.089,0.419,98,1
14,9.7,97,18.12401,98.124199,12,27.47,69.1,742.9,-28.617,69.532,977.057,97,17,27,52,4.19,100.21,0.42,98,1
14,9.8,98,18.124016,98.124207,13,27.46,69.2,745.4,-38.132,66.563,972.335,98,18,28,53,4.19,100.381,0.421,98,1
14,9.9,99,18.124022,98.124214,14,27.46,69.2,747.9,-47.259,63.262,970.133,99,19,29,54,4.19,100.603,0.422,98,1
14,10,100,18.124027,98.124222,10,27.45,69.2,750.5,-55.904,59.645,970.652,100,10,30,35,4.19,100.873,0.423,98,1
14,10.1,101,18.124033,98.124229,11,27.45,69.2,753,-63.979,55.73,973.845,101,11,31,36,4.19,101.193,0.424,98,1
14,10.2,102,18.124039,98.124237,12,27.45,69.3,755.5,-71.402,51.536,979.421,102,12,32,37,4.19,101.56,0.426,98,1
14,10.3,103,18.124044,98.124245,13,27.44,69.3,758,-78.097,47.085,986.872,103,13,33,38,4.19,101.975,0.427,98,1
14,10.4,104,18.12405,98.124252,14,27.44,69.3,760.5,-83.997,42.399,995.519,104,14,34,39,4.19,102.435,0.429,98,1
14,10.5,105,18.124056,98.12426,10,27.43,69.3,763.1,-89.04,37.5,1004.574,105,15,20,40,4.189,102.94,0.431,98,1
14,10.6,106,18.124062,98.124268,11,27.43,69.4,765.6,-93.176,32.415,1013.213,106,16,21,41,4.189,103.489,0.434,98,1
14,10.7,107,18.124067,98.124275,12,27.42,69.4,768.1,-96.362,27.167,1020.648,107,17,22,42,4.189,104.08,0.436,98,1
14,10.8,108,18.124073,98.124283,13,27.41,69.4,770.7,-98.566,21.784,1026.201,108,18,23,43,4.189,104.711,0.439,98,1
14,10.9,109,18.124079,98.12429,14,27.41,69.4,773.2,-99.765,16.292,1029.367,109,19,24,44,4.189,105.381,0.441,98,1
14,11,110,18.124084,98.124298,10,27.4,69.5,775.7,-99.947,10.718,1029.858,110,10,25,45,4.189,106.089,0.444,98,1
14,11.1,111,18.12409,98.124306,11,27.4,69.5,778.2,-99.111,5.091,1027.629,111,11,26,46,4.189,106.832,0.448,98,1
14,11.2,112,18.124096,98.124313,12,27.39,69.5,780.8,-97.265,-0.561,1022.882,112,12,27,47,4.189,107.609,0.451,98,1
14,11.3,113,18.124102,98.124321,13,27.38,69.5,783.3,-94.427,-6.211,1016.05,113,13,28,48,4.189,108.417,0.454,98,1
14,11.4,114,18.124107,98.124329,14,27.38,69.5,785.8,-90.627,-11.83,1007.756,114,14,29,49,4.189,109.255,0.458,98,1
14,11.5,115,18.124113,98.124336,10,27.37,69.6,788.3,-85.903,-17.39,998.756,115,15,30,50,4.188,110.12,0.461,98,1
14,11.6,116,18.124119,98.124344,11,27.36,69.6,790.8,-80.304,-22.862,989.869,116,16,31,51,4.188,111.01,0.465,98,1
14,11.7,117,18.124125,98.124352,12,27.36,69.6,793.4,-73.886,-28.221,981.905,117,17,32,52,4.188,111.924,0.469,98,1
14,11.8,118,18.12413,98.124359,13,27.35,69.6,795.9,-66.715,-33.438,975.589,118,18,33,53,4.188,112.858,0.473,98,1
14,11.9,119,18.124136,98.124367,14,27.34,69.6,798.4,-58.864,-38.489,971.498,119,19,34,54,4.188,113.81,0.477,98,1
14,12,120,18.124142,98.124374,10,27.33,69.7,801,-50.413,-43.347,970.003,120,10,20,35,4.188,114.778,0.481,98,1
14,12.1,121,18.124147,98.124382,11,27.33,69.7,803.5,-41.448,-47.988,971.241,121,11,21,36,4.188,115.759,0.485,98,1
14,12.2,122,18.124153,98.12439,12,27.32,69.7,806,-32.061,-52.39,975.1,122,12,22,37,4.188,116.751,0.489,98,1
14,12.3,123,18.124159,98.124397,13,27.31,69.7,808.5,-22.347,-56.53,981.227,123,13,23,38,4.188,117.751,0.493,98,1
14,12.4,124,18.124165,98.124405,14,27.3,69.7,811,-12.405,-60.388,989.065,124,14,24,39,4.188,118.757,0.497,98,1
14,12.5,125,18.12417,98.124413,10,27.3,69.8,813.6,-2.337,-63.943,997.898,125,15,25,40,4.187,119.766,0.502,98,1
14,12.6,126,18.124176,98.12442,11,27.29,69.8,816.1,7.755,-67.18,1006.924,126,16,26,41,4.187,120.776,0.506,98,1
14,12.7,127,18.124182,98.124428,12,27.28,69.8,818.6,17.768,-70.081,1015.318,127,17,27,42,4.187,121.784,0.51,98,1
14,12.8,128,18.124187,98.124435,13,27.27,69.8,821.1,27.6,-72.631,1022.317,128,18,28,43,4.187,122.787,0.514,98,1
14,12.9,129,18.124193,98.124443,14,27.26,69.8,823.7,37.15,-74.819,1027.283,129,19,29,44,4.187,123.783,0.518,98,1
14,13,130,18.124199,98.124451,10,27.25,69.8,826.2,46.322,-76.633,1029.763,130,10,30,45,4.187,124.77,0.522,98,1
14,13.1,131,18.124205,98.124458,11,27.24,69.8,828.7,55.022,-78.063,1029.531,131,11,31,46,4.187,125.744,0.526,98,1
14,13.2,132,18.12421,98.124466,12,27.24,69.8,831.2,63.161,-79.104,1026.609,132,12,32,47,4.187,126.704,0.53,98,1
14,13.4,133,18.124216,98.124474,13,27.23,69.9,833.8,70.656,-79.75,1021.262,133,13,33,48,4.187,127.647,0.534,98,1
14,13.5,134,18.124222,98.124481,14,27.22,69.9,836.3,77.431,-79.997,1013.978,134,14,34,49,4.187,128.57,0.538,98,1
14,13.6,135,18.124228,98.124489,10,27.21,69.9,838.8,83.417,-79.845,1005.421,135,15,20,50,4.186,129.471,0.542,98,1
14,13.7,136,18.124233,98.124496,11,27.2,69.9,841.4,88.553,-79.293,996.37,136,16,21,51,4.186,130.348,0.546,98,1
14,13.8,137,18.124239,98.124504,12,27.19,69.9,843.9,92.786,-78.346,987.65,137,17,22,52,4.186,131.199,0.549,98,1
14,13.9,138,18.124245,98.124512,13,27.18,69.9,846.4,96.073,-77.007,980.054,138,18,23,53,4.186,132.021,0.553,98,1
14,14,139,18.12425,98.124519,14,27.17,69.9,848.9,98.381,-75.283,974.276,139,19,24,54,4.186,132.813,0.556,98,1
14,14.1,140,18.124256,98.124527,10,27.16,69.9,851.5,99.687,-73.183,970.842,140,10,25,35,4.186,133.571,0.559,98,1
14,14.2,141,18.124262,98.124535,11,27.15,69.9,854,99.976,-70.717,970.064,141,11,26,36,4.186,134.296,0.562,98,1
14,14.3,142,18.124268,98.124542,12,27.14,69.9,856.5,99.247,-67.898,972.014,142,12,27,37,4.186,134.983,0.565,98,1
14,14.4,143,18.124273,98.12455,13,27.13,70,859,97.505,-64.74,976.513,143,13,28,38,4.186,135.633,0.568,98,1
14,14.5,144,18.124279,98.124557,14,27.12,70,861.5,94.77,-61.258,983.153,144,14,29,39,4.186,136.243,0.57,98,1
14,14.6,145,18.124285,98.124565,10,27.11,70,864.1,91.07,-57.471,991.327,145,15,30,40,4.185,136.811,0.573,98,1
14,14.7,146,18.12429,98.124573,11,27.1,70,866.6,86.44,-53.396,1000.291,146,16,31,41,4.185,137.337,0.575,98,1
14,14.8,147,18.124296,98.12458,12,27.09,70,869.1,80.93,-49.054,1009.229,147,17,32,42,4.185,137.818,0.577,98,1
14,14.9,148,18.124302,98.124588,13,27.08,70,871.7,74.595,-44.467,1017.326,148,18,33,43,4.185,138.254,0.579,98,1
14,15,149,18.124308,98.124596,14,27.07,70,874.2,67.5,-39.658,1023.844,149,19,34,44,4.185,138.643,0.58,98,1
14,15.1,150,18.124313,98.124603,10,27.06,70,876.7,59.717,-34.651,1028.19,150,10,20,45,4.185,138.985,0.582,98,1
14,15.2,151,18.124319,98.124611,11,27.05,70,879.2,51.325,-29.471,1029.968,151,11,21,46,4.185,139.278,0.583,98,1
14,15.3,152,18.124325,98.124619,12,27.04,70,881.8,42.41,-24.144,1029.015,152,12,22,47,4.185,139.522,0.584,98,1
14,15.4,153,18.124331,98.124626,13,27.03,70,884.3,33.062,-18.695,1025.419,153,13,23,48,4.185,139.717,0.585,98,1
14,15.5,154,18.124336,98.124634,14,27.02,70,886.8,23.378,-13.154,1019.507,154,14,24,49,4.185,139.861,0.585,98,1
14,15.6,155,18.124342,98.124641,10,27.01,70,889.3,13.455,-7.547,1011.818,155,15,25,50,4.184,139.954,0.586,98,1
14,15.7,156,18.124348,98.124649,11,27,70,891.8,3.396,-1.902,1003.051,156,16,26,51,4.184,139.997,0.586,98,1
14,15.8,157,18.124353,98.124657,12,26.99,70,894.4,-6.699,3.753,994.007,157,17,27,52,4.184,139.989,0.586,98,1
14,15.9,158,18.124359,98.124664,13,26.98,70,896.9,-16.725,9.388,985.509,158,18,28,53,4.184,139.929,0.585,98,1
14,16,159,18.124365,98.124672,14,26.97,70,899.4,-26.58,14.977,978.331,159,19,29,54,4.184,139.819,0.585,98,1
14,16.1,160,18.124371,98.12468,10,26.96,70,901.9,-36.165,20.491,973.128,160,10,30,35,4.184,139.659,0.584,98,1
14,16.2,161,18.124376,98.124687,11,26.95,70,904.5,-45.381,25.903,970.372,161,11,31,36,4.184,139.448,0.583,98,1
14,16.3,162,18.124382,98.124695,12,26.94,70,907,-54.135,31.185,970.316,162,12,32,37,4.184,139.188,0.582,98,1
14,16.4,163,18.124388,98.124702,13,26.93,70,909.5,-62.336,36.311,972.965,163,13,33,38,4.184,138.878,0.581,98,1
14,16.5,164,18.124393,98.12471,14,26.92,70,912,-69.903,41.256,978.076,164,14,34,39,4.184,138.521,0.58,98,1
14,16.6,165,18.124399,98.124718,10,26.91,70,914.6,-76.757,45.995,985.185,165,15,20,40,4.183,138.116,0.578,98,1
14,16.7,166,18.124405,98.124725,11,26.9,70,917.1,-82.828,50.504,993.644,166,16,21,41,4.183,137.665,0.576,98,1
14,16.8,167,18.124411,98.124733,12,26.89,70,919.6,-88.056,54.76,1002.682,167,17,22,42,4.183,137.169,0.574,98,1
14,16.9,168,18.124416,98.124741,13,26.88,70,922.1,-92.386,58.743,1011.475,168,18,23,43,4.183,136.63,0.572,98,1
14,17,169,18.124422,98.124748,14,26.87,70,924.7,-95.774,62.433,1019.223,169,19,24,44,4.183,136.048,0.569,98,1
14,17.1,170,18.124428,98.124756,10,26.86,70,927.2,-98.186,65.811,1025.22,170,10,25,45,4.183,135.425,0.566,98,1
14,17.2,171,18.124434,98.124763,11,26.85,69.9,929.7,-99.597,68.859,1028.919,171,11,26,46,4.183,134.762,0.564,98,1
14,17.3,172,18.124439,98.124771,12,26.84,69.9,932.2,-99.994,71.564,1029.983,172,12,27,47,4.183,134.062,0.561,98,1
14,17.4,173,18.124445,98.124779,13,26.83,69.9,934.8,-99.371,73.911,1028.315,173,13,28,48,4.183,133.327,0.558,98,1
14,17.5,174,18.124451,98.124786,14,26.83,69.9,937.3,-97.735,75.889,1024.068,174,14,29,49,4.183,132.557,0.554,98,1
14,17.6,175,18.124456,98.124794,10,26.82,69.9,939.8,-95.103,77.488,1017.628,175,15,30,50,4.182,131.755,0.551,98,1
14,17.7,176,18.124462,98.124802,11,26.81,69.9,942.3,-91.502,78.699,1009.581,176,16,31,51,4.182,130.923,0.548,98,1
14,17.8,177,18.124468,98.124809,12,26.8,69.9,944.9,-86.968,79.518,1000.662,177,17,32,52,4.182,130.064,0.544,98,1
14,17.9,178,18.124474,98.124817,13,26.79,69.9,947.4,-81.548,79.939,991.683,178,18,33,53,4.182,129.178,0.54,98,1
14,18,179,18.124479,98.124825,14,26.78,69.9,949.9,-75.296,79.96,983.461,179,19,34,54,4.182,128.27,0.536,98,1
14,18.1,180,18.124485,98.124832,10,26.77,69.9,952.5,-68.278,79.582,976.746,180,10,20,35,4.182,127.34,0.533,97,1
14,18.2,181,18.124491,98.12484,11,26.76,69.8,955,-60.563,78.807,972.15,181,11,21,36,4.182,126.391,0.529,97,1
14,18.3,182,18.124496,98.124847,12,26.75,69.8,957.5,-52.231,77.638,970.091,183,12,22,37,4.182,125.427,0.524,97,1
14,18.4,183,18.124502,98.124855,13,26.74,69.8,960,-43.367,76.08,970.757,184,13,23,38,4.182,124.448,0.52,97,1
14,18.5,184,18.124508,98.124863,14,26.73,69.8,962.6,-34.06,74.143,974.088,185,14,24,39,4.181,123.458,0.516,97,1
14,18.6,185,18.124514,98.12487,10,26.73,69.8,965.1,-24.406,71.835,979.779,186,15,25,40,4.181,122.459,0.512,97,1
14,18.7,186,18.124519,98.124878,11,26.72,69.8,967.6,-14.504,69.169,987.312,187,16,26,41,4.181,121.454,0.508,97,1
14,18.8,187,18.124525,98.124886,12,26.71,69.8,970.1,-4.454,66.156,996.002,188,17,27,42,4.181,120.446,0.504,97,1
14,18.9,188,18.124531,98.124893,13,26.7,69.7,972.7,5.641,62.813,1005.056,189,18,28,43,4.181,119.436,0.499,97,1
14,19,189,18.124537,98.124901,14,26.69,69.7,975.2,15.679,59.157,1013.649,190,19,29,44,4.181,118.427,0.495,97,1
14,19.1,190,18.124542,98.124908,10,26.69,69.7,977.7,25.558,55.205,1020.999,191,10,30,45,4.181,117.423,0.491,97,1
14,19.2,191,18.124548,98.124916,11,26.68,69.7,980.2,35.175,50.976,1026.435,192,11,31,46,4.181,116.425,0.487,97,1
14,19.3,192,18.124554,98.124924,12,26.67,69.7,982.8,44.435,46.494,1029.463,193,12,32,47,4.181,115.436,0.483,97,1
14,19.4,193,18.124559,98.124931,13,26.66,69.7,985.3,53.241,41.779,1029.807,194,13,33,48,4.181,114.459,0.479,97,1
14,19.5,194,18.124565,98.124939,14,26.66,69.6,987.8,61.505,36.855,1027.435,195,14,34,49,4.18,113.496,0.474,97,1
14,19.6,195,18.124571,98.124947,10,26.65,69.6,990.3,69.141,31.747,1022.563,196,15,20,50,4.18,112.55,0.471,97,1
14,19.7,196,18.124577,98.124954,11,26.64,69.6,992.9,76.074,26.48,1015.636,197,16,21,51,4.18,111.622,0.467,97,1
14,19.8,197,18.124582,98.124962,12,26.63,69.6,995.4,82.23,21.081,1007.284,198,17,22,52,4.18,110.716,0.463,97,1
14,19.9,198,18.124588,98.124969,13,26.63,69.6,997.9,87.549,15.577,998.269,199,18,23,53,4.18,109.834,0.459,97,1
14,20,199,18.124594,98.124977,14,26.62,69.5,1000,91.975,9.995,989.411,200,19,24,54,4.18,108.977,0.456,97,2
14,20.1,200,18.124599,98.124985,10,26.61,69.5,1000,95.464,4.363,981.518,201,10,25,35,4.18,108.149,0.452,97,2
14,20.2,201,18.124605,98.124992,11,26.61,69.5,1000,97.98,-1.291,975.309,202,11,26,36,4.18,107.351,0.449,97,2
14,20.3,202,18.124611,98.125,12,26.6,69.5,1000,99.497,-6.938,971.349,203,12,27,37,4.18,106.585,0.445,97,2
14,20.4,203,18.124617,98.125008,13,26.6,69.5,1000,100,-12.551,970,204,13,28,38,4.18,105.853,0.442,97,2
14,20.5,204,18.124622,98.125015,14,26.59,69.4,1000,99.484,-18.101,971.384,205,14,29,39,4.179,105.158,0.44,97,2
14,20.6,205,18.124628,98.125023,10,26.58,69.4,1000,97.954,-23.56,975.375,206,15,30,40,4.179,104.5,0.437,97,2
14,20.7,206,18.124634,98.125031,11,26.58,69.4,1000,95.425,-28.902,981.61,207,16,31,41,4.179,103.882,0.434,97,2
14,20.8,207,18.12464,98.125038,12,26.57,69.4,1000,91.924,-34.099,989.52,208,17,32,42,4.179,103.305,0.432,97,2
14,20.9,208,18.124645,98.125046,13,26.57,69.3,1000,87.486,-39.126,998.385,209,18,33,43,4.179,102.77,0.429,97,2
14,21,209,18.124651,98.125053,14,26.56,69.3,1000,82.156,-43.958,1007.397,210,19,34,44,4.179,102.279,0.427,97,2
14,21.1,210,18.124657,98.125061,10,26.56,69.3,1000,75.989,-48.57,1015.736,211,10,20,45,4.179,101.834,0.426,97,2
14,21.2,211,18.124662,98.125069,11,26.55,69.3,1000,69.048,-52.939,1022.64,212,11,21,46,4.179,101.435,0.424,97,2
14,21.3,212,18.124668,98.125076,12,26.55,69.2,1000,61.402,-57.044,1027.482,213,12,22,47,4.179,101.083,0.422,97,2
14,21.4,213,18.124674,98.125084,13,26.54,69.2,1000,53.131,-60.863,1029.82,214,13,23,48,4.179,100.779,0.421,97,2
14,21.5,214,18.12468,98.125092,14,26.54,69.2,1000,44.319,-64.379,1029.441,215,14,24,49,4.178,100.525,0.42,97,2
14,21.6,215,18.124685,98.125099,10,26.54,69.1,1000,35.054,-67.573,1026.38,216,15,25,50,4.178,100.32,0.419,97,2
14,21.7,216,18.124691,98.125107,11,26.53,69.1,1000,25.432,-70.429,1020.915,217,16,26,51,4.178,100.165,0.419,97,2
14,21.8,217,18.124697,98.125114,12,26.53,69.1,1000,15.552,-72.934,1013.545,218,17,27,52,4.178,100.061,0.418,97,2
14,21.9,218,18.124702,98.125122,13,26.53,69.1,1000,5.512,-75.074,1004.941,219,18,28,53,4.178,100.008,0.418,97,2
14,22,219,18.124708,98.12513,14,26.52,69,1000,-4.584,-76.839,995.886,220,19,29,54,4.178,100.005,0.418,97,2
14,22.1,220,18.124714,98.125137,10,26.52,69,1000,-14.632,-78.22,987.207,221,10,30,35,4.178,100.054,0.418,97,2
14,22.2,221,18.12472,98.125145,11,26.52,69,1000,-24.532,-79.21,979.693,222,11,31,36,4.178,100.153,0.418,97,2
14,22.3,222,18.124725,98.125153,12,26.51,68.9,1000,-34.182,-79.804,974.029,223,12,32,37,4.178,100.303,0.419,97,2
14,22.4,223,18.124731,98.12516,13,26.51,68.9,1000,-43.483,-80,970.731,224,13,33,38,4.178,100.504,0.42,97,2
14,22.5,224,18.124737,98.125168,14,26.51,68.9,1000,-52.341,-79.796,970.1,225,14,34,39,4.177,100.754,0.421,97,2
14,22.6,225,18.124743,98.125175,10,26.51,68.8,1000,-60.666,-79.193,972.193,226,15,20,40,4.177,101.053,0.422,97,2
14,22.7,226,18.124748,98.125183,11,26.51,68.8,1000,-68.372,-78.195,976.82,227,16,21,41,4.177,101.4,0.424,97,2
14,22.8,227,18.124754,98.125191,12,26.51,68.8,1000,-75.382,-76.806,983.558,228,17,22,42,4.177,101.795,0.425,97,2
14,22.9,228,18.12476,98.125198,13,26.5,68.7,1000,-81.623,-75.033,991.795,229,18,23,43,4.177,102.236,0.427,97,2
14,23,229,18.124765,98.125206,14,26.5,68.7,1000,-87.032,-72.885,1000.779,230,19,24,44,4.177,102.723,0.429,97,2
14,23.1,230,18.124771,98.125214,10,26.5,68.7,1000,-91.554,-70.373,1009.692,231,10,25,45,4.177,103.254,0.431,97,2
14,23.2,231,18.124777,98.125221,11,26.5,68.6,1000,-95.143,-67.51,1017.722,232,11,26,46,4.177,103.827,0.434,97,2
14,23.4,232,18.124783,98.125229,12,26.5,68.6,1000,-97.762,-64.309,1024.137,233,12,27,47,4.177,104.441,0.436,97,2
14,23.5,233,18.124788,98.125237,13,26.5,68.6,1000,-99.385,-60.787,1028.354,234,13,28,48,4.177,105.096,0.439,97,2
14,23.6,234,18.124794,98.125244,14,26.5,68.5,1000,-99.995,-56.961,1029.987,235,14,29,49,4.176,105.788,0.442,97,2
14,23.7,235,18.1248,98.125252,10,26.5,68.5,1000,-99.586,-52.851,1028.888,236,15,30,50,4.176,106.516,0.445,97,2
14,23.8,236,18.124805,98.125259,11,26.5,68.5,1000,-98.161,-48.476,1025.157,237,16,31,51,4.176,107.279,0.448,97,2
14,23.9,237,18.124811,98.125267,12,26.5,68.4,1000,-95.737,-43.859,1019.134,238,17,32,52,4.176,108.074,0.451,97,2
14,24,238,18.124817,98.125275,13,26.5,68.4,1000,-92.336,-39.023,1011.368,239,18,33,53,4.176,108.9,0.455,97,2
14,24.1,239,18.124823,98.125282,14,26.5,68.4,1000,-87.994,-33.993,1002.566,240,19,34,54,4.176,109.754,0.458,97,2
14,24.2,240,18.124828,98.12529,10,26.5,68.3,1000,-82.756,-28.792,993.53,241,10,20,35,4.176,110.634,0.462,97,2
14,24.3,241,18.124834,98.125298,11,26.5,68.3,1000,-76.674,-23.447,985.084,242,11,21,36,4.176,111.538,0.466,97,2
14,24.4,242,18.12484,98.125305,12,26.51,68.2,1000,-69.81,-17.986,977.997,243,12,22,37,4.176,112.463,0.47,97,2
14,24.5,243,18.124846,98.125313,13,26.51,68.2,1000,-62.235,-12.434,972.914,244,13,23,38,4.176,113.408,0.474,97,2
14,24.6,244,18.124851,98.12532,14,26.51,68.2,1000,-54.026,-6.82,970.299,245,14,24,39,4.175,114.37,0.478,97,2
14,24.7,245,18.124857,98.125328,10,26.51,68.1,1000,-45.266,-1.173,970.391,246,15,25,40,4.175,115.346,0.482,97,2
14,24.8,246,18.124863,98.125336,11,26.51,68.1,1000,-36.044,4.481,973.18,247,16,26,41,4.175,116.333,0.486,97,2
14,24.9,247,18.124868,98.125343,12,26.52,68,1000,-26.455,10.112,978.412,248,17,27,42,4.175,117.331,0.49,97,2
14,25,248,18.124874,98.125351,13,26.52,68,1000,-16.597,15.693,985.611,249,18,28,43,4.175,118.335,0.494,97,2
14,25.1,249,18.12488,98.125359,14,26.52,68,998.7,-6.569,21.195,994.121,250,19,29,44,4.175,119.343,0.498,97,4
14,25.2,250,18.124886,98.125366,10,26.53,67.9,996.6,3.525,26.591,1003.167,251,10,30,45,4.175,120.353,0.502,97,4
14,25.3,251,18.124891,98.125374,11,26.53,67.9,994.6,13.584,31.855,1011.925,252,11,31,46,4.175,121.362,0.507,97,4
14,25.4,252,18.124897,98.125381,12,26.53,67.8,992.6,23.504,36.959,1019.595,253,12,32,47,4.175,122.367,0.511,97,4
14,25.5,253,18.124903,98.125389,13,26.54,67.8,990.6,33.185,41.879,1025.481,254,13,33,48,4.175,123.366,0.515,97,4
14,25.6,254,18.124908,98.125397,14,26.54,67.8,988.6,42.527,46.59,1029.045,255,14,34,49,4.174,124.357,0.519,97,4
14,25.7,255,18.124914,98.125404,10,26.54,67.7,986.5,51.436,51.067,1029.963,256,15,20,50,4.174,125.337,0.523,97,4
14,25.8,256,18.12492,98.125412,11,26.55,67.7,984.5,59.82,55.29,1028.15,257,16,21,51,4.174,126.303,0.527,97,4
14,25.9,257,18.124926,98.12542,12,26.55,67.6,982.5,67.595,59.236,1023.773,258,17,22,52,4.174,127.253,0.531,97,4
14,26,258,18.124931,98.125427,13,26.56,67.6,980.5,74.681,62.886,1017.231,259,18,23,53,4.174,128.185,0.535,97,4
14,26.1,259,18.124937,98.125435,14,26.56,67.5,978.5,81.006,66.222,1009.118,260,19,24,54,4.174,129.096,0.539,97,4
14,26.2,260,18.124943,98.125443,10,26.57,67.5,976.4,86.505,69.228,1000.175,261,10,25,35,4.174,129.983,0.543,97,4
14,26.3,261,18.124949,98.12545,11,26.57,67.5,974.4,91.123,71.887,991.215,262,11,26,36,4.174,130.845,0.546,97,4
14,26.4,262,18.124954,98.125458,12,26.58,67.4,972.4,94.812,74.187,983.056,263,12,27,37,4.174,131.68,0.55,97,4
14,26.5,263,18.12496,98.125465,13,26.58,67.4,970.4,97.534,76.117,976.441,264,13,28,38,4.174,132.484,0.553,97,4
14,26.6,264,18.124966,98.125473,14,26.59,67.3,968.4,99.262,77.666,971.972,265,14,29,39,4.173,133.257,0.556,97,4
14,26.7,265,18.124971,98.125481,10,26.59,67.3,966.3,99.979,78.827,970.057,266,15,30,40,4.173,133.996,0.559,97,4
14,26.8,266,18.124977,98.125488,11,26.6,67.2,964.3,99.676,79.594,970.87,267,16,31,41,4.173,134.699,0.562,97,4
14,26.9,267,18.124983,98.125496,12,26.61,67.2,962.3,98.358,79.964,974.337,268,17,32,42,4.173,135.365,0.565,97,4
14,27,268,18.124989,98.125504,13,26.61,67.1,960.3,96.037,79.934,980.142,269,18,33,43,4.173,135.992,0.567,97,4
14,27.1,269,18.124994,98.125511,14,26.62,67.1,958.3,92.737,79.505,987.756,270,19,34,44,4.173,136.578,0.57,96,8
14,27.2,270,18.125,98.125519,10,26.63,67.1,956.2,88.493,78.678,996.486,271,10,20,45,4.173,137.122,0.572,96,8
14,27.3,271,18.125006,98.125526,11,26.63,67,954.2,83.346,77.458,1005.536,272,11,21,46,4.173,137.621,0.574,96,8
14,27.4,272,18.125011,98.125534,12,26.64,67,952.2,77.349,75.852,1014.081,273,12,22,47,4.173,138.077,0.576,96,8
14,27.5,273,18.125017,98.125542,13,26.65,66.9,950.2,70.565,73.866,1021.344,274,13,23,48,4.173,138.485,0.578,96,8
14,27.6,274,18.125023,98.125549,14,26.65,66.9,948.2,63.061,71.511,1026.662,275,14,24,49,4.172,138.847,0.579,96,8
14,27.7,275,18.125029,98.125557,10,26.66,66.8,946.1,54.914,68.799,1029.551,276,15,25,50,4.172,139.161,0.581,96,8
14,27.8,276,18.125034,98.125565,11,26.67,66.8,944.1,46.207,65.743,1029.748,277,16,26,51,4.172,139.426,0.582,96,8
14,27.9,277,18.12504,98.125572,12,26.68,66.7,942.1,37.03,62.359,1027.234,278,17,27,52,4.172,139.641,0.583,96,8
14,28,278,18.125046,98.12558,13,26.68,66.7,940.1,27.475,58.663,1022.239,279,18,28,53,4.172,139.807,0.583,96,8
14,28.1,279,18.125051,98.125587,14,26.69,66.6,938.1,17.641,54.674,1015.218,280,19,29,54,4.172,139.921,0.584,96,8
14,28.2,280,18.125057,98.125595,10,26.7,66.6,936,7.626,50.412,1006.81,281,10,30,35,4.172,139.985,0.584,96,8
14,28.3,281,18.125063,98.125603,11,26.71,66.5,934,-2.466,45.898,997.782,282,11,31,36,4.172,139.998,0.584,96,8
14,28.4,282,18.125069,98.12561,12,26.72,66.5,932,-12.534,41.155,988.956,284,12,32,37,4.172,139.961,0.584,96,8
14,28.5,283,18.125074,98.125618,13,26.72,66.4,930,-22.473,36.206,981.136,285,13,33,38,4.171,139.872,0.583,96,8
14,28.6,284,18.12508,98.125626,14,26.73,66.4,928,-32.183,31.076,975.035,286,14,34,39,4.171,139.732,0.583,96,8
14,28.7,285,18.125086,98.125633,10,26.74,66.3,925.9,-41.566,25.791,971.208,287,15,20,40,4.171,139.542,0.582,96,8
14,28.8,286,18.125092,98.125641,11,26.75,66.3,923.9,-50.525,20.377,970.005,288,16,21,41,4.171,139.303,0.581,96,8
14,28.9,287,18.125097,98.125648,12,26.76,66.2,921.9,-58.968,14.861,971.534,289,17,22,42,4.171,139.014,0.58,96,8
14,29,288,18.125103,98.125656,13,26.77,66.2,919.9,-66.811,9.271,975.657,290,18,23,43,4.171,138.677,0.578,96,8
14,29.1,289,18.125109,98.125664,14,26.78,66.1,917.9,-73.973,3.635,981.998,291,19,24,44,4.171,138.292,0.577,96,8
14,29.2,290,18.125114,98.125671,10,26.79,66.1,915.8,-80.381,-2.02,989.979,292,10,25,45,4.171,137.86,0.575,96,8
14,29.3,291,18.12512,98.125679,11,26.8,66,913.8,-85.969,-7.664,998.872,293,11,26,46,4.171,137.383,0.573,96,8
14,29.4,292,18.125126,98.125687,12,26.8,66,911.8,-90.682,-13.27,1007.869,294,12,27,47,4.171,136.861,0.571,96,8
14,29.5,293,18.125132,98.125694,13,26.81,65.9,909.8,-94.47,-18.81,1016.149,295,13,28,48,4.17,136.297,0.568,96,8
14,29.6,294,18.125137,98.125702,14,26.82,65.9,907.8,-97.295,-24.256,1022.957,296,14,29,49,4.17,135.691,0.566,96,8
14,29.7,295,18.125143,98.12571,10,26.83,65.8,905.7,-99.128,-29.581,1027.674,297,15,30,50,4.17,135.045,0.563,96,8
14,29.8,296,18.125149,98.125717,11,26.84,65.8,903.7,-99.952,-34.757,1029.869,298,16,31,51,4.17,134.361,0.56,96,8
14,29.9,297,18.125154,98.125725,12,26.85,65.7,901.7,-99.756,-39.761,1029.343,299,17,32,52,4.17,133.64,0.557,96,8
14,30,298,18.12516,98.125732,13,26.86,65.7,899.7,-98.544,-44.565,1026.144,300,18,33,53,4.17,132.884,0.554,96,8
14,30.1,299,18.125166,98.12574,14,26.87,65.6,897.7,-96.327,-49.147,1020.563,301,19,34,54,4.17,132.095,0.551,96,8
14,30.2,300,18.125172,98.125748,10,26.88,65.6,895.6,-93.129,-53.483,1013.108,302,10,20,35,4.17,131.276,0.547,96,8
14,30.3,301,18.125177,98.125755,11,26.89,65.5,893.6,-88.981,-57.553,1004.459,303,11,21,36,4.17,130.428,0.544,96,8
14,30.4,302,18.125183,98.125763,12,26.9,65.5,891.6,-83.926,-61.334,995.404,304,12,22,37,4.17,129.553,0.54,96,8
14,30.5,303,18.125189,98.125771,13,26.91,65.4,889.6,-78.016,-64.809,986.767,305,13,23,38,4.169,128.654,0.536,96,8
14,30.6,304,18.125195,98.125778,14,26.92,65.4,887.6,-71.311,-67.96,979.336,306,14,24,39,4.169,127.732,0.533,96,8
14,30.7,305,18.1252,98.125786,10,26.93,65.3,885.5,-63.879,-70.772,973.788,307,15,25,40,4.169,126.791,0.529,96,8
14,30.8,306,18.125206,98.125793,11,26.94,65.3,883.5,-55.796,-73.23,970.628,308,16,26,41,4.169,125.833,0.525,96,8
14,30.9,307,18.125212,98.125801,12,26.95,65.2,881.5,-47.144,-75.323,970.144,309,17,27,42,4.169,124.86,0.521,96,8
14,31,308,18.125217,98.125809,13,26.96,65.2,879.5,-38.012,-77.038,972.38,310,18,28,43,4.169,123.875,0.516,96,8
14,31.1,309,18.125223,98.125816,14,26.97,65.1,877.5,-28.492,-78.369,977.133,311,19,29,44,4.169,122.879,0.512,96,8
14,31.2,310,18.125229,98.125824,10,26.98,65.1,875.4,-18.682,-79.309,983.969,312,10,30,45,4.169,121.876,0.508,96,8
14,31.3,311,18.125235,98.125832,11,26.99,65,873.4,-8.682,-79.852,992.265,313,11,31,46,4.169,120.869,0.504,96,8
14,31.4,312,18.12524,98.125839,12,27,65,871.4,1.407,-79.996,1001.266,314,12,32,47,4.169,119.859,0.5,96,8
14,31.5,313,18.125246,98.125847,13,27.01,64.9,869.4,11.482,-79.741,1010.152,315,13,33,48,4.168,118.85,0.495,96,8
14,31.6,314,18.125252,98.125854,14,27.02,64.9,867.4,21.44,-79.087,1018.113,316,14,34,49,4.168,117.843,0.491,96,8
14,31.7,315,18.125257,98.125862,10,27.03,64.8,865.3,31.179,-78.038,1024.424,317,15,20,50,4.168,116.843,0.487,96,8
14,31.8,316,18.125263,98.12587,11,27.04,64.8,863.3,40.6,-76.599,1028.509,318,16,21,51,4.168,115.85,0.483,96,8
14,31.9,317,18.125269,98.125877,12,27.05,64.7,861.3,49.608,-74.777,1029.997,319,17,22,52,4.168,114.867,0.479,96,8
14,32,318,18.125275,98.125885,13,27.06,64.7,859.3,58.109,-72.582,1028.752,320,18,23,53,4.168,113.898,0.475,96,8
14,32.1,319,18.12528,98.125893,14,27.07,64.6,857.3,66.019,-70.024,1024.888,321,19,24,54,4.168,112.944,0.471,96,8
14,32.2,320,18.125286,98.1259,10,27.08,64.6,855.2,73.256,-67.116,1018.756,322,10,25,35,4.168,112.009,0.467,96,8
14,32.3,321,18.125292,98.125908,11,27.09,64.5,853.2,79.746,-63.873,1010.915,323,11,26,36,4.168,111.094,0.463,96,8
14,32.4,322,18.125298,98.125916,12,27.1,64.5,851.2,85.423,-60.31,1002.08,324,12,27,37,4.168,110.201,0.459,96,8
14,32.5,323,18.125303,98.125923,13,27.11,64.4,849.2,90.23,-56.447,993.055,325,13,28,38,4.167,109.333,0.456,96,8
14,32.6,324,18.125309,98.125931,14,27.12,64.4,847.2,94.117,-52.301,984.663,326,14,29,39,4.167,108.493,0.452,96,8
14,32.7,325,18.125315,98.125938,10,27.13,64.3,845.1,97.045,-47.894,977.668,327,15,30,40,4.167,107.682,0.449,96,8
14,32.8,326,18.12532,98.125946,11,27.14,64.3,843.1,98.983,-43.248,972.708,328,16,31,41,4.167,106.902,0.445,96,8
14,32.9,327,18.125326,98.125954,12,27.15,64.2,841.1,99.913,-38.385,970.235,329,17,32,42,4.167,106.156,0.442,96,8
14,33,328,18.125332,98.125961,13,27.16,64.2,839.1,99.824,-33.331,970.473,330,18,33,43,4.167,105.445,0.439,96,8
14,33.1,329,18.125338,98.125969,14,27.17,64.1,837.1,98.718,-28.11,973.402,331,19,34,44,4.167,104.771,0.437,96,8
14,33.2,330,18.125343,98.125977,10,27.18,64.1,835,96.606,-22.749,978.754,332,10,20,45,4.167,104.136,0.434,96,8
14,33.3,331,18.125349,98.125984,11,27.19,64,833,93.509,-17.275,986.041,333,11,21,46,4.167,103.542,0.431,96,8
14,33.5,332,18.125355,98.125992,12,27.2,64,831,89.459,-11.713,994.601,334,12,22,47,4.167,102.989,0.429,96,8
14,33.6,333,18.12536,98.125999,13,27.21,63.9,829,84.498,-6.094,1003.652,335,13,23,48,4.166,102.48,0.427,96,8
14,33.7,334,18.125366,98.126007,14,27.22,63.9,827,78.675,-0.444,1012.371,336,14,24,49,4.166,102.015,0.425,96,8
14,33.8,335,18.125372,98.126015,10,27.23,63.8,824.9,72.05,5.209,1019.962,337,15,25,50,4.166,101.596,0.423,96,8
14,33.9,336,18.125378,98.126022,11,27.23,63.8,822.9,64.691,10.835,1025.735,338,16,26,51,4.166,101.225,0.422,96,8
14,34,337,18.125383,98.12603,12,27.24,63.7,820.9,56.672,16.407,1029.163,339,17,27,52,4.166,100.901,0.42,96,8
14,34.1,338,18.125389,98.126038,13,27.25,63.7,818.9,48.076,21.897,1029.934,340,18,28,53,4.166,100.626,0.419,96,8
14,34.2,339,18.125395,98.126045,14,27.26,63.6,816.9,38.99,27.278,1027.978,341,19,29,54,4.166,100.4,0.418,96,8
14,34.3,340,18.125401,98.126053,10,27.27,63.6,814.8,29.506,32.523,1023.473,342,10,30,35,4.166,100.224,0.418,96,8
14,34.4,341,18.125406,98.12606,11,27.28,63.5,812.8,19.722,37.605,1016.829,343,11,31,36,4.166,100.098,0.417,96,8
14,34.5,342,18.125412,98.126068,12,27.29,63.5,810.8,9.737,42.499,1008.652,344,12,32,37,4.166,100.024,0.417,96,8
14,34.6,343,18.125418,98.126076,13,27.29,63.5,808.8,-0.348,47.18,999.687,345,13,33,38,4.165,100,0.417,96,8
14,34.7,344,18.125423,98.126083,14,27.3,63.4,806.8,-10.429,51.626,990.75,346,14,34,39,4.165,100.027,0.417,96,8
14,34.8,345,18.125429,98.126091,10,27.31,63.4,804.7,-20.404,55.814,982.656,347,15,20,40,4.165,100.105,0.417,96,8
14,34.9,346,18.125435,98.126099,11,27.32,63.3,802.7,-30.17,59.724,976.142,348,16,21,41,4.165,100.234,0.417,96,8
14,35,347,18.125441,98.126106,12,27.33,63.3,800.7,-39.63,63.334,971.802,349,17,22,42,4.165,100.414,0.418,96,8
14,35.1,348,18.125446,98.126114,13,27.33,63.2,798.7,-48.685,66.629,970.031,350,18,23,43,4.165,100.643,0.419,96,8
14,35.2,349,18.125452,98.126122,14,27.34,63.2,796.7,-57.244,69.59,970.99,351,19,24,44,4.165,100.922,0.42,96,8
14,35.3,350,18.125458,98.126129,10,27.35,63.1,794.6,-65.22,72.204,974.593,352,10,25,45,4.165,101.249,0.422,96,8
14,35.4,351,18.125463,98.126137,11,27.36,63.1,792.6,-72.531,74.457,980.51,353,11,26,46,4.165,101.624,0.423,96,8
14,35.5,352,18.125469,98.126144,12,27.36,63,790.6,-79.102,76.338,988.203,354,12,27,47,4.165,102.046,0.425,96,8
14,35.6,353,18.125475,98.126152,13,27.37,63,788.6,-84.868,77.837,996.971,355,13,28,48,4.164,102.513,0.427,96,8
14,35.7,354,18.125481,98.12616,14,27.38,62.9,786.6,-89.768,78.948,1006.015,356,14,29,49,4.164,103.026,0.429,96,8
14,35.8,355,18.125486,98.126167,10,27.38,62.9,784.5,-93.754,79.664,1014.51,357,15,30,50,4.164,103.581,0.431,96,8
14,35.9,356,18.125492,98.126175,11,27.39,62.8,782.5,-96.784,79.982,1021.684,358,16,31,51,4.164,104.179,0.434,96,8
14,36,357,18.125498,98.126183,12,27.4,62.8,780.5,-98.827,79.901,1026.882,359,17,32,52,4.164,104.816,0.436,96,8
14,36.1,358,18.125504,98.12619,13,27.4,62.8,778.5,-99.863,79.42,1029.631,0,18,33,53,4.164,105.493,0.439,95,8
14,36.2,359,18.125509,98.126198,14,27.41,62.7,776.5,-99.882,78.543,1029.681,1,19,34,54,4.164,106.206,0.442,95,8
14,36.3,360,18.125515,98.126205,10,27.41,62.7,774.4,-98.882,77.273,1027.026,2,10,20,35,4.164,106.955,0.445,95,8
14,36.4,361,18.125521,98.126213,11,27.42,62.6,772.4,-96.874,75.617,1021.908,3,11,21,36,4.164,107.737,0.449,95,8
14,36.5,362,18.125526,98.126221,12,27.42,62.6,770.4,-93.879,73.583,1014.795,4,12,22,37,4.164,108.55,0.452,95,8
14,36.6,363,18.125532,98.126228,13,27.43,62.5,768.4,-89.928,71.181,1006.334,5,13,23,38,4.163,109.392,0.455,95,8
14,36.7,364,18.125538,98.126236,14,27.43,62.5,766.4,-85.059,68.424,997.296,6,14,24,39,4.163,110.262,0.459,95,8
14,36.8,365,18.125544,98.126244,10,27.44,62.4,764.3,-79.324,65.325,988.504,7,15,25,40,4.163,111.156,0.463,95,8
14,36.9,366,18.125549,98.126251,11,27.44,62.4,762.3,-72.78,61.9,980.76,8,16,26,41,4.163,112.073,0.467,95,8
14,37,367,18.125555,98.126259,12,27.45,62.4,760.3,-65.495,58.165,974.768,9,17,27,42,4.163,113.01,0.47,95,8
14,37.1,368,18.125561,98.126266,13,27.45,62.3,758.3,-57.542,54.14,971.075,10,18,28,43,4.163,113.964,0.474,95,8
14,37.2,369,18.125566,98.126274,14,27.46,62.3,756.3,-49.002,49.844,970.018,11,19,29,44,4.163,114.935,0.478,95,8
14,37.3,370,18.125572,98.126282,10,27.46,62.2,754.2,-39.963,45.299,971.692,12,10,30,45,4.163,115.918,0.483,95,8
14,37.4,371,18.125578,98.126289,11,27.47,62.2,752.2,-30.517,40.528,975.945,13,11,31,46,4.163,116.911,0.487,95,8
14,37.5,372,18.125584,98.126297,12,27.47,62.1,750.2,-20.759,35.554,982.39,14,12,32,47,4.163,117.913,0.491,95,8
14,37.6,373,18.125589,98.126305,13,27.47,62.1,748.2,-10.79,30.403,990.44,15,13,33,48,4.162,118.919,0.495,95,8
14,37.7,374,18.125595,98.126312,14,27.48,62.1,746.2,-0.711,25.1,999.36,16,14,34,49,4.162,119.929,0.499,95,8
14,37.8,375,18.125601,98.12632,10,27.48,62,744.1,9.375,19.671,1008.339,17,15,20,50,4.162,120.939,0.503,95,8
14,37.9,376,18.125607,98.126328,11,27.48,62,742.1,19.366,14.144,1016.558,18,16,21,51,4.162,121.946,0.508,95,8
14,38,377,18.125612,98.126335,12,27.48,61.9,740.1,29.159,8.547,1023.268,19,17,22,52,4.162,122.948,0.512,95,8
14,38.1,378,18.125618,98.126343,13,27.49,61.9,738.1,38.655,2.906,1027.859,20,18,23,53,4.162,123.943,0.516,95,8
14,38.2,379,18.125624,98.12635,14,27.49,61.9,736.1,47.757,-2.748,1029.911,21,19,24,54,4.162,124.928,0.52,95,8
14,38.3,380,18.125629,98.126358,10,27.49,61.8,734,56.372,-8.39,1029.238,22,10,25,35,4.162,125.9,0.524,95,8
14,38.4,381,18.125635,98.126366,11,27.49,61.8,732,64.413,-13.989,1025.901,23,11,26,36,4.162,126.857,0.528,95,8
14,38.5,382,18.125641,98.126373,12,27.49,61.7,730,71.797,-19.518,1020.205,25,12,27,37,4.161,127.797,0.532,95,8
14,38.6,383,18.125647,98.126381,13,27.5,61.7,728,78.45,-24.95,1012.667,26,13,28,38,4.161,128.716,0.536,95,8
14,38.7,384,18.125652,98.126389,14,27.5,61.7,726,84.303,-30.257,1003.976,27,14,29,39,4.161,129.614,0.539,95,8
14,38.8,385,18.125658,98.126396,10,27.5,61.6,723.9,89.296,-35.413,994.922,28,15,30,40,4.161,130.487,0.543,95,8
14,38.9,386,18.125664,98.126404,11,27.5,61.6,721.9,93.38,-40.392,986.331,29,16,31,41,4.161,131.333,0.546,95,8
14,39,387,18.125669,98.126411,12,27.5,61.6,719.9,96.512,-45.169,978.986,30,17,32,42,4.161,132.151,0.55,95,8
14,39.1,388,18.125675,98.126419,13,27.5,61.5,717.9,98.66,-49.72,973.555,31,18,33,43,4.161,132.937,0.553,95,8
14,39.2,389,18.125681,98.126427,14,27.5,61.5,715.9,99.802,-54.024,970.533,32,19,34,44,4.161,133.69,0.556,95,8
14,39.3,390,18.125687,98.126434,10,27.5,61.5,713.8,99.927,-58.057,970.196,33,10,20,45,4.161,134.409,0.559,95,8
14,39.4,391,18.125692,98.126442,11,27.5,61.4,711.8,99.034,-61.8,972.574,34,11,21,46,4.161,135.091,0.562,95,8
14,39.5,392,18.125698,98.12645,12,27.5,61.4,709.8,97.132,-65.234,977.451,35,12,22,47,4.16,135.734,0.565,95,8
14,39.6,393,18.125704,98.126457,13,27.5,61.3,707.8,94.239,-68.342,984.383,36,13,23,48,4.16,136.337,0.567,95,8
14,39.7,394,18.12571,98.126465,14,27.5,61.3,705.8,90.386,-71.109,992.737,37,14,24,49,4.16,136.899,0.57,95,8
14,39.8,395,18.125715,98.126472,10,27.5,61.3,703.7,85.612,-73.521,1001.753,38,15,25,50,4.16,137.417,0.572,95,8
14,39.9,396,18.125721,98.12648,11,27.5,61.2,701.7,79.964,-75.565,1010.61,39,16,26,51,4.16,137.891,0.574,95,8
14,40,397,18.125727,98.126488,12,27.49,61.2,699.7,73.503,-77.232,1018.499,40,17,27,52,4.16,138.32,0.575,95,8
14,40.1,398,18.125732,98.126495,13,27.49,61.2,697.7,66.291,-78.513,1024.704,41,18,28,53,4.16,138.701,0.577,95,8
14,40.2,399,18.125738,98.126503,14,27.49,61.1,695.7,58.405,-79.401,1028.657,42,19,29,54,4.16,139.035,0.578,95,8
14,40.3,400,18.125744,98.126511,10,27.49,61.1,693.6,49.922,-79.893,1030,43,10,30,35,4.16,139.321,0.58,95,8
14,40.4,401,18.12575,98.126518,11,27.49,61.1,691.6,40.932,-79.986,1028.609,44,11,31,36,4.16,139.557,0.58,95,8
14,40.5,402,18.125755,98.126526,12,27.48,61.1,689.6,31.523,-79.679,1024.612,45,12,32,37,4.159,139.743,0.581,95,8
14,40.6,403,18.125761,98.126534,13,27.48,61,687.6,21.794,-78.974,1018.373,46,13,33,38,4.159,139.879,0.582,95,8
14,40.7,404,18.125767,98.126541,14,27.48,61,685.6,11.843,-77.874,1010.459,47,14,34,39,4.159,139.965,0.582,95,8
14,40.8,405,18.125772,98.126549,10,27.48,61,683.5,1.77,-76.385,1001.592,48,15,20,40,4.159,139.999,0.582,95,8
14,40.9,406,18.125778,98.126556,11,27.47,60.9,681.5,-8.32,-74.515,992.581,49,16,21,41,4.159,139.983,0.582,95,8
14,41,407,18.125784,98.126564,12,27.47,60.9,679.5,-18.326,-72.272,984.245,50,17,22,42,4.159,139.915,0.582,95,8
14,41.1,408,18.12579,98.126572,13,27.47,60.9,677.5,-28.144,-69.668,977.345,51,18,23,43,4.159,139.797,0.581,95,8
14,41.2,409,18.125795,98.126579,14,27.46,60.8,675.5,-37.676,-66.716,972.509,52,19,24,44,4.159,139.628,0.581,95,8
14,41.3,410,18.125801,98.126587,10,27.46,60.8,673.4,-46.824,-63.431,970.178,53,10,25,45,4.159,139.409,0.58,95,8
14,41.4,411,18.125807,98.126595,11,27.45,60.8,671.4,-55.494,-59.829,970.563,54,11,26,46,4.159,139.141,0.579,95,8
14,41.5,412,18.125813,98.126602,12,27.45,60.8,669.4,-63.599,-55.928,973.631,55,12,27,47,4.158,138.824,0.577,95,8
14,41.6,413,18.125818,98.12661,13,27.45,60.7,667.4,-71.056,-51.747,979.101,56,13,28,48,4.158,138.459,0.576,95,8
14,41.7,414,18.125824,98.126617,14,27.44,60.7,665.4,-77.789,-47.308,986.475,57,14,29,49,4.158,138.047,0.574,95,8
14,41.8,415,18.12583,98.126625,10,27.44,60.7,663.3,-83.728,-42.632,995.081,58,15,30,50,4.158,137.588,0.572,95,8
14,41.9,416,18.125835,98.126633,11,27.43,60.7,661.3,-88.815,-37.744,1004.135,59,16,31,51,4.158,137.085,0.57,95,8
14,42,417,18.125841,98.12664,12,27.43,60.6,659.3,-92.996,-32.667,1012.813,60,17,32,52,4.158,136.539,0.568,95,8
14,42.1,418,18.125847,98.126648,13,27.42,60.6,657.3,-96.229,-27.426,1020.324,61,18,33,53,4.158,135.95,0.565,95,8
14,42.2,419,18.125853,98.126656,14,27.41,60.6,655.3,-98.481,-22.049,1025.982,62,19,34,54,4.158,135.321,0.563,95,8
14,42.3,420,18.125858,98.126663,10,27.41,60.6,653.2,-99.73,-16.562,1029.274,63,10,20,35,4.158,134.652,0.56,95,8
14,42.4,421,18.125864,98.126671,11,27.4,60.5,651.2,-99.962,-10.992,1029.898,64,11,21,36,4.158,133.946,0.557,95,8
14,42.5,422,18.12587,98.126678,12,27.4,60.5,649.2,-99.176,-5.366,1027.798,65,12,22,37,4.157,133.205,0.554,95,8
14,42.6,423,18.125875,98.126686,13,27.39,60.5,647.2,-97.378,0.286,1023.166,66,13,23,38,4.157,132.43,0.551,95,8
14,42.7,424,18.125881,98.126694,14,27.38,60.5,645.2,-94.588,5.936,1016.423,67,14,24,39,4.157,131.623,0.547,95,8
14,42.8,425,18.125887,98.126701,10,27.38,60.5,643.1,-90.834,11.557,1008.184,68,15,25,40,4.157,130.787,0.544,95,8
14,42.9,426,18.125893,98.126709,11,27.37,60.4,641.1,-86.154,17.12,999.199,69,16,26,41,4.157,129.923,0.54,95,8
14,43,427,18.125898,98.126717,12,27.36,60.4,639.1,-80.596,22.598,990.287,70,17,27,42,4.157,129.034,0.536,95,8
14,43.1,428,18.125904,98.126724,13,27.36,60.4,637.1,-74.217,27.962,982.26,71,18,28,43,4.157,128.121,0.533,95,8
14,43.2,429,18.12591,98.126732,14,27.35,60.4,635.1,-67.081,33.187,975.85,72,19,29,44,4.157,127.188,0.529,95,8
14,43.3,430,18.125916,98.12674,10,27.34,60.4,633,-59.261,38.247,971.639,73,10,30,45,4.157,126.237,0.525,95,8
14,43.4,431,18.125921,98.126747,11,27.34,60.3,631,-50.837,43.115,970.013,74,11,31,46,4.157,125.27,0.521,95,8
14,43.5,432,18.125927,98.126755,12,27.33,60.3,629,-41.896,47.767,971.118,75,12,32,47,4.156,124.289,0.517,95,8
14,43.7,433,18.125933,98.126762,13,27.32,60.3,627,-32.527,52.181,974.855,76,13,33,48,4.156,123.298,0.512,95,8
14,43.8,434,18.125938,98.12677,14,27.31,60.3,625,-22.827,56.334,980.883,77,14,34,49,4.156,122.298,0.508,95,8
14,43.9,435,18.125944,98.126778,10,27.3,60.3,622.9,-12.894,60.206,988.653,78,15,20,50,4.156,121.292,0.504,95,8
14,44,436,18.12595,98.126785,11,27.3,60.2,620.9,-2.829,63.777,997.456,79,16,21,51,4.156,120.283,0.5,95,8
14,44.1,437,18.125956,98.126793,12,27.29,60.2,618.9,7.264,67.03,1006.492,80,17,22,52,4.156,119.273,0.496,95,8
14,44.2,438,18.125961,98.126801,13,27.28,60.2,616.9,17.283,69.947,1014.935,81,18,23,53,4.156,118.265,0.491,95,8
14,44.3,439,18.125967,98.126808,14,27.27,60.2,614.9,27.126,72.515,1022.018,82,19,24,54,4.156,117.262,0.487,95,8
14,44.4,440,18.125973,98.126816,10,27.26,60.2,612.8,36.693,74.721,1027.095,83,10,25,35,4.156,116.265,0.483,95,8
14,44.5,441,18.125978,98.126823,11,27.25,60.2,610.8,45.885,76.553,1029.704,84,11,26,36,4.156,115.278,0.479,95,8
14,44.6,442,18.125984,98.126831,12,27.25,60.2,608.8,54.61,78.003,1029.606,85,12,27,37,4.155,114.303,0.475,95,8
14,44.7,443,18.12599,98.126839,13,27.24,60.2,606.8,62.778,79.063,1026.81,86,13,28,38,4.155,113.342,0.471,95,8
14,44.8,444,18.125996,98.126846,14,27.23,60.1,604.8,70.307,79.728,1021.572,87,14,29,39,4.155,112.399,0.467,95,8
14,44.9,445,18.126001,98.126854,10,27.22,60.1,602.7,77.119,79.994,1014.369,88,15,30,40,4.155,111.475,0.463,95,8
14,45,446,18.126007,98.126862,11,27.21,60.1,600.7,83.145,79.861,1005.857,89,16,31,41,4.155,110.572,0.459,95,8
14,45.1,447,18.126013,98.126869,12,27.2,60.1,598.7,88.323,79.329,996.811,90,17,32,42,4.155,109.694,0.456,94,8
14,45.2,448,18.126019,98.126877,13,27.19,60.1,596.7,92.601,78.401,988.055,91,18,33,43,4.155,108.842,0.452,94,8
14,45.3,449,18.126024,98.126884,14,27.18,60.1,594.7,95.935,77.081,980.388,92,19,34,44,4.155,108.018,0.449,94,8
14,45.4,450,18.12603,98.126892,10,27.17,60.1,592.6,98.292,75.376,974.507,93,10,20,45,4.155,107.225,0.445,94,8
14,45.5,451,18.126036,98.1269,11,27.16,60.1,590.6,99.647,73.294,970.95,94,11,21,46,4.155,106.465,0.442,94,8
14,45.6,452,18.126041,98.126907,12,27.15,60.1,588.6,99.986,70.846,970.039,95,12,22,47,4.154,105.739,0.439,94,8
14,45.7,453,18.126047,98.126915,13,27.14,60.1,586.6,99.306,68.044,971.857,96,13,23,48,4.154,105.049,0.436,94,8
14,45.8,454,18.126053,98.126923,14,27.13,60,584.6,97.614,64.902,976.24,97,14,24,49,4.154,104.398,0.434,94,8
14,45.9,455,18.126059,98.12693,10,27.12,60,582.5,94.926,61.435,982.788,98,15,25,50,4.154,103.786,0.431,94,8
14,46,456,18.126064,98.126938,11,27.11,60,580.5,91.272,57.662,990.903,99,16,26,51,4.154,103.216,0.429,94,8
14,46.1,457,18.12607,98.126945,12,27.1,60,578.5,86.687,53.601,999.848,100,17,27,52,4.154,102.688,0.427,94,8
14,46.2,458,18.126076,98.126953,13,27.09,60,576.5,81.219,49.272,1008.806,101,18,28,53,4.154,102.205,0.425,94,8
14,46.3,459,18.126081,98.126961,14,27.08,60,574.5,74.922,44.696,1016.962,102,19,29,54,4.154,101.766,0.423,94,8
14,46.4,460,18.126087,98.126968,10,27.07,60,572.4,67.863,39.898,1023.573,103,10,30,35,4.154,101.375,0.421,94,8
14,46.5,461,18.126093,98.126976,11,27.06,60,570.4,60.111,34.9,1028.036,104,11,31,36,4.154,101.031,0.42,94,8
14,46.6,462,18.126099,98.126984,12,27.05,60,568.4,51.747,29.727,1029.944,105,12,32,37,4.153,100.735,0.418,94,8
14,46.7,463,18.126104,98.126991,13,27.04,60,566.4,42.855,24.406,1029.125,106,13,33,38,4.153,100.488,0.417,94,8
14,46.8,464,18.12611,98.126999,14,27.03,60,564.4,33.527,18.964,1025.652,107,14,34,39,4.153,100.292,0.417,94,8
14,46.9,465,18.126116,98.127007,10,27.02,60,562.3,23.857,13.426,1019.842,108,15,20,40,4.153,100.145,0.416,94,8
14,47,466,18.126122,98.127014,11,27.01,60,560.3,13.943,7.821,1012.224,109,16,21,41,4.153,100.049,0.416,94,8
14,47.1,467,18.126127,98.127022,12,27,60,558.3,3.888,2.178,1003.492,110,17,22,42,4.153,100.004,0.415,94,8
14,47.2,468,18.126133,98.127029,13,26.99,60,556.3,-6.207,-3.477,994.442,111,18,23,43,4.153,100.01,0.415,94,8
14,47.3,469,18.126139,98.127037,14,26.98,60,554.3,-16.239,-9.114,985.899,112,19,24,44,4.153,100.066,0.416,94,8
14,47.4,470,18.126144,98.127045,10,26.97,60,552.2,-26.105,-14.706,978.64,113,10,25,45,4.153,100.174,0.416,94,8
14,47.5,471,18.12615,98.127052,11,26.96,60,550.2,-35.705,-20.224,973.328,114,11,26,46,4.153,100.332,0.417,94,8
14,47.6,472,18.126156,98.12706,12,26.95,60,548.2,-44.941,-25.642,970.445,115,12,27,47,4.152,100.541,0.417,94,8
14,47.7,473,18.126162,98.127068,13,26.94,60,546.2,-53.72,-30.931,970.255,116,13,28,48,4.152,100.799,0.419,94,8
14,47.8,474,18.126167,98.127075,14,26.93,60,544.2,-61.95,-36.065,972.776,117,14,29,49,4.152,101.106,0.42,94,8
14,47.9,475,18.126173,98.127083,10,26.92,60,542.1,-69.55,-41.02,977.776,118,15,30,50,4.152,101.461,0.421,94,8
14,48,476,18.126179,98.12709,11,26.91,60,540.1,-76.44,-45.769,984.801,119,16,31,51,4.152,101.863,0.423,94,8
14,48.1,477,18.126184,98.127098,12,26.9,60,538.1,-82.551,-50.29,993.212,120,17,32,52,4.152,102.312,0.425,94,8
14,48.2,478,18.12619,98.127106,13,26.89,60,536.1,-87.821,-54.559,1002.24,121,18,33,53,4.152,102.805,0.427,94,8
14,48.3,479,18.126196,98.127113,14,26.88,60,534.1,-92.196,-58.556,1011.065,122,19,34,54,4.152,103.343,0.429,94,8
14,48.4,480,18.126202,98.127121,10,26.87,60,532,-95.631,-62.26,1018.881,123,10,20,35,4.152,103.923,0.431,94,8
14,48.5,481,18.126207,98.127129,11,26.86,60,530,-98.091,-65.653,1024.977,124,11,21,36,4.152,104.544,0.434,94,8
14,48.6,482,18.126213,98.127136,12,26.85,60.1,528,-99.552,-68.718,1028.798,126,12,22,37,4.151,105.204,0.437,94,8
14,48.7,483,18.126219,98.127144,13,26.84,60.1,526,-99.998,-71.44,1029.995,127,13,23,38,4.151,105.903,0.44,94,8
14,48.8,484,18.126225,98.127151,14,26.84,60.1,524,-99.425,-73.805,1028.459,128,14,24,39,4.151,106.637,0.443,94,8
14,48.9,485,18.12623,98.127159,10,26.83,60.1,521.9,-97.838,-75.801,1024.33,129,15,25,40,4.151,107.405,0.446,94,8
14,49,486,18.126236,98.127167,11,26.82,60.1,519.9,-95.254,-77.419,1017.984,130,16,26,41,4.151,108.205,0.449,94,8
14,49.1,487,18.126242,98.127174,12,26.81,60.1,517.9,-91.7,-78.649,1010,131,17,27,42,4.151,109.035,0.453,94,8
14,49.2,488,18.126247,98.127182,13,26.8,60.1,515.9,-87.21,-79.487,1001.105,132,18,28,43,4.151,109.894,0.456,94,8
14,49.3,489,18.126253,98.12719,14,26.79,60.1,513.9,-81.832,-79.927,992.11,133,19,29,44,4.151,110.778,0.46,94,8
14,49.4,490,18.126259,98.127197,10,26.78,60.1,511.8,-75.62,-79.968,983.833,134,10,30,45,4.151,111.685,0.464,94,8
14,49.5,491,18.126265,98.127205,11,26.77,60.1,509.8,-68.637,-79.61,977.029,135,11,31,46,4.15,112.614,0.467,94,8
14,49.6,492,18.12627,98.127213,12,26.76,60.2,507.8,-60.954,-78.854,972.318,136,12,32,47,4.15,113.562,0.471,94,8
14,49.7,493,18.126276,98.12722,13,26.75,60.2,505.8,-52.65,-77.704,970.129,137,13,33,48,4.15,114.526,0.475,94,8
14,49.8,494,18.126282,98.127228,14,26.74,60.2,503.8,-43.81,-76.165,970.661,138,14,34,49,4.15,115.504,0.479,94,8
14,49.9,495,18.126287,98.127235,10,26.74,60.2,501.7,-34.523,-74.246,973.867,139,15,20,50,4.15,116.493,0.483,94,8
14,50,496,18.126293,98.127243,11,26.73,60.2,499.7,-24.884,-71.956,979.453,140,16,21,51,4.15,117.492,0.488,94,8
14,50.1,497,18.126299,98.127251,12,26.72,60.2,497.7,-14.991,-69.307,986.912,141,17,22,52,4.15,118.497,0.492,94,8
14,50.2,498,18.126305,98.127258,13,26.71,60.2,495.7,-4.946,-66.311,995.563,142,18,23,53,4.15,119.505,0.496,94,8
14,50.3,499,18.12631,98.127266,14,26.7,60.3,493.7,5.15,-62.984,1004.618,143,19,24,54,4.15,120.515,0.5,94,8
14,50.4,500,18.126316,98.127274,10,26.69,60.3,491.6,15.193,-59.342,1013.253,144,10,25,35,4.15,121.524,0.504,94,8
14,50.5,501,18.126322,98.127281,11,26.69,60.3,489.6,25.081,-55.404,1020.68,145,11,26,36,4.149,122.528,0.508,94,8
14,50.6,502,18.126328,98.127289,12,26.68,60.3,487.6,34.714,-51.189,1026.223,146,12,27,37,4.149,123.527,0.513,94,8
14,50.7,503,18.126333,98.127296,13,26.67,60.3,485.6,43.993,-46.718,1029.376,147,13,28,38,4.149,124.516,0.517,94,8
14,50.8,504,18.126339,98.127304,14,26.66,60.3,483.6,52.823,-42.014,1029.854,148,14,29,39,4.149,125.494,0.521,94,8
14,50.9,505,18.126345,98.127312,10,26.66,60.4,481.5,61.115,-37.099,1027.611,149,15,30,40,4.149,126.457,0.525,94,8
14,51,506,18.12635,98.127319,11,26.65,60.4,479.5,68.784,-32,1022.853,150,16,31,41,4.149,127.405,0.529,94,8
14,51.1,507,18.126356,98.127327,12,26.64,60.4,477.5,75.753,-26.74,1016.013,151,17,32,42,4.149,128.333,0.532,94,8
14,51.2,508,18.126362,98.127335,13,26.63,60.4,475.5,81.949,-21.347,1007.713,152,18,33,43,4.149,129.24,0.536,94,8
14,51.3,509,18.126368,98.127342,14,26.63,60.4,473.5,87.31,-15.848,998.711,153,19,34,44,4.149,130.124,0.54,94,8
14,51.4,510,18.126373,98.12735,10,26.62,60.5,471.4,91.781,-10.269,989.827,154,10,20,45,4.149,130.982,0.543,94,8
14,51.5,511,18.126379,98.127357,11,26.61,60.5,469.4,95.316,-4.639,981.869,155,11,21,46,4.148,131.811,0.547,94,8
14,51.6,512,18.126385,98.127365,12,26.61,60.5,467.4,97.88,1.015,975.563,156,12,22,47,4.148,132.611,0.55,94,8
14,51.7,513,18.12639,98.127373,13,26.6,60.5,465.4,99.446,6.663,971.484,157,13,23,48,4.148,133.378,0.553,94,8
14,51.8,514,18.126396,98.12738,14,26.6,60.5,463.4,99.999,12.278,970.002,158,14,24,49,4.148,134.112,0.556,94,8
14,51.9,515,18.126402,98.127388,10,26.59,60.6,461.3,99.533,17.832,971.254,159,15,25,50,4.148,134.809,0.559,94,8
14,52,516,18.126408,98.127396,11,26.58,60.6,459.3,98.052,23.296,975.125,160,16,26,51,4.148,135.469,0.562,94,8
14,52.1,517,18.126413,98.127403,12,26.58,60.6,457.3,95.571,28.644,981.262,161,17,27,52,4.148,136.089,0.564,94,8
14,52.2,518,18.126419,98.127411,13,26.57,60.6,455.3,92.117,33.849,989.106,162,18,28,53,4.148,136.668,0.567,94,8
14,52.3,519,18.126425,98.127419,14,26.57,60.7,453.3,87.724,38.886,997.943,163,19,29,54,4.148,137.205,0.569,94,8
14,52.4,520,18.126431,98.127426,10,26.56,60.7,451.2,82.436,43.727,1006.967,164,10,30,35,4.148,137.698,0.571,94,8
14,52.5,521,18.126436,98.127434,11,26.56,60.7,449.2,76.309,48.35,1015.356,165,11,31,36,4.147,138.146,0.573,94,8
14,52.6,522,18.126442,98.127441,12,26.55,60.7,447.2,69.403,52.732,1022.347,166,12,32,37,4.147,138.547,0.575,94,8
14,52.7,523,18.126448,98.127449,13,26.55,60.8,445.2,61.79,56.85,1027.301,167,13,33,38,4.147,138.901,0.576,94,8
14,52.8,524,18.126453,98.127457,14,26.54,60.8,443.2,53.548,60.684,1029.768,168,14,34,39,4.147,139.207,0.577,94,8
14,52.9,525,18.126459,98.127464,10,26.54,60.8,441.1,44.76,64.215,1029.523,169,15,20,40,4.147,139.464,0.578,94,8
14,53,526,18.126465,98.127472,11,26.54,60.9,439.1,35.515,67.425,1026.588,170,16,21,41,4.147,139.671,0.579,94,8
14,53.1,527,18.126471,98.12748,12,26.53,60.9,437.1,25.908,70.298,1021.231,171,17,22,42,4.147,139.829,0.58,94,8
14,53.2,528,18.126476,98.127487,13,26.53,60.9,435.1,16.038,72.82,1013.939,172,18,23,43,4.147,139.935,0.58,94,8
14,53.3,529,18.126482,98.127495,14,26.53,60.9,433.1,6.004,74.978,1005.378,173,19,24,44,4.147,139.991,0.58,94,8
14,53.4,530,18.126488,98.127502,10,26.52,61,431,-4.092,76.761,996.326,174,10,25,45,4.147,139.996,0.58,94,8
14,53.5,531,18.126493,98.12751,11,26.52,61,429,-14.145,78.161,987.609,175,11,26,46,4.146,139.95,0.58,94,8
14,53.7,532,18.126499,98.127518,12,26.52,61,427,-24.054,79.171,980.021,176,12,27,47,4.146,139.853,0.58,94,8
14,53.8,533,18.126505,98.127525,13,26.51,61.1,425,-33.718,79.785,974.254,177,13,28,48,4.146,139.705,0.579,94,8
14,53.9,534,18.126511,98.127533,14,26.51,61.1,423,-43.039,80,970.832,178,14,29,49,4.146,139.507,0.578,94,8
14,54,535,18.126516,98.127541,10,26.51,61.1,420.9,-51.921,79.815,970.067,179,15,30,50,4.146,139.26,0.577,94,8
14,54.1,536,18.126522,98.127548,11,26.51,61.2,418.9,-60.274,79.232,972.03,180,16,31,51,4.146,138.963,0.576,93,8
14,54.2,537,18.126528,98.127556,12,26.51,61.2,416.9,-68.012,78.253,976.541,181,17,32,52,4.146,138.618,0.575,93,8
14,54.3,538,18.126534,98.127563,13,26.51,61.2,414.9,-75.057,76.882,983.189,182,18,33,53,4.146,138.225,0.573,93,8
14,54.4,539,18.126539,98.127571,14,26.5,61.3,412.9,-81.337,75.128,991.369,183,19,34,54,4.146,137.786,0.571,93,8
14,54.5,540,18.126545,98.127579,10,26.5,61.3,410.8,-86.788,72.998,1000.335,184,10,20,35,4.146,137.302,0.569,93,8
14,54.6,541,18.126551,98.127586,11,26.5,61.3,408.8,-91.355,70.504,1009.271,185,11,21,36,4.145,136.773,0.567,93,8
14,54.7,542,18.126556,98.127594,12,26.5,61.4,406.8,-94.99,67.657,1017.362,186,12,22,37,4.145,136.202,0.565,93,8
14,54.8,543,18.126562,98.127602,13,26.5,61.4,404.8,-97.658,64.473,1023.871,187,13,23,38,4.145,135.59,0.562,93,8
14,54.9,544,18.126568,98.127609,14,26.5,61.4,402.8,-99.329,60.966,1028.206,188,14,24,39,4.145,134.937,0.559,93,8
14,55,545,18.126574,98.127617,10,26.5,61.5,400.7,-99.989,57.154,1029.97,189,15,25,40,4.145,134.247,0.556,93,8
14,55.1,546,18.126579,98.127625,11,26.5,61.5,398.7,-99.629,53.057,1029.004,190,16,26,41,4.145,133.52,0.553,93,8
14,55.2,547,18.126585,98.127632,12,26.5,61.5,396.7,-98.254,48.695,1025.396,191,17,27,42,4.145,132.759,0.55,93,8
14,55.3,548,18.126591,98.12764,13,26.5,61.6,394.7,-95.878,44.09,1019.473,192,18,28,43,4.145,131.965,0.547,93,8
14,55.4,549,18.126596,98.127647,14,26.5,61.6,392.7,-92.524,39.264,1011.777,193,19,29,44,4.145,131.141,0.544,93,8
14,55.5,550,18.126602,98.127655,10,26.5,61.6,390.6,-88.227,34.242,1003.008,194,10,30,45,4.145,130.288,0.54,93,8
14,55.6,551,18.126608,98.127663,11,26.5,61.7,388.6,-83.031,29.049,993.964,195,11,31,46,4.144,129.41,0.536,93,8
14,55.7,552,18.126614,98.12767,12,26.5,61.7,386.6,-76.989,23.711,985.47,196,12,32,47,4.144,128.507,0.533,93,8
14,55.8,553,18.126619,98.127678,13,26.51,61.8,384.6,-70.162,18.254,978.301,197,13,33,48,4.144,127.582,0.529,93,8
14,55.9,554,18.126625,98.127686,14,26.51,61.8,382.6,-62.62,12.707,973.108,198,14,34,49,4.144,126.638,0.525,93,8
14,56,555,18.126631,98.127693,10,26.51,61.8,380.5,-54.44,7.095,970.365,199,15,20,50,4.144,125.678,0.521,93,8
14,56.1,556,18.126637,98.127701,11,26.51,61.9,378.5,-45.704,1.449,970.323,200,16,21,51,4.144,124.702,0.517,93,8
14,56.2,557,18.126642,98.127708,12,26.51,61.9,376.5,-36.503,-4.205,972.984,201,17,22,52,4.144,123.715,0.513,93,8
14,56.3,558,18.126648,98.127716,13,26.52,62,374.5,-26.93,-9.838,978.107,202,18,23,53,4.144,122.718,0.509,93,8
14,56.4,559,18.126654,98.127724,14,26.52,62,372.5,-17.083,-15.422,985.224,203,19,24,54,4.144,121.715,0.504,93,8
14,56.5,560,18.126659,98.127731,10,26.52,62,370.4,-7.061,-20.929,993.688,204,10,25,35,4.144,120.707,0.5,93,8
14,56.6,561,18.126665,98.127739,11,26.53,62.1,368.4,3.033,-26.331,1002.726,205,11,26,36,4.143,119.697,0.496,93,8
14,56.7,562,18.126671,98.127747,12,26.53,62.1,366.4,13.096,-31.602,1011.517,206,12,27,37,4.143,118.688,0.492,93,8
14,56.8,563,18.126677,98.127754,13,26.53,62.2,364.4,23.025,-36.714,1019.257,207,13,28,38,4.143,117.682,0.488,93,8
14,56.9,564,18.126682,98.127762,14,26.54,62.2,362.4,32.719,-41.644,1025.244,208,14,29,39,4.143,116.682,0.483,93,8
14,57,565,18.126688,98.127769,10,26.54,62.2,360.3,42.081,-46.365,1028.931,209,15,30,40,4.143,115.691,0.479,93,8
14,57.1,566,18.126694,98.127777,11,26.54,62.3,358.3,51.013,-50.855,1029.981,210,16,31,41,4.143,114.71,0.475,93,8
14,57.2,567,18.126699,98.127785,12,26.55,62.3,356.3,59.425,-55.09,1028.301,211,17,32,42,4.143,113.743,0.471,93,8
14,57.3,568,18.126705,98.127792,13,26.55,62.4,354.3,67.231,-59.05,1024.041,212,18,33,43,4.143,112.793,0.467,93,8
14,57.4,569,18.126711,98.1278,14,26.56,62.4,352.3,74.353,-62.715,1017.591,213,19,34,44,4.143,111.86,0.463,93,8
14,57.5,570,18.126717,98.127808,10,26.56,62.5,350.2,80.716,-66.067,1009.54,214,10,20,45,4.143,110.948,0.46,93,8
14,57.6,571,18.126722,98.127815,11,26.57,62.5,348.2,86.257,-69.089,1000.618,215,11,21,46,4.142,110.06,0.456,93,8
14,57.7,572,18.126728,98.127823,12,26.57,62.5,346.2,90.919,-71.766,991.64,216,12,22,47,4.142,109.196,0.452,93,8
14,57.8,573,18.126734,98.127831,13,26.58,62.6,344.2,94.654,-74.084,983.424,217,13,23,48,4.142,108.36,0.449,93,8
14,57.9,574,18.12674,98.127838,14,26.58,62.6,342.2,97.424,-76.031,976.718,218,14,24,49,4.142,107.554,0.446,93,8
14,58,575,18.126745,98.127846,10,26.59,62.7,340.1,99.201,-77.599,972.133,219,15,25,50,4.142,106.78,0.442,93,8
14,58.1,576,18.126751,98.127853,11,26.59,62.7,338.1,99.968,-78.779,970.087,220,16,26,51,4.142,106.039,0.439,93,8
14,58.2,577,18.126757,98.127861,12,26.6,62.8,336.1,99.715,-79.566,970.767,221,17,27,52,4.142,105.334,0.436,93,8
14,58.3,578,18.126762,98.127869,13,26.61,62.8,334.1,98.446,-79.955,974.11,222,18,28,53,4.142,104.666,0.433,93,8
14,58.4,579,18.126768,98.127876,14,26.61,62.9,332.1,96.173,-79.945,979.811,223,19,29,54,4.142,104.038,0.431,93,8
14,58.5,580,18.126774,98.127884,10,26.62,62.9,330,92.921,-79.535,987.353,224,10,30,35,4.142,103.45,0.428,93,8
14,58.6,581,18.12678,98.127892,11,26.63,62.9,328,88.721,-78.728,996.046,225,11,31,36,4.141,102.904,0.426,93,8
14,58.7,582,18.126785,98.127899,12,26.63,63,326,83.617,-77.527,1005.1,227,12,32,37,4.141,102.402,0.424,93,8
14,58.8,583,18.126791,98.127907,13,26.64,63,324,77.661,-75.939,1013.688,228,13,33,38,4.141,101.945,0.422,93,8
14,58.9,584,18.126797,98.127914,14,26.65,63.1,322,70.913,-73.972,1021.03,229,14,34,39,4.141,101.533,0.42,93,8
14,59,585,18.126802,98.127922,10,26.65,63.1,319.9,63.442,-71.635,1026.456,230,15,20,40,4.141,101.169,0.419,93,8
14,59.1,586,18.126808,98.12793,11,26.66,63.2,317.9,55.325,-68.94,1029.471,231,16,21,41,4.141,100.853,0.418,93,8
14,59.2,587,18.126814,98.127937,12,26.67,63.2,315.9,46.644,-65.9,1029.802,232,17,22,42,4.141,100.586,0.417,93,8
14,59.3,588,18.12682,98.127945,13,26.68,63.3,313.9,37.487,-62.532,1027.417,233,18,23,43,4.141,100.368,0.416,93,8
14,59.4,589,18.126825,98.127953,14,26.68,63.3,311.9,27.949,-58.851,1022.534,234,19,24,44,4.141,100.2,0.415,93,8
14,59.5,590,18.126831,98.12796,10,26.69,63.4,309.8,18.125,-54.876,1015.598,235,10,25,45,4.14,100.083,0.414,93,8
14,59.6,591,18.126837,98.127968,11,26.7,63.4,307.8,8.117,-50.626,1007.241,236,11,26,46,4.14,100.017,0.414,93,8
14,59.7,592,18.126842,98.127975,12,26.71,63.5,305.8,-1.974,-46.124,998.224,237,12,27,47,4.14,100.001,0.414,93,8
14,59.8,593,18.126848,98.127983,13,26.72,63.5,303.8,-12.045,-41.391,989.37,238,13,28,48,4.14,100.036,0.414,93,8
14,59.9,594,18.126854,98.127991,14,26.72,63.6,301.8,-21.993,-36.452,981.483,239,14,29,49,4.14,100.123,0.415,93,8
14,60,595,18.12686,98.127998,10,26.73,63.6,299.7,-31.717,-31.33,975.284,240,15,30,50,4.14,100.26,0.415,93,8
14,60.1,596,18.126865,98.128006,11,26.74,63.7,297.7,-41.117,-26.052,971.336,241,16,31,51,4.14,100.447,0.416,93,8
14,60.2,597,18.126871,98.128014,12,26.75,63.7,295.7,-50.099,-20.644,970,242,17,32,52,4.14,100.684,0.417,93,8
14,60.3,598,18.126877,98.128021,13,26.76,63.8,293.7,-58.57,-15.132,971.397,243,18,33,53,4.14,100.971,0.418,93,8
14,60.4,599,18.126883,98.128029,14,26.77,63.8,291.7,-66.444,-9.545,975.401,244,19,34,54,4.14,101.306,0.419,93,8
14,60.5,600,18.126888,98.128036,10,26.78,63.9,289.6,-73.641,-3.91,981.645,245,10,20,35,4.139,101.689,0.421,93,8
14,60.6,601,18.126894,98.128044,11,26.79,63.9,287.6,-80.087,1.744,989.562,246,11,21,36,4.139,102.118,0.423,93,8
14,60.7,602,18.1269,98.128052,12,26.8,64,285.6,-85.717,7.389,998.43,247,12,22,37,4.139,102.593,0.425,93,8
14,60.8,603,18.126905,98.128059,13,26.8,64,283.6,-90.473,12.998,1007.44,248,13,23,38,4.139,103.112,0.427,93,8
14,60.9,604,18.126911,98.128067,14,26.81,64.1,281.6,-94.307,18.542,1015.773,249,14,24,39,4.139,103.675,0.429,93,8
14,61,605,18.126917,98.128075,10,26.82,64.1,279.5,-97.18,23.993,1022.669,250,15,25,40,4.139,104.279,0.432,93,8
14,61.1,606,18.126923,98.128082,11,26.83,64.2,277.5,-99.062,29.324,1027.5,251,16,26,41,4.139,104.923,0.434,93,8
14,61.2,607,18.126928,98.12809,12,26.84,64.2,275.5,-99.935,34.509,1029.825,252,17,27,42,4.139,105.605,0.437,93,8
14,61.3,608,18.126934,98.128098,13,26.85,64.2,273.5,-99.789,39.521,1029.432,253,18,28,43,4.139,106.324,0.44,93,8
14,61.4,609,18.12694,98.128105,14,26.86,64.3,271.5,-98.626,44.336,1026.359,254,19,29,44,4.139,107.079,0.443,93,8
14,61.5,610,18.126945,98.128113,10,26.87,64.3,269.4,-96.458,48.929,1020.883,255,10,30,45,4.138,107.866,0.446,93,8
14,61.6,611,18.126951,98.12812,11,26.88,64.4,267.4,-93.307,53.278,1013.505,256,11,31,46,4.138,108.684,0.45,93,8
14,61.7,612,18.126957,98.128128,12,26.89,64.5,265.4,-89.205,57.361,1004.897,257,12,32,47,4.138,109.53,0.453,93,8
14,61.8,613,18.126963,98.128136,13,26.9,64.5,263.4,-84.193,61.157,995.842,258,13,33,48,4.138,110.404,0.457,93,8
14,61.9,614,18.126968,98.128143,14,26.91,64.6,261.4,-78.324,64.647,987.167,259,14,34,49,4.138,111.302,0.461,93,8
14,62,615,18.126974,98.128151,10,26.92,64.6,259.3,-71.656,67.815,979.66,260,15,20,50,4.138,112.222,0.464,93,8
14,62.1,616,18.12698,98.128159,11,26.93,64.7,257.3,-64.257,70.643,974.007,261,16,21,51,4.138,113.162,0.468,93,8
14,62.2,617,18.126986,98.128166,12,26.94,64.7,255.3,-56.204,73.119,970.721,262,17,22,52,4.138,114.12,0.472,93,8
14,62.3,618,18.126991,98.128174,13,26.95,64.8,253.3,-47.578,75.229,970.104,263,18,23,53,4.138,115.092,0.476,93,8
14,62.4,619,18.126997,98.128181,14,26.96,64.8,251.3,-38.467,76.964,972.21,264,19,24,54,4.138,116.077,0.48,93,8
14,62.5,620,18.127003,98.128189,10,26.97,64.9,249.2,-28.964,78.313,976.848,265,10,25,35,4.137,117.072,0.484,93,8
14,62.6,621,18.127008,98.128197,11,26.98,64.9,247.2,-19.166,79.272,983.595,266,11,26,36,4.137,118.074,0.489,93,8
14,62.7,622,18.127014,98.128204,12,26.99,65,245.2,-9.172,79.835,991.837,267,12,27,37,4.137,119.082,0.493,93,8
14,62.8,623,18.12702,98.128212,13,27,65,243.2,0.915,79.998,1000.823,268,13,28,38,4.137,120.091,0.497,93,8
14,62.9,624,18.127026,98.12822,14,27.01,65.1,241.2,10.993,79.762,1009.734,269,14,29,39,4.137,121.101,0.501,93,8
14,63,625,18.127031,98.128227,10,27.02,65.1,239.1,20.958,79.128,1017.758,270,15,30,40,4.137,122.108,0.505,92,8
14,63.1,626,18.127037,98.128235,11,27.03,65.2,237.1,30.71,78.098,1024.164,271,16,31,41,4.137,123.109,0.509,92,8
14,63.2,627,18.127043,98.128242,12,27.04,65.2,235.1,40.149,76.678,1028.368,272,17,32,42,4.137,124.102,0.513,92,8
14,63.3,628,18.127048,98.12825,13,27.05,65.3,233.1,49.179,74.874,1029.988,273,18,33,43,4.137,125.085,0.517,92,8
14,63.4,629,18.127054,98.128258,14,27.06,65.3,231.1,57.708,72.697,1028.876,274,19,34,44,4.137,126.055,0.521,92,8
14,63.5,630,18.12706,98.128265,10,27.07,65.4,229,65.648,70.157,1025.133,275,10,20,45,4.136,127.009,0.525,92,8
14,63.6,631,18.127066,98.128273,11,27.08,65.4,227,72.92,67.266,1019.1,276,11,21,46,4.136,127.946,0.529,92,8
14,63.8,632,18.127071,98.128281,12,27.09,65.5,225,79.448,64.038,1011.327,277,12,22,47,4.136,128.862,0.533,92,8
14,63.9,633,18.127077,98.128288,13,27.1,65.5,223,85.166,60.491,1002.521,278,13,23,48,4.136,129.756,0.537,92,8
14,64,634,18.127083,98.128296,14,27.11,65.6,221,90.016,56.642,993.487,279,14,24,49,4.136,130.625,0.54,92,8
14,64.1,635,18.127089,98.128304,10,27.12,65.6,218.9,93.949,52.509,985.046,280,15,25,50,4.136,131.467,0.544,92,8
14,64.2,636,18.127094,98.128311,11,27.13,65.7,216.9,96.925,48.115,977.967,281,16,26,51,4.136,132.279,0.547,92,8
14,64.3,637,18.1271,98.128319,12,27.14,65.7,214.9,98.912,43.48,972.895,282,17,27,52,4.136,133.061,0.55,92,8
14,64.4,638,18.127106,98.128326,13,27.15,65.8,212.9,99.891,38.627,970.293,283,18,28,53,4.136,133.808,0.553,92,8
14,64.5,639,18.127111,98.128334,14,27.16,65.8,210.9,99.852,33.582,970.398,284,19,29,54,4.136,134.521,0.556,92,8
14,64.6,640,18.127117,98.128342,10,27.17,65.9,208.8,98.796,28.369,973.199,285,10,30,35,4.135,135.197,0.559,92,8
14,64.7,641,18.127123,98.128349,11,27.18,65.9,206.8,96.732,23.014,978.443,286,11,31,36,4.135,135.834,0.562,92,8
14,64.8,642,18.127129,98.128357,12,27.19,66,204.8,93.683,17.544,985.65,287,12,32,37,4.135,136.43,0.564,92,8
14,64.9,643,18.127134,98.128365,13,27.2,66,202.8,89.678,11.986,994.165,288,13,33,38,4.135,136.985,0.566,92,8
14,65,644,18.12714,98.128372,14,27.21,66.1,200.8,84.76,6.369,1003.211,289,14,34,39,4.135,137.496,0.569,92,8
14,65.1,645,18.127146,98.12838,10,27.22,66.1,198.7,78.978,0.719,1011.966,290,15,20,40,4.135,137.963,0.57,92,8
14,65.2,646,18.127151,98.128387,11,27.22,66.2,196.7,72.39,-4.933,1019.629,291,16,21,41,4.135,138.384,0.572,92,8
14,65.3,647,18.127157,98.128395,12,27.23,66.2,194.7,65.065,-10.562,1025.504,292,17,22,42,4.135,138.758,0.574,92,8
14,65.4,648,18.127163,98.128403,13,27.24,66.3,192.7,57.077,-16.137,1029.056,293,18,23,43,4.135,139.085,0.575,92,8
14,65.5,649,18.127169,98.12841,14,27.25,66.3,190.7,48.507,-21.632,1029.96,294,19,24,44,4.135,139.362,0.576,92,8
14,65.6,650,18.127174,98.128418,10,27.26,66.4,188.6,39.443,-27.019,1028.135,295,10,25,45,4.134,139.59,0.577,92,8
14,65.7,651,18.12718,98.128426,11,27.27,66.4,186.6,29.977,-32.27,1023.747,296,11,26,46,4.134,139.769,0.578,92,8
14,65.8,652,18.127186,98.128433,12,27.28,66.4,184.6,20.205,-37.361,1017.194,297,12,27,47,4.134,139.897,0.578,92,8
14,65.9,653,18.127192,98.128441,13,27.29,66.5,182.6,10.226,-42.265,1009.075,298,13,28,48,4.134,139.974,0.579,92,8
14,66,654,18.127197,98.128448,14,27.29,66.5,180.6,0.145,-46.957,1000.13,299,14,29,49,4.134,140,0.579,92,8
14,66.1,655,18.127203,98.128456,10,27.3,66.6,178.5,-9.939,-51.415,991.173,300,15,30,50,4.134,139.975,0.579,92,8
14,66.2,656,18.127209,98.128464,11,27.31,66.6,176.5,-19.922,-55.617,983.019,301,16,31,51,4.134,139.9,0.578,92,8
14,66.3,657,18.127214,98.128471,12,27.32,66.7,174.5,-29.701,-59.54,976.413,302,17,32,52,4.134,139.773,0.578,92,8
14,66.4,658,18.12722,98.128479,13,27.33,66.7,172.5,-39.177,-63.166,971.956,303,18,33,53,4.134,139.596,0.577,92,8
14,66.5,659,18.127226,98.128487,14,27.33,66.8,170.5,-48.254,-66.476,970.054,304,19,34,54,4.134,139.369,0.576,92,8
14,66.6,660,18.127232,98.128494,10,27.34,66.8,168.4,-56.84,-69.454,970.88,305,10,20,35,4.133,139.093,0.575,92,8
14,66.7,661,18.127237,98.128502,11,27.35,66.9,166.4,-64.846,-72.085,974.36,306,11,21,36,4.133,138.768,0.574,92,8
14,66.8,662,18.127243,98.12851,12,27.36,66.9,164.4,-72.191,-74.356,980.175,307,12,22,37,4.133,138.396,0.572,92,8
14,66.9,663,18.127249,98.128517,13,27.36,67,162.4,-78.8,-76.255,987.796,308,13,23,38,4.133,137.976,0.57,92,8
14,67,664,18.127254,98.128525,14,27.37,67,160.4,-84.606,-77.773,996.53,309,14,24,39,4.133,137.51,0.568,92,8
14,67.1,665,18.12726,98.128532,10,27.38,67.1,158.3,-89.55,-78.903,1005.579,310,15,25,40,4.133,137,0.566,92,8
14,67.2,666,18.127266,98.12854,11,27.38,67.1,156.3,-93.581,-79.639,1014.121,311,16,26,41,4.133,136.447,0.564,92,8
14,67.3,667,18.127272,98.128548,12,27.39,67.2,154.3,-96.659,-79.976,1021.376,312,17,27,42,4.133,135.851,0.561,92,8
14,67.4,668,18.127277,98.128555,13,27.4,67.2,152.3,-98.751,-79.914,1026.683,313,18,28,43,4.133,135.216,0.559,92,8
14,67.5,669,18.127283,98.128563,14,27.4,67.2,150.3,-99.836,-79.453,1029.559,314,19,29,44,4.133,134.541,0.556,92,8
14,67.6,670,18.127289,98.128571,10,27.41,67.3,148.2,-99.904,-78.595,1029.742,315,10,30,45,4.132,133.829,0.553,92,8
14,67.7,671,18.127295,98.128578,11,27.41,67.3,146.2,-98.954,-77.344,1027.215,316,11,31,46,4.132,133.082,0.55,92,8
14,67.8,672,18.1273,98.128586,12,27.42,67.4,144.2,-96.995,-75.706,1022.209,317,12,32,47,4.132,132.302,0.547,92,8
14,67.9,673,18.127306,98.128593,13,27.42,67.4,142.2,-94.048,-73.691,1015.179,318,13,33,48,4.132,131.49,0.543,92,8
14,68,674,18.127312,98.128601,14,27.43,67.5,140.2,-90.142,-71.307,1006.767,319,14,34,49,4.132,130.649,0.54,92,8
14,68.1,675,18.127317,98.128609,10,27.43,67.5,138.1,-85.317,-68.567,997.738,320,15,20,50,4.132,129.781,0.536,92,8
14,68.2,676,18.127323,98.128616,11,27.44,67.6,136.1,-79.623,-65.484,988.915,321,16,21,51,4.132,128.888,0.533,92,8
14,68.3,677,18.127329,98.128624,12,27.44,67.6,134.1,-73.117,-62.074,981.102,322,17,22,52,4.132,127.973,0.529,92,8
14,68.4,678,18.127335,98.128632,13,27.45,67.6,132.1,-65.866,-58.354,975.01,323,18,23,53,4.132,127.036,0.525,92,8
14,68.5,679,18.12734,98.128639,14,27.45,67.7,130.1,-57.944,-54.343,971.196,324,19,24,54,4.132,126.082,0.521,92,8
14,68.6,680,18.127346,98.128647,10,27.46,67.7,128,-49.431,-50.06,970.006,325,10,25,35,4.131,125.113,0.517,92,8
14,68.7,681,18.127352,98.128654,11,27.46,67.8,126,-40.414,-45.526,971.548,326,11,26,36,4.131,124.13,0.513,92,8
14,68.8,682,18.127357,98.128662,12,27.46,67.8,124,-30.985,-40.766,975.683,328,12,27,37,4.131,123.137,0.509,92,8
14,68.9,683,18.127363,98.12867,13,27.47,67.9,122,-21.241,-35.801,982.033,329,13,28,38,4.131,122.136,0.505,92,8
14,69,684,18.127369,98.128677,14,27.47,67.9,120,-11.28,-30.658,990.02,330,14,29,39,4.131,121.13,0.5,92,8
14,69.1,685,18.127375,98.128685,10,27.48,67.9,117.9,-1.204,-25.362,998.917,331,15,30,40,4.131,120.12,0.496,92,8
14,69.2,686,18.12738,98.128693,11,27.48,68,115.9,8.885,-19.938,1007.912,332,16,31,41,4.131,119.111,0.492,92,8
14,69.3,687,18.127386,98.1287,12,27.48,68,113.9,18.882,-14.416,1016.186,333,17,32,42,4.131,118.103,0.488,92,8
14,69.4,688,18.127392,98.128708,13,27.48,68.1,111.9,28.687,-8.821,1022.985,334,18,33,43,4.131,117.101,0.484,92,8
14,69.5,689,18.127398,98.128716,14,27.49,68.1,109.9,38.201,-3.182,1027.691,335,19,34,44,4.13,116.105,0.48,92,8
14,69.6,690,18.127403,98.128723,10,27.49,68.1,107.8,47.324,2.473,1029.873,336,10,20,45,4.13,115.12,0.475,92,8
14,69.7,691,18.127409,98.128731,11,27.49,68.2,105.8,55.965,8.115,1029.334,337,11,21,46,4.13,114.147,0.471,92,8
14,69.8,692,18.127415,98.128738,12,27.49,68.2,103.8,64.035,13.717,1026.122,338,12,22,47,4.13,113.189,0.467,92,8
14,69.9,693,18.12742,98.128746,13,27.49,68.3,101.8,71.454,19.25,1020.53,339,13,23,48,4.13,112.249,0.464,92,8
14,70,694,18.127426,98.128754,14,27.5,68.3,99.8,78.144,24.688,1013.068,340,14,24,49,4.13,111.328,0.46,92,8
14,70.1,695,18.127432,98.128761,10,27.5,68.3,97.7,84.037,30.001,1004.415,341,15,25,50,4.13,110.429,0.456,92,8
14,70.2,696,18.127438,98.128769,11,27.5,68.4,95.7,89.073,35.165,995.36,342,16,26,51,4.13,109.555,0.452,92,8
14,70.3,697,18.127443,98.128777,12,27.5,68.4,93.7,93.203,40.153,986.727,343,17,27,52,4.13,108.707,0.449,92,8
14,70.4,698,18.127449,98.128784,13,27.5,68.4,91.7,96.382,44.941,979.304,344,18,28,53,4.13,107.889,0.446,92,8
14,70.5,699,18.127455,98.128792,14,27.5,68.5,89.7,98.578,49.504,973.767,345,19,29,54,4.129,107.101,0.442,92,8
14,70.6,700,18.12746,98.128799,10,27.5,68.5,87.6,99.77,53.82,970.619,346,10,30,35,4.129,106.346,0.439,92,8
14,70.7,701,18.127466,98.128807,11,27.5,68.5,85.6,99.945,57.867,970.148,347,11,31,36,4.129,105.625,0.436,92,8
14,70.8,702,18.127472,98.128815,12,27.5,68.6,83.6,99.101,61.624,972.397,348,12,32,37,4.129,104.942,0.433,92,8
14,70.9,703,18.127478,98.128822,13,27.5,68.6,81.6,97.248,65.074,977.161,349,13,33,38,4.129,104.296,0.431,92,8
14,71,704,18.127483,98.12883,14,27.5,68.7,79.6,94.403,68.199,984.006,350,14,34,39,4.129,103.691,0.428,92,8
14,71.1,705,18.127489,98.128838,10,27.5,68.7,77.5,90.595,70.982,992.308,351,15,20,40,4.129,103.128,0.426,92,8
14,71.2,706,18.127495,98.128845,11,27.5,68.7,75.5,85.865,73.412,1001.31,352,16,21,41,4.129,102.607,0.424,92,8
14,71.3,707,18.127501,98.128853,12,27.5,68.8,73.5,80.26,75.474,1010.194,353,17,22,42,4.129,102.131,0.422,92,8
14,71.4,708,18.127506,98.12886,13,27.49,68.8,71.5,73.836,77.159,1018.149,354,18,23,43,4.129,101.7,0.42,92,8
14,71.5,709,18.127512,98.128868,14,27.49,68.8,69.5,66.659,78.459,1024.449,355,19,24,44,4.128,101.316,0.418,92,8
14,71.6,710,18.127518,98.128876,10,27.49,68.9,67.4,58.804,79.367,1028.523,356,10,25,45,4.128,100.98,0.417,92,8
14,71.7,711,18.127523,98.128883,11,27.49,68.9,65.4,50.349,79.878,1029.998,357,11,26,46,4.128,100.692,0.416,92,8
14,71.8,712,18.127529,98.128891,12,27.49,68.9,63.4,41.38,79.99,1028.74,358,12,27,47,4.128,100.453,0.415,92,8
14,71.9,713,18.127535,98.128899,13,27.48,68.9,61.4,31.991,79.703,1024.863,359,13,28,48,4.128,100.265,0.414,92,8
14,72,714,18.127541,98.128906,14,27.48,69,59.4,22.275,79.017,1018.721,0,14,29,49,4.128,100.126,0.413,91,8
14,72.1,715,18.127546,98.128914,10,27.48,69,57.3,12.331,77.937,1010.873,1,15,30,50,4.128,100.038,0.413,91,8
14,72.2,716,18.127552,98.128922,11,27.48,69,55.3,2.263,76.467,1002.035,2,16,31,51,4.128,100.001,0.413,91,8
14,72.3,717,18.127558,98.128929,12,27.47,69.1,53.3,-7.829,74.615,993.011,3,17,32,52,4.128,100.015,0.413,91,8
14,72.4,718,18.127563,98.128937,13,27.47,69.1,51.3,-17.841,72.39,984.625,4,18,33,53,4.128,100.08,0.413,91,8
14,72.5,719,18.127569,98.128944,14,27.47,69.1,49.3,-27.671,69.803,977.638,5,19,34,54,4.127,100.196,0.414,91,8
14,72.6,720,18.127575,98.128952,10,27.46,69.2,47.2,-37.219,66.868,972.69,6,10,20,35,4.127,100.363,0.414,91,8
14,72.7,721,18.127581,98.12896,11,27.46,69.2,45.2,-46.388,63.599,970.229,7,11,21,36,4.127,100.579,0.415,91,8
14,72.8,722,18.127586,98.128967,12,27.45,69.2,43.2,-55.084,60.012,970.481,8,12,22,37,4.127,100.845,0.416,91,8
14,72.9,723,18.127592,98.128975,13,27.45,69.2,41.2,-63.219,56.124,973.422,9,13,23,38,4.127,101.16,0.417,91,8
14,73,724,18.127598,98.128983,14,27.45,69.3,39.2,-70.709,51.957,978.785,10,14,24,39,4.127,101.522,0.419,91,8
14,73.1,725,18.127604,98.12899,10,27.44,69.3,37.1,-77.478,47.53,986.08,11,15,25,40,4.127,101.932,0.421,91,8
14,73.2,726,18.127609,98.128998,11,27.44,69.3,35.1,-83.458,42.865,994.645,12,16,26,41,4.127,102.388,0.423,91,8
14,73.3,727,18.127615,98.129005,12,27.43,69.3,33.1,-88.587,37.987,1003.696,13,17,27,42,4.127,102.889,0.425,91,8
14,73.4,728,18.127621,98.129013,13,27.43,69.4,31.1,-92.813,32.919,1012.411,14,18,28,43,4.127,103.433,0.427,91,8
14,73.5,729,18.127626,98.129021,14,27.42,69.4,29.1,-96.094,27.686,1019.995,15,19,29,44,4.126,104.02,0.429,91,8
14,73.6,730,18.127632,98.129028,10,27.41,69.4,27,-98.395,22.314,1025.758,16,10,30,45,4.126,104.648,0.432,91,8
14,73.7,731,18.127638,98.129036,11,27.41,69.4,25,-99.693,16.832,1029.174,17,11,31,46,4.126,105.314,0.435,91,8
14,73.8,732,18.127644,98.129044,12,27.4,69.5,23,-99.975,11.265,1029.931,18,12,32,47,4.126,106.018,0.437,91,8
14,74,733,18.127649,98.129051,13,27.4,69.5,21,-99.238,5.642,1027.962,19,13,33,48,4.126,106.758,0.44,91,8
14,74.1,734,18.127655,98.129059,14,27.39,69.5,19,-97.489,-0.01,1023.445,20,14,34,49,4.126,107.532,0.444,91,8
14,74.2,735,18.127661,98.129066,10,27.38,69.5,16.9,-94.747,-5.661,1016.792,21,15,20,50,4.126,108.337,0.447,91,8
14,74.3,736,18.127666,98.129074,11,27.38,69.5,14.9,-91.039,-11.284,1008.61,22,16,21,51,4.126,109.172,0.45,91,8
14,74.4,737,18.127672,98.129082,12,27.37,69.6,12.9,-86.403,-16.851,999.642,23,17,22,52,4.126,110.034,0.454,91,8
14,74.5,738,18.127678,98.129089,13,27.36,69.6,10.9,-80.887,-22.333,990.707,24,18,23,53,4.126,110.922,0.458,91,8
14,74.6,739,18.127684,98.129097,14,27.36,69.6,8.9,-74.546,-27.704,982.62,25,19,24,54,4.125,111.834,0.461,91,8
14,74.7,740,18.127689,98.129105,10,27.35,69.6,6.8,-67.446,-32.936,976.115,26,10,25,35,4.125,112.766,0.465,91,8
14,74.8,741,18.127695,98.129112,11,27.34,69.6,4.8,-59.657,-38.004,971.787,27,11,26,36,4.125,113.716,0.469,91,16
14,74.9,742,18.127701,98.12912,12,27.34,69.7,2.8,-51.261,-42.882,970.029,28,12,27,37,4.125,114.682,0.473,91,16
14,75,743,18.127707,98.129128,13,27.33,69.7,0.8,-42.343,-47.546,971.002,29,13,28,38,4.125,115.662,0.477,91,16
14,75.1,744,18.127712,98.129135,14,27.32,69.7,0,-32.993,-51.972,974.616,30,14,29,39,4.125,116.654,0.481,91,16
14,75.2,745,18.127718,98.129143,10,27.31,69.7,0,-23.306,-56.138,980.544,31,15,30,40,4.125,117.653,0.485,91,16
14,75.3,746,18.127724,98.12915,11,27.3,69.7,0,-13.382,-60.024,988.243,32,16,31,41,4.125,118.659,0.489,91,16
14,75.4,747,18.127729,98.129158,12,27.3,69.8,0,-3.322,-63.61,997.015,33,17,32,42,4.125,119.668,0.494,91,16
14,75.5,748,18.127735,98.129166,13,27.29,69.8,0,6.773,-66.879,1006.058,34,18,33,43,4.125,120.678,0.498,91,16
14,75.6,749,18.127741,98.129173,14,27.28,69.8,0,16.798,-69.813,1014.549,35,19,34,44,4.124,121.686,0.502,91,16
14,75.7,750,18.127747,98.129181,10,27.27,69.8,0,26.652,-72.398,1021.715,36,10,20,45,4.124,122.69,0.506,91,16
14,75.8,751,18.127752,98.129189,11,27.26,69.8,0,36.234,-74.622,1026.902,37,11,21,46,4.124,123.687,0.51,91,16
14,75.9,752,18.127758,98.129196,12,27.25,69.8,0,45.447,-76.472,1029.638,38,12,22,47,4.124,124.674,0.514,91,16
14,76,753,18.127764,98.129204,13,27.25,69.8,0,54.197,-77.941,1029.674,39,13,23,48,4.124,125.65,0.518,91,16
14,76.1,754,18.127769,98.129211,14,27.24,69.8,0,62.394,-79.02,1027.006,40,14,24,49,4.124,126.611,0.522,91,16
14,76.2,755,18.127775,98.129219,10,27.23,69.9,0,69.955,-79.704,1021.879,41,15,25,50,4.124,127.555,0.526,91,16
14,76.3,756,18.127781,98.129227,11,27.22,69.9,0,76.804,-79.991,1014.757,42,16,26,51,4.124,128.481,0.53,91,16
14,76.4,757,18.127787,98.129234,12,27.21,69.9,0,82.87,-79.877,1006.291,43,17,27,52,4.124,129.384,0.534,91,16
14,76.5,758,18.127792,98.129242,13,27.2,69.9,0,88.091,-79.365,997.252,44,18,28,53,4.124,130.264,0.537,91,16
14,76.6,759,18.127798,98.12925,14,27.19,69.9,0,92.414,-78.455,988.463,45,19,29,54,4.123,131.117,0.541,91,16
14,76.7,760,18.127804,98.129257,10,27.18,69.9,0,95.795,-77.154,980.726,46,10,30,35,4.123,131.942,0.544,91,16
14,76.8,761,18.12781,98.129265,11,27.17,69.9,0,98.2,-75.468,974.744,47,11,31,36,4.123,132.737,0.547,91,16
14,76.9,762,18.127815,98.129272,12,27.16,69.9,0,99.604,-73.404,971.064,48,12,32,37,4.123,133.499,0.55,91,16
14,77,763,18.127821,98.12928,13,27.15,69.9,0,99.993,-70.973,970.019,49,13,33,38,4.123,134.227,0.553,91,16
14,77.1,764,18.127827,98.129288,14,27.14,69.9,0,99.362,-68.188,971.707,50,14,34,39,4.123,134.918,0.556,91,16
14,77.2,765,18.127832,98.129295,10,27.13,70,0,97.719,-65.063,975.972,51,15,20,40,4.123,135.571,0.559,91,16
14,77.3,766,18.127838,98.129303,11,27.12,70,0,95.08,-61.612,982.426,52,16,21,41,4.123,136.185,0.561,91,16
14,77.4,767,18.127844,98.129311,12,27.11,70,0,91.472,-57.853,990.482,53,17,22,42,4.123,136.758,0.564,91,16
14,77.5,768,18.12785,98.129318,13,27.1,70,0,86.932,-53.805,999.405,54,18,23,43,4.123,137.287,0.566,91,16
14,77.6,769,18.127855,98.129326,14,27.09,70,0,81.505,-49.489,1008.381,55,19,24,44,4.122,137.773,0.568,91,16
14,77.7,770,18.127861,98.129333,10,27.08,70,0,75.248,-44.925,1016.595,56,10,25,45,4.122,138.213,0.57,91,16
14,77.8,771,18.127867,98.129341,11,27.07,70,0,68.223,-40.137,1023.296,57,11,26,46,4.122,138.607,0.571,91,16
14,77.9,772,18.127872,98.129349,12,27.06,70,0,60.504,-35.148,1027.875,58,12,27,47,4.122,138.954,0.573,91,16
14,78,773,18.127878,98.129356,13,27.05,70,0,52.168,-29.983,1029.914,59,13,28,48,4.122,139.252,0.574,91,16
14,78.1,774,18.127884,98.129364,14,27.04,70,0,43.3,-24.669,1029.228,60,14,29,49,4.122,139.501,0.575,91,16
14,78.2,775,18.12789,98.129372,10,27.03,70,0,33.99,-19.231,1025.879,61,15,30,50,4.122,139.7,0.576,91,16
14,78.3,776,18.127895,98.129379,11,27.02,70,0,24.335,-13.698,1020.172,62,16,31,51,4.122,139.849,0.576,91,16
14,78.4,777,18.127901,98.129387,12,27.01,70,0,14.431,-8.096,1012.627,63,17,32,52,4.122,139.948,0.577,91,16
14,78.5,778,18.127907,98.129395,13,27,70,0,4.38,-2.453,1003.932,64,18,33,53,4.122,139.995,0.577,91,16
14,78.6,779,18.127913,98.129402,14,26.99,70,0,-5.715,3.201,994.879,65,19,34,54,4.121,139.992,0.577,91,16
14,78.7,780,18.127918,98.12941,10,26.98,70,0,-15.752,8.84,986.292,66,10,20,35,4.121,139.937,0.577,91,16
14,78.8,781,18.127924,98.129417,11,26.97,70,0,-25.63,14.435,978.954,67,11,21,36,4.121,139.832,0.576,91,16
14,78.9,782,18.12793,98.129425,12,26.96,70,0,-35.245,19.957,973.533,69,12,22,37,4.121,139.677,0.576,91,16
14,79,783,18.127935,98.129433,13,26.95,70,0,-44.501,25.38,970.524,70,13,23,38,4.121,139.471,0.575,91,16
14,79.1,784,18.127941,98.12944,14,26.94,70,0,-53.303,30.676,970.201,71,14,24,39,4.121,139.215,0.574,91,16
14,79.2,785,18.127947,98.129448,10,26.93,70,0,-61.563,35.819,972.592,72,15,25,40,4.121,138.91,0.572,91,16
14,79.3,786,18.127953,98.129456,11,26.92,70,0,-69.195,40.782,977.481,73,16,26,41,4.121,138.558,0.571,91,16
14,79.4,787,18.127958,98.129463,12,26.91,70,0,-76.121,45.542,984.421,74,17,27,42,4.121,138.158,0.569,91,16
14,79.5,788,18.127964,98.129471,13,26.9,70,0,-82.272,50.075,992.78,75,18,28,43,4.12,137.711,0.567,91,16
14,79.6,789,18.12797,98.129478,14,26.89,70,0,-87.585,54.357,1001.798,76,19,29,44,4.12,137.22,0.565,91,16
14,79.7,790,18.127975,98.129486,10,26.88,70,0,-92.004,58.368,1010.651,77,10,30,45,4.12,136.684,0.563,91,16
14,79.8,791,18.127981,98.129494,11,26.87,70,0,-95.486,62.086,1018.534,78,11,31,46,4.12,136.106,0.561,91,16
14,79.9,792,18.127987,98.129501,12,26.86,70,0,-97.995,65.495,1024.729,79,12,32,47,4.12,135.487,0.558,91,16
14,80,793,18.127993,98.129509,13,26.85,69.9,0,-99.504,68.577,1028.67,80,13,33,48,4.12,134.829,0.555,91,16
14,80.1,794,18.127998,98.129517,14,26.85,69.9,0,-100,71.316,1030,81,14,34,49,4.12,134.132,0.553,91,16
14,80.2,795,18.128004,98.129524,10,26.84,69.9,0,-99.476,73.698,1028.596,82,15,20,50,4.12,133.4,0.55,91,16
14,80.3,796,18.12801,98.129532,11,26.83,69.9,0,-97.939,75.713,1024.586,83,16,21,51,4.12,132.633,0.546,91,16
14,80.4,797,18.128016,98.129539,12,26.82,69.9,0,-95.403,77.349,1018.338,84,17,22,52,4.12,131.835,0.543,91,16
14,80.5,798,18.128021,98.129547,13,26.81,69.9,0,-91.895,78.598,1010.417,85,18,23,53,4.119,131.006,0.54,91,16
14,80.6,799,18.128027,98.129555,14,26.8,69.9,0,-87.45,79.455,1001.549,86,19,24,54,4.119,130.149,0.536,91,16
14,80.7,800,18.128033,98.129562,10,26.79,69.9,0,-82.114,79.915,992.538,87,10,25,35,4.119,129.266,0.532,91,16
14,80.8,801,18.128038,98.12957,11,26.78,69.9,0,-75.941,79.976,984.208,88,11,26,36,4.119,128.359,0.529,91,16
14,80.9,802,18.128044,98.129578,12,26.77,69.9,0,-68.994,79.637,977.316,89,12,27,37,4.119,127.432,0.525,91,16
14,81,803,18.12805,98.129585,13,26.76,69.8,0,-61.344,78.9,972.491,90,13,28,38,4.119,126.485,0.521,90,16
14,81.1,804,18.128056,98.129593,14,26.75,69.8,0,-53.068,77.769,970.173,91,14,29,39,4.119,125.521,0.517,90,16
14,81.2,805,18.128061,98.129601,10,26.74,69.8,0,-44.252,76.249,970.572,92,15,30,40,4.119,124.544,0.513,90,16
14,81.3,806,18.128067,98.129608,11,26.74,69.8,0,-34.985,74.349,973.652,93,16,31,41,4.119,123.555,0.509,90,16
14,81.4,807,18.128073,98.129616,12,26.73,69.8,0,-25.361,72.076,979.133,94,17,32,42,4.119,122.557,0.505,90,16
14,81.5,808,18.128078,98.129623,13,26.72,69.8,0,-15.478,69.444,986.515,95,18,33,43,4.118,121.553,0.501,90,16
14,81.6,809,18.128084,98.129631,14,26.71,69.8,0,-5.438,66.465,995.125,96,19,34,44,4.118,120.544,0.496,90,16
14,81.7,810,18.12809,98.129639,10,26.7,69.7,0,4.657,63.154,1004.179,97,10,20,45,4.118,119.534,0.492,90,16
14,81.8,811,18.128096,98.129646,11,26.69,69.7,0,14.706,59.527,1012.853,98,11,21,46,4.118,118.525,0.488,90,16
14,81.9,812,18.128101,98.129654,12,26.69,69.7,0,24.604,55.603,1020.356,99,12,22,47,4.118,117.52,0.484,90,16
14,82,813,18.128107,98.129662,13,26.68,69.7,0,34.251,51.401,1026.004,100,13,23,48,4.118,116.522,0.48,90,16
14,82.1,814,18.128113,98.129669,14,26.67,69.7,0,43.55,46.941,1029.283,101,14,24,49,4.118,115.532,0.476,90,16
14,82.2,815,18.128119,98.129677,10,26.66,69.7,0,52.404,42.248,1029.894,102,15,25,50,4.118,114.554,0.472,90,16
14,82.3,816,18.128124,98.129684,11,26.66,69.6,0,60.725,37.344,1027.782,103,16,26,51,4.118,113.589,0.468,90,16
14,82.4,817,18.12813,98.129692,12,26.65,69.6,0,68.426,32.253,1023.138,104,17,27,52,4.118,112.641,0.464,90,16
14,82.5,818,18.128136,98.1297,13,26.64,69.6,0,75.43,27,1016.386,105,18,28,53,4.117,111.712,0.46,90,16
14,82.6,819,18.128141,98.129707,14,26.63,69.6,0,81.666,21.613,1008.141,106,19,29,54,4.117,110.804,0.456,90,16
14,82.7,820,18.128147,98.129715,10,26.63,69.6,0,87.068,16.118,999.155,107,10,30,35,4.117,109.919,0.453,90,16
14,82.8,821,18.128153,98.129723,11,26.62,69.5,0,91.584,10.543,990.245,108,11,31,36,4.117,109.06,0.449,90,16
14,82.9,822,18.128159,98.12973,12,26.61,69.5,0,95.166,4.914,982.224,109,12,32,37,4.117,108.228,0.446,90,16
14,83,823,18.128164,98.129738,13,26.61,69.5,0,97.778,-0.739,975.823,110,13,33,38,4.117,107.427,0.442,90,16
14,83.1,824,18.12817,98.129745,14,26.6,69.5,0,99.393,-6.388,971.625,111,14,34,39,4.117,106.658,0.439,90,16
14,83.2,825,18.128176,98.129753,10,26.6,69.5,0,99.996,-12.005,970.011,112,15,20,40,4.117,105.923,0.436,90,16
14,83.3,826,18.128181,98.129761,11,26.59,69.4,0,99.579,-17.563,971.13,113,16,21,41,4.117,105.224,0.433,90,16
14,83.4,827,18.128187,98.129768,12,26.58,69.4,0,98.147,-23.032,974.879,114,17,22,42,4.117,104.562,0.43,90,16
14,83.5,828,18.128193,98.129776,13,26.58,69.4,0,95.715,-28.387,980.917,115,18,23,43,4.116,103.94,0.428,90,16
14,83.6,829,18.128199,98.129784,14,26.57,69.4,0,92.307,-33.599,988.694,116,19,24,44,4.116,103.359,0.425,90,16
14,83.7,830,18.128204,98.129791,10,26.57,69.3,0,87.959,-38.644,997.501,117,10,25,45,4.116,102.82,0.423,90,16
14,83.8,831,18.12821,98.129799,11,26.56,69.3,0,82.714,-43.496,1006.535,118,11,26,46,4.116,102.325,0.421,90,16
14,83.9,832,18.128216,98.129807,12,26.56,69.3,0,76.626,-48.13,1014.974,119,12,27,47,4.116,101.875,0.419,90,16
14,84.1,833,18.128222,98.129814,13,26.55,69.3,0,69.757,-52.524,1022.049,120,13,28,48,4.116,101.472,0.418,90,16
14,84.2,834,18.128227,98.129822,14,26.55,69.2,0,62.177,-56.655,1027.114,121,14,29,49,4.116,101.115,0.416,90,16
14,84.3,835,18.128233,98.129829,10,26.55,69.2,0,53.963,-60.504,1029.71,122,15,30,50,4.116,100.807,0.415,90,16
14,84.4,836,18.128239,98.129837,11,26.54,69.2,0,45.2,-64.05,1029.599,123,16,31,51,4.116,100.547,0.414,90,16
14,84.5,837,18.128244,98.129845,12,26.54,69.2,0,35.975,-67.276,1026.79,124,17,32,52,4.116,100.338,0.413,90,16
14,84.6,838,18.12825,98.129852,13,26.53,69.1,0,26.384,-70.166,1021.542,125,18,33,53,4.115,100.178,0.412,90,16
14,84.7,839,18.128256,98.12986,14,26.53,69.1,0,16.524,-72.705,1014.33,126,19,34,54,4.115,100.069,0.412,90,16
14,84.8,840,18.128262,98.129868,10,26.53,69.1,0,6.495,-74.881,1005.813,127,10,20,35,4.115,100.011,0.412,90,16
14,84.9,841,18.128267,98.129875,11,26.52,69,0,-3.599,-76.683,996.767,128,11,21,36,4.115,100.003,0.412,90,16
14,85,842,18.128273,98.129883,12,26.52,69,0,-13.657,-78.102,988.014,129,12,22,37,4.115,100.047,0.412,90,16
14,85.1,843,18.128279,98.12989,13,26.52,69,0,-23.575,-79.131,980.355,130,13,23,38,4.115,100.141,0.412,90,16
14,85.2,844,18.128284,98.129898,14,26.52,68.9,0,-33.255,-79.764,974.484,131,14,24,39,4.115,100.287,0.413,90,16
14,85.3,845,18.12829,98.129906,10,26.51,68.9,0,-42.594,-79.998,970.939,132,15,25,40,4.115,100.482,0.413,90,16
14,85.4,846,18.128296,98.129913,11,26.51,68.9,0,-51.499,-79.833,970.041,133,16,26,41,4.115,100.727,0.414,90,16
14,85.5,847,18.128302,98.129921,12,26.51,68.8,0,-59.879,-79.27,971.873,134,17,27,42,4.115,101.022,0.416,90,16
14,85.6,848,18.128307,98.129929,13,26.51,68.8,0,-67.65,-78.31,976.267,135,18,28,43,4.114,101.364,0.417,90,16
14,85.7,849,18.128313,98.129936,14,26.51,68.8,0,-74.731,-76.958,982.824,136,19,29,44,4.114,101.755,0.419,90,16
14,85.8,850,18.128319,98.129944,10,26.5,68.7,0,-81.049,-75.223,990.945,137,10,30,45,4.114,102.191,0.42,90,16
14,85.9,851,18.128325,98.129951,11,26.5,68.7,0,-86.543,-73.111,999.892,138,11,31,46,4.114,102.674,0.422,90,16
14,86,852,18.12833,98.129959,12,26.5,68.7,0,-91.153,-70.634,1008.849,139,12,32,47,4.114,103.2,0.425,90,16
14,86.1,853,18.128336,98.129967,13,26.5,68.6,0,-94.835,-67.804,1016.999,140,13,33,48,4.114,103.769,0.427,90,16
14,86.2,854,18.128342,98.129974,14,26.5,68.6,0,-97.55,-64.636,1023.6,141,14,34,49,4.114,104.38,0.429,90,16
14,86.3,855,18.128347,98.129982,10,26.5,68.6,0,-99.271,-61.144,1028.052,142,15,20,50,4.114,105.03,0.432,90,16
14,86.4,856,18.128353,98.12999,11,26.5,68.5,0,-99.98,-57.347,1029.947,143,16,21,51,4.114,105.719,0.435,90,16
14,86.5,857,18.128359,98.129997,12,26.5,68.5,0,-99.671,-53.264,1029.114,144,17,22,52,4.114,106.444,0.438,90,16
14,86.6,858,18.128365,98.130005,13,26.5,68.5,0,-98.345,-48.914,1025.629,145,18,23,53,4.113,107.203,0.441,90,16
14,86.7,859,18.12837,98.130013,14,26.5,68.4,0,-96.017,-44.32,1019.808,146,19,24,54,4.113,107.995,0.444,90,16
14,86.8,860,18.128376,98.13002,10,26.5,68.4,0,-92.71,-39.504,1012.184,147,10,25,35,4.113,108.818,0.448,90,16
14,86.9,861,18.128382,98.130028,11,26.5,68.4,0,-88.458,-34.491,1003.448,148,11,26,36,4.113,109.669,0.451,90,16
14,87,862,18.128387,98.130035,12,26.5,68.3,0,-83.305,-29.306,994.399,149,12,27,37,4.113,110.547,0.455,90,16
14,87.1,863,18.128393,98.130043,13,26.5,68.3,0,-77.302,-23.974,985.859,150,13,28,38,4.113,111.449,0.458,90,16
14,87.2,864,18.128399,98.130051,14,26.51,68.2,0,-70.512,-18.523,978.609,151,14,29,39,4.113,112.372,0.462,90,16
14,87.3,865,18.128405,98.130058,10,26.51,68.2,0,-63.003,-12.979,973.307,152,15,30,40,4.113,113.315,0.466,90,16
14,87.4,866,18.12841,98.130066,11,26.51,68.2,0,-54.852,-7.37,970.437,153,16,31,41,4.113,114.275,0.47,90,16
14,87.5,867,18.128416,98.130074,12,26.51,68.1,0,-46.142,-1.724,970.261,154,17,32,42,4.113,115.25,0.474,90,16
14,87.6,868,18.128422,98.130081,13,26.51,68.1,0,-36.962,3.93,972.794,155,18,33,43,4.112,116.237,0.478,90,16
14,87.7,869,18.128428,98.130089,14,26.52,68.1,0,-27.405,9.564,977.805,156,19,34,44,4.112,117.233,0.482,90,16
14,87.8,870,18.128433,98.130096,10,26.52,68,0,-17.568,15.151,984.84,157,10,20,45,4.112,118.236,0.486,90,16
14,87.9,871,18.128439,98.130104,11,26.52,68,0,-7.552,20.663,993.254,158,11,21,46,4.112,119.244,0.49,90,16
14,88,872,18.128445,98.130112,12,26.53,67.9,0,2.54,26.07,1002.284,159,12,22,47,4.112,120.254,0.494,90,16
14,88.1,873,18.12845,98.130119,13,26.53,67.9,0,12.607,31.348,1011.106,160,13,23,48,4.112,121.263,0.499,90,16
14,88.2,874,18.128456,98.130127,14,26.53,67.8,0,22.545,36.469,1018.915,161,14,24,49,4.112,122.269,0.503,90,16
14,88.3,875,18.128462,98.130135,10,26.54,67.8,0,32.253,41.408,1025.002,162,15,25,50,4.112,123.269,0.507,90,16
14,88.4,876,18.128468,98.130142,11,26.54,67.8,0,41.633,46.14,1028.81,163,16,26,51,4.112,124.261,0.511,90,16
14,88.5,877,18.128473,98.13015,12,26.54,67.7,0,50.589,50.641,1029.994,164,17,27,52,4.112,125.242,0.515,90,16
14,88.6,878,18.128479,98.130157,13,26.55,67.7,0,59.028,54.89,1028.445,165,18,28,53,4.111,126.21,0.519,90,16
14,88.7,879,18.128485,98.130165,14,26.55,67.6,0,66.866,58.864,1024.304,166,19,29,54,4.111,127.161,0.523,90,16
14,88.8,880,18.12849,98.130173,10,26.56,67.6,0,74.022,62.544,1017.949,167,10,30,35,4.111,128.095,0.527,90,16
14,88.9,881,18.128496,98.13018,11,26.56,67.5,0,80.425,65.911,1009.958,168,11,31,36,4.111,129.008,0.53,90,16
14,89,882,18.128502,98.130188,12,26.57,67.5,0,86.007,68.95,1001.061,170,12,32,37,4.111,129.898,0.534,90,16
14,89.1,883,18.128508,98.130196,13,26.57,67.5,0,90.713,71.643,992.067,171,13,33,38,4.111,130.762,0.538,90,16
14,89.2,884,18.128513,98.130203,14,26.58,67.4,0,94.494,73.979,983.795,172,14,34,39,4.111,131.6,0.541,90,16
14,89.3,885,18.128519,98.130211,10,26.58,67.4,0,97.312,75.945,977,173,15,20,40,4.111,132.407,0.544,90,16
14,89.4,886,18.128525,98.130219,11,26.59,67.3,0,99.138,77.532,972.3,174,16,21,41,4.111,133.183,0.547,90,16
14,89.5,887,18.128531,98.130226,12,26.59,67.3,0,99.954,78.731,970.125,175,17,22,42,4.11,133.926,0.551,90,16
14,89.6,888,18.128536,98.130234,13,26.6,67.2,0,99.751,79.537,970.671,176,18,23,43,4.11,134.633,0.553,90,16
14,89.7,889,18.128542,98.130241,14,26.61,67.2,0,98.531,79.945,973.889,177,19,24,44,4.11,135.302,0.556,90,16
14,89.8,890,18.128548,98.130249,10,26.61,67.1,0,96.307,79.954,979.486,178,10,25,45,4.11,135.933,0.559,90,16
14,89.9,891,18.128553,98.130257,11,26.62,67.1,0,93.102,79.564,986.952,179,11,26,46,4.11,136.523,0.561,90,16
14,90,892,18.128559,98.130264,12,26.63,67.1,0,88.947,78.776,995.607,180,12,27,47,4.11,137.07,0.563,89,16
14,90.1,893,18.128565,98.130272,13,26.63,67,0,83.886,77.595,1004.662,181,13,28,48,4.11,137.575,0.565,89,16
14,90.2,894,18.128571,98.13028,14,26.64,67,0,77.97,76.025,1013.292,182,14,29,49,4.11,138.034,0.567,89,16
14,90.3,895,18.128576,98.130287,10,26.65,66.9,0,71.259,74.076,1020.712,183,15,30,50,4.11,138.448,0.569,89,16
14,90.4,896,18.128582,98.130295,11,26.65,66.9,0,63.822,71.757,1026.244,184,16,31,51,4.11,138.814,0.57,89,16
14,90.5,897,18.128588,98.130302,12,26.66,66.8,0,55.735,69.079,1029.385,185,17,32,52,4.109,139.133,0.572,89,16
14,90.6,898,18.128593,98.13031,13,26.67,66.8,0,47.079,66.056,1029.849,186,18,33,53,4.109,139.402,0.573,89,16
14,90.7,899,18.128599,98.130318,14,26.68,66.7,0,37.943,62.703,1027.594,187,19,34,54,4.109,139.623,0.574,89,16
14,90.8,900,18.128605,98.130325,10,26.68,66.7,0,28.421,59.037,1022.824,188,10,20,35,4.109,139.793,0.574,89,16
14,90.9,901,18.128611,98.130333,11,26.69,66.6,0,18.61,55.076,1015.976,189,11,21,36,4.109,139.912,0.575,89,16
14,91,902,18.128616,98.130341,12,26.7,66.6,0,8.608,50.84,1007.671,190,12,22,37,4.109,139.981,0.575,89,16
14,91.1,903,18.128622,98.130348,13,26.71,66.5,0,-1.481,46.349,998.667,191,13,23,38,4.109,139.999,0.575,89,16
14,91.2,904,18.128628,98.130356,14,26.72,66.5,0,-11.555,41.627,989.785,192,14,24,39,4.109,139.966,0.575,89,16
14,91.3,905,18.128633,98.130363,10,26.72,66.4,0,-21.512,36.697,981.834,193,15,25,40,4.109,139.883,0.575,89,16
14,91.4,906,18.128639,98.130371,11,26.73,66.4,0,-31.249,31.584,975.538,194,16,26,41,4.109,139.748,0.574,89,16
14,91.5,907,18.128645,98.130379,12,26.74,66.3,0,-40.668,26.313,971.47,195,17,27,42,4.108,139.563,0.573,89,16
14,91.6,908,18.128651,98.130386,13,26.75,66.3,0,-49.672,20.91,970.002,196,18,28,43,4.108,139.328,0.572,89,16
14,91.7,909,18.128656,98.130394,14,26.76,66.2,0,-58.169,15.403,971.267,197,19,29,44,4.108,139.044,0.571,89,16
14,91.8,910,18.128662,98.130402,10,26.77,66.2,0,-66.075,9.819,975.15,198,10,30,45,4.108,138.712,0.57,89,16
14,91.9,911,18.128668,98.130409,11,26.78,66.1,0,-73.306,4.186,981.296,199,11,31,46,4.108,138.331,0.568,89,16
14,92,912,18.128674,98.130417,12,26.79,66.1,0,-79.791,-1.468,989.147,200,12,32,47,4.108,137.904,0.567,89,16
14,92.1,913,18.128679,98.130424,13,26.79,66.1,0,-85.462,-7.114,997.987,201,13,33,48,4.108,137.431,0.565,89,16
14,92.2,914,18.128685,98.130432,14,26.8,66,0,-90.262,-12.726,1007.01,202,14,34,49,4.108,136.914,0.562,89,16
14,92.3,915,18.128691,98.13044,10,26.81,66,0,-94.142,-18.273,1015.394,203,15,20,50,4.108,136.354,0.56,89,16
14,92.4,916,18.128696,98.130447,11,26.82,65.9,0,-97.062,-23.729,1022.376,204,16,21,51,4.108,135.752,0.558,89,16
14,92.5,917,18.128702,98.130455,12,26.83,65.9,0,-98.994,-29.067,1027.32,205,17,22,52,4.107,135.11,0.555,89,16
14,92.6,918,18.128708,98.130463,13,26.84,65.8,0,-99.916,-34.26,1029.774,206,18,23,53,4.107,134.429,0.552,89,16
14,92.7,919,18.128714,98.13047,14,26.85,65.8,0,-99.82,-39.281,1029.515,207,19,24,54,4.107,133.711,0.549,89,16
14,92.8,920,18.128719,98.130478,10,26.86,65.7,0,-98.707,-44.106,1026.568,208,10,25,35,4.107,132.959,0.546,89,16
14,92.9,921,18.128725,98.130486,11,26.87,65.7,0,-96.587,-48.711,1021.199,209,11,26,36,4.107,132.173,0.543,89,16
14,93,922,18.128731,98.130493,12,26.88,65.6,0,-93.483,-53.072,1013.9,210,12,27,37,4.107,131.357,0.539,89,16
14,93.1,923,18.128736,98.130501,13,26.89,65.6,0,-89.426,-57.168,1005.334,211,13,28,38,4.107,130.511,0.536,89,16
14,93.2,924,18.128742,98.130508,14,26.9,65.5,0,-84.458,-60.978,996.282,212,14,29,39,4.107,129.639,0.532,89,16
14,93.3,925,18.128748,98.130516,10,26.91,65.5,0,-78.629,-64.484,987.569,213,15,30,40,4.107,128.742,0.529,89,16
14,93.4,926,18.128754,98.130524,11,26.92,65.4,0,-71.998,-67.668,979.988,214,16,31,41,4.107,127.823,0.525,89,16
14,93.5,927,18.128759,98.130531,12,26.93,65.4,0,-64.634,-70.513,974.231,215,17,32,42,4.106,126.884,0.521,89,16
14,93.6,928,18.128765,98.130539,13,26.94,65.3,0,-56.611,-73.007,970.821,216,18,33,43,4.106,125.927,0.517,89,16
14,93.7,929,18.128771,98.130547,14,26.95,65.3,0,-48.011,-75.135,970.07,217,19,34,44,4.106,124.956,0.513,89,16
14,93.8,930,18.128777,98.130554,10,26.96,65.2,0,-38.922,-76.888,972.046,218,10,20,45,4.106,123.971,0.509,89,16
14,93.9,931,18.128782,98.130562,11,26.97,65.1,0,-29.436,-78.257,976.568,219,11,21,46,4.106,122.977,0.505,89,16
14,94.1,932,18.128788,98.130569,12,26.98,65.1,0,-19.649,-79.235,983.227,220,12,22,47,4.106,121.975,0.501,89,16
14,94.2,933,18.128794,98.130577,13,26.99,65,0,-9.663,-79.816,991.412,221,13,23,48,4.106,120.967,0.497,89,16
14,94.3,934,18.128799,98.130585,14,27,65,0,0.422,-80,1000.379,222,14,24,49,4.106,119.958,0.493,89,16
14,94.4,935,18.128805,98.130592,10,27.01,64.9,0,10.502,-79.783,1009.313,223,15,25,50,4.106,118.948,0.488,89,16
14,94.5,936,18.128811,98.1306,11,27.02,64.9,0,20.476,-79.168,1017.398,224,16,26,51,4.106,117.941,0.484,89,16
14,94.6,937,18.128817,98.130608,12,27.03,64.8,0,30.241,-78.157,1023.898,225,17,27,52,4.105,116.94,0.48,89,16
14,94.7,938,18.128822,98.130615,13,27.04,64.8,0,39.697,-76.756,1028.221,226,18,28,53,4.105,115.946,0.476,89,16
14,94.8,939,18.128828,98.130623,14,27.05,64.7,0,48.75,-74.971,1029.972,227,19,29,54,4.105,114.963,0.472,89,16
14,94.9,940,18.128834,98.13063,10,27.06,64.7,0,57.305,-72.812,1028.993,228,10,30,35,4.105,113.992,0.468,89,16
14,95,941,18.128839,98.130638,11,27.07,64.6,0,65.276,-70.289,1025.372,229,11,31,36,4.105,113.037,0.464,89,16
14,95.1,942,18.128845,98.130646,12,27.08,64.6,0,72.581,-67.414,1019.44,230,12,32,37,4.105,112.099,0.46,89,16
14,95.2,943,18.128851,98.130653,13,27.09,64.5,0,79.148,-64.203,1011.736,231,13,33,38,4.105,111.182,0.456,89,16
14,95.3,944,18.128857,98.130661,14,27.1,64.5,0,84.907,-60.671,1002.963,232,14,34,39,4.105,110.287,0.453,89,16
14,95.4,945,18.128862,98.130669,10,27.11,64.4,0,89.801,-56.836,993.921,233,15,20,40,4.105,109.417,0.449,89,16
14,95.5,946,18.128868,98.130676,11,27.12,64.4,0,93.779,-52.717,985.432,234,16,21,41,4.105,108.574,0.446,89,16
14,95.6,947,18.128874,98.130684,12,27.13,64.3,0,96.802,-48.335,978.27,235,17,22,42,4.104,107.76,0.442,89,16
14,95.7,948,18.12888,98.130692,13,27.14,64.3,0,98.838,-43.711,973.088,236,18,23,43,4.104,106.977,0.439,89,16
14,95.8,949,18.128885,98.130699,14,27.15,64.2,0,99.867,-38.869,970.358,237,19,24,44,4.104,106.227,0.436,89,16
14,95.9,950,18.128891,98.130707,10,27.16,64.2,0,99.878,-33.832,970.329,238,10,25,45,4.104,105.513,0.433,89,16
14,96,951,18.128897,98.130714,11,27.17,64.1,0,98.871,-28.626,973.003,239,11,26,46,4.104,104.835,0.43,89,16
14,96.1,952,18.128902,98.130722,12,27.18,64.1,0,96.856,-23.278,978.137,240,12,27,47,4.104,104.196,0.428,89,16
14,96.2,953,18.128908,98.13073,13,27.19,64,0,93.854,-17.813,985.263,241,13,28,48,4.104,103.598,0.425,89,16
14,96.3,954,18.128914,98.130737,14,27.2,64,0,89.895,-12.259,993.731,242,14,29,49,4.104,103.041,0.423,89,16
14,96.4,955,18.12892,98.130745,10,27.21,63.9,0,85.02,-6.644,1002.771,243,15,30,50,4.104,102.527,0.421,89,16
14,96.5,956,18.128925,98.130753,11,27.22,63.9,0,79.279,-0.995,1011.557,244,16,31,51,4.104,102.058,0.419,89,16
14,96.6,957,18.128931,98.13076,12,27.22,63.8,0,72.73,4.658,1019.291,245,17,32,52,4.103,101.635,0.417,89,16
14,96.7,958,18.128937,98.130768,13,27.23,63.8,0,65.439,10.288,1025.268,246,18,33,53,4.103,101.259,0.415,89,16
14,96.8,959,18.128942,98.130775,14,27.24,63.7,0,57.481,15.867,1028.942,247,19,34,54,4.103,100.93,0.414,89,16
14,96.9,960,18.128948,98.130783,10,27.25,63.7,0,48.938,21.366,1029.98,248,10,20,35,4.103,100.65,0.413,89,16
14,97,961,18.128954,98.130791,11,27.26,63.7,0,39.895,26.759,1028.286,249,11,21,36,4.103,100.42,0.412,89,16
14,97.1,962,18.12896,98.130798,12,27.27,63.6,0,30.446,32.018,1024.015,250,12,22,37,4.103,100.239,0.411,89,16
14,97.2,963,18.128965,98.130806,13,27.28,63.6,0,20.687,37.117,1017.556,251,13,23,38,4.103,100.108,0.411,89,16
14,97.3,964,18.128971,98.130814,14,27.29,63.5,0,10.717,42.03,1009.497,252,14,24,39,4.103,100.029,0.41,89,16
14,97.4,965,18.128977,98.130821,10,27.29,63.5,0,0.637,46.734,1000.573,253,15,25,40,4.103,100,0.41,89,16
14,97.5,966,18.128983,98.130829,11,27.3,63.4,0,-9.449,51.204,991.598,254,16,26,41,4.103,100.022,0.41,89,16
14,97.6,967,18.128988,98.130836,12,27.31,63.4,0,-19.438,55.418,983.387,255,17,27,42,4.102,100.096,0.411,89,16
14,97.7,968,18.128994,98.130844,13,27.32,63.3,0,-29.229,59.355,976.69,256,18,28,43,4.102,100.22,0.411,89,16
14,97.8,969,18.129,98.130852,14,27.33,63.3,0,-38.723,62.996,972.117,257,19,29,44,4.102,100.394,0.412,89,16
14,97.9,970,18.129005,98.130859,10,27.33,63.2,0,-47.822,66.322,970.084,258,10,30,45,4.102,100.618,0.413,89,16
14,98,971,18.129011,98.130867,11,27.34,63.2,0,-56.433,69.316,970.777,259,11,31,46,4.102,100.892,0.414,89,16
14,98.1,972,18.129017,98.130875,12,27.35,63.1,0,-64.469,71.965,974.132,260,12,32,47,4.102,101.215,0.415,89,16
14,98.2,973,18.129023,98.130882,13,27.35,63.1,0,-71.849,74.253,979.844,261,13,33,48,4.102,101.585,0.417,89,16
14,98.3,974,18.129028,98.13089,14,27.36,63,0,-78.496,76.171,987.393,262,14,34,49,4.102,102.003,0.418,89,16
14,98.4,975,18.129034,98.130898,10,27.37,63,0,-84.342,77.708,996.089,263,15,20,50,4.102,102.466,0.42,89,16
14,98.5,976,18.12904,98.130905,11,27.38,62.9,0,-89.33,78.857,1005.143,264,16,21,51,4.102,102.974,0.422,89,16
14,98.6,977,18.129045,98.130913,12,27.38,62.9,0,-93.406,79.612,1013.728,265,17,22,52,4.101,103.525,0.425,89,16
14,98.7,978,18.129051,98.13092,13,27.39,62.8,0,-96.531,79.969,1021.062,266,18,23,53,4.101,104.119,0.427,89,16
14,98.8,979,18.129057,98.130928,14,27.39,62.8,0,-98.672,79.927,1026.477,267,19,24,54,4.101,104.752,0.43,89,16
14,98.9,980,18.129063,98.130936,10,27.4,62.8,0,-99.807,79.485,1029.48,268,10,25,35,4.101,105.425,0.432,89,16
14,99,981,18.129068,98.130943,11,27.41,62.7,0,-99.925,78.646,1029.797,269,11,26,36,4.101,106.135,0.435,89,16
14,99.1,982,18.129074,98.130951,12,27.41,62.7,0,-99.024,77.414,1027.399,271,12,27,37,4.101,106.88,0.438,88,16
14,99.2,983,18.12908,98.130959,13,27.42,62.6,0,-97.114,75.795,1022.505,272,13,28,38,4.101,107.659,0.441,88,16
14,99.3,984,18.129086,98.130966,14,27.42,62.6,0,-94.214,73.798,1015.56,273,14,29,39,4.101,108.469,0.445,88,16
14,99.4,985,18.129091,98.130974,10,27.43,62.5,0,-90.354,71.432,1007.199,274,15,30,40,4.101,109.309,0.448,88,16
14,99.5,986,18.129097,98.130981,11,27.43,62.5,0,-85.573,68.709,998.18,275,16,31,41,4.1,110.176,0.452,88,16
14,99.6,987,18.129103,98.130989,12,27.44,62.4,0,-79.92,65.642,989.328,276,17,32,42,4.1,111.068,0.455,88,16
14,99.7,988,18.129108,98.130997,13,27.44,62.4,0,-73.452,62.248,981.448,277,18,33,43,4.1,111.982,0.459,88,16
14,99.8,989,18.129114,98.131004,14,27.45,62.4,0,-66.236,58.543,975.259,278,19,34,44,4.1,112.917,0.463,88,16
14,99.9,990,18.12912,98.131012,10,27.45,62.3,0,-58.345,54.545,971.323,279,10,20,45,4.1,113.871,0.467,88,16
14,100,991,18.129126,98.13102,11,27.46,62.3,0,-49.858,50.274,970,280,11,21,46,4.1,114.839,0.471,88,16
14,100.1,992,18.129131,98.131027,12,27.46,62.2,0,-40.864,45.753,971.411,281,12,22,47,4.1,115.821,0.475,88,16
14,100.2,993,18.129137,98.131035,13,27.46,62.2,0,-31.453,41.003,975.426,282,13,23,48,4.1,116.814,0.479,88,16
14,100.3,994,18.129143,98.131042,14,27.47,62.2,0,-21.722,36.048,981.68,283,14,24,49,4.1,117.815,0.483,88,16
14,100.4,995,18.129148,98.13105,10,27.47,62.1,0,-11.769,30.913,989.604,284,15,25,50,4.1,118.821,0.487,88,16
14,100.5,996,18.129154,98.131058,11,27.48,62.1,0,-1.696,25.623,998.474,285,16,26,51,4.099,119.83,0.491,88,16
14,100.6,997,18.12916,98.131065,12,27.48,62,0,8.393,20.206,1007.483,286,17,27,52,4.099,120.84,0.495,88,16
14,100.7,998,18.129166,98.131073,13,27.48,62,0,18.398,14.687,1015.811,287,18,28,53,4.099,121.848,0.499,88,16
14,100.8,999,18.129171,98.131081,14,27.48,61.9,0,28.215,9.095,1022.698,288,19,29,54,4.099,122.851,0.504,88,16
14,100.9,1000,18.129177,98.131088,10,27.49,61.9,0,37.744,3.458,1027.517,289,10,30,35,4.099,123.846,0.508,88,16
14,101,1001,18.129183,98.131096,11,27.49,61.9,0,46.889,-2.197,1029.829,290,11,31,36,4.099,124.832,0.512,88,16
14,101.1,1002,18.129189,98.131104,12,27.49,61.8,0,55.556,-7.841,1029.424,291,12,32,37,4.099,125.806,0.516,88,16
14,101.2,1003,18.129194,98.131111,13,27.49,61.8,0,63.656,-13.445,1026.338,292,13,33,38,4.099,126.764,0.52,88,16
14,101.3,1004,18.1292,98.131119,14,27.49,61.8,0,71.108,-18.982,1020.851,293,14,34,39,4.099,127.706,0.523,88,16
14,101.4,1005,18.129206,98.131126,10,27.5,61.7,0,77.835,-24.425,1013.466,294,15,20,40,4.099,128.627,0.527,88,16
14,101.5,1006,18.129211,98.131134,11,27.5,61.7,0,83.769,-29.745,1004.853,295,16,21,41,4.098,129.527,0.531,88,16
14,101.6,1007,18.129217,98.131142,12,27.5,61.6,0,88.849,-34.917,995.798,296,17,22,42,4.098,130.403,0.534,88,16
14,101.7,1008,18.129223,98.131149,13,27.5,61.6,0,93.023,-39.914,987.127,297,18,23,43,4.098,131.252,0.538,88,16
14,101.8,1009,18.129229,98.131157,14,27.5,61.6,0,96.249,-44.713,979.627,298,19,24,44,4.098,132.072,0.541,88,16
14,101.9,1010,18.129234,98.131165,10,27.5,61.5,0,98.494,-49.287,973.985,299,10,25,45,4.098,132.862,0.544,88,16
14,102,1011,18.12924,98.131172,11,27.5,61.5,0,99.735,-53.615,970.712,300,11,26,46,4.098,133.618,0.548,88,16
14,102.1,1012,18.129246,98.13118,12,27.5,61.5,0,99.96,-57.676,970.108,301,12,27,47,4.098,134.34,0.551,88,16
14,102.2,1013,18.129251,98.131187,13,27.5,61.4,0,99.166,-61.448,972.227,302,13,28,48,4.098,135.026,0.553,88,16
14,102.3,1014,18.129257,98.131195,14,27.5,61.4,0,97.361,-64.913,976.876,303,14,29,49,4.098,135.673,0.556,88,16
14,102.4,1015,18.129263,98.131203,10,27.5,61.3,0,94.564,-68.054,983.633,304,15,30,50,4.098,136.28,0.558,88,16
14,102.5,1016,18.129269,98.13121,11,27.5,61.3,0,90.803,-70.855,991.88,305,16,31,51,4.097,136.846,0.561,88,16
14,102.6,1017,18.129274,98.131218,12,27.5,61.3,0,86.116,-73.302,1000.867,306,17,32,52,4.097,137.369,0.563,88,16
14,102.7,1018,18.12928,98.131226,13,27.5,61.2,0,80.552,-75.382,1009.776,307,18,33,53,4.097,137.847,0.565,88,16
14,102.8,1019,18.129286,98.131233,14,27.49,61.2,0,74.167,-77.086,1017.793,308,19,34,54,4.097,138.28,0.567,88,16
14,102.9,1020,18.129292,98.131241,10,27.49,61.2,0,67.026,-78.405,1024.19,309,10,20,35,4.097,138.666,0.568,88,16
14,103,1021,18.129297,98.131248,11,27.49,61.1,0,59.201,-79.332,1028.383,310,11,21,36,4.097,139.005,0.569,88,16
14,103.1,1022,18.129303,98.131256,12,27.49,61.1,0,50.774,-79.863,1029.989,311,12,22,37,4.097,139.295,0.571,88,16
14,103.2,1023,18.129309,98.131264,13,27.49,61.1,0,41.829,-79.994,1028.864,312,13,23,38,4.097,139.536,0.572,88,16
14,103.3,1024,18.129314,98.131271,14,27.48,61.1,0,32.457,-79.726,1025.108,313,14,24,39,4.097,139.727,0.572,88,16
14,103.4,1025,18.12932,98.131279,10,27.48,61,0,22.755,-79.06,1019.065,314,15,25,40,4.097,139.868,0.573,88,16
14,103.5,1026,18.129326,98.131287,11,27.48,61,0,12.821,-77.998,1011.286,315,16,26,41,4.096,139.959,0.573,88,16
14,103.6,1027,18.129332,98.131294,12,27.48,61,0,2.756,-76.547,1002.477,316,17,27,42,4.096,139.998,0.573,88,16
14,103.7,1028,18.129337,98.131302,13,27.47,60.9,0,-7.338,-74.714,993.443,317,18,28,43,4.096,139.987,0.573,88,16
14,103.8,1029,18.129343,98.13131,14,27.47,60.9,0,-17.356,-72.507,985.007,318,19,29,44,4.096,139.924,0.573,88,16
14,103.9,1030,18.129349,98.131317,10,27.47,60.9,0,-27.197,-69.938,977.937,319,10,30,45,4.096,139.811,0.573,88,16
14,104,1031,18.129354,98.131325,11,27.46,60.8,0,-36.762,-67.019,972.876,320,11,31,46,4.096,139.647,0.572,88,16
14,104.2,1032,18.12936,98.131332,12,27.46,60.8,0,-45.951,-63.766,970.287,321,12,32,47,4.096,139.433,0.571,88,16
14,104.3,1033,18.129366,98.13134,13,27.45,60.8,0,-54.672,-60.194,970.405,322,13,33,48,4.096,139.169,0.57,88,16
14,104.4,1034,18.129372,98.131348,14,27.45,60.8,0,-62.836,-56.321,973.219,323,14,34,49,4.096,138.857,0.569,88,16
14,104.5,1035,18.129377,98.131355,10,27.45,60.7,0,-70.36,-52.166,978.474,324,15,20,50,4.096,138.496,0.567,88,16
14,104.6,1036,18.129383,98.131363,11,27.44,60.7,0,-77.166,-47.752,985.689,325,16,21,51,4.095,138.089,0.566,88,16
14,104.7,1037,18.129389,98.131371,12,27.44,60.7,0,-83.185,-43.098,994.208,326,17,22,52,4.095,137.635,0.564,88,16
14,104.8,1038,18.129395,98.131378,13,27.43,60.7,0,-88.357,-38.23,1003.256,327,18,23,53,4.095,137.136,0.562,88,16
14,104.9,1039,18.1294,98.131386,14,27.43,60.6,0,-92.629,-33.17,1012.006,328,19,24,54,4.095,136.594,0.559,88,16
14,105,1040,18.129406,98.131393,10,27.42,60.6,0,-95.956,-27.944,1019.662,329,10,25,35,4.095,136.009,0.557,88,16
14,105.1,1041,18.129412,98.131401,11,27.42,60.6,0,-98.305,-22.579,1025.528,330,11,26,36,4.095,135.384,0.554,88,16
14,105.2,1042,18.129417,98.131409,12,27.41,60.6,0,-99.653,-17.101,1029.067,331,12,27,37,4.095,134.719,0.552,88,16
14,105.3,1043,18.129423,98.131416,13,27.4,60.5,0,-99.984,-11.538,1029.958,332,13,28,38,4.095,134.017,0.549,88,16
14,105.4,1044,18.129429,98.131424,14,27.4,60.5,0,-99.297,-5.917,1028.12,333,14,29,39,4.095,133.279,0.546,88,16
14,105.5,1045,18.129435,98.131432,10,27.39,60.5,0,-97.598,-0.266,1023.72,334,15,30,40,4.095,132.507,0.543,88,16
14,105.6,1046,18.12944,98.131439,11,27.38,60.5,0,-94.903,5.386,1017.158,335,16,31,41,4.094,131.703,0.539,88,16
14,105.7,1047,18.129446,98.131447,12,27.38,60.5,0,-91.242,11.011,1009.034,336,17,32,42,4.094,130.87,0.536,88,16
14,105.8,1048,18.129452,98.131454,13,27.37,60.4,0,-86.65,16.581,1000.086,337,18,33,43,4.094,130.008,0.532,88,16
14,105.9,1049,18.129457,98.131462,14,27.36,60.4,0,-81.176,22.068,991.131,338,19,34,44,4.094,129.121,0.529,88,16
14,106,1050,18.129463,98.13147,10,27.36,60.4,0,-74.873,27.445,982.983,339,10,20,45,4.094,128.211,0.525,88,16
14,106.1,1051,18.129469,98.131477,11,27.35,60.4,0,-67.808,32.685,976.386,340,11,21,46,4.094,127.28,0.521,88,16
14,106.2,1052,18.129475,98.131485,12,27.34,60.4,0,-60.052,37.761,971.94,341,12,22,47,4.094,126.331,0.517,88,16
14,106.3,1053,18.12948,98.131493,13,27.34,60.3,0,-51.683,42.649,970.052,342,13,23,48,4.094,125.365,0.513,88,16
14,106.4,1054,18.129486,98.1315,14,27.33,60.3,0,-42.788,47.324,970.891,343,14,24,49,4.094,124.386,0.509,88,16
14,106.5,1055,18.129492,98.131508,10,27.32,60.3,0,-33.457,51.762,974.383,344,15,25,50,4.094,123.395,0.505,88,16
14,106.6,1056,18.129498,98.131516,11,27.31,60.3,0,-23.785,55.941,980.208,345,16,26,51,4.093,122.396,0.501,88,16
14,106.7,1057,18.129503,98.131523,12,27.31,60.3,0,-13.87,59.842,987.838,346,17,27,52,4.093,121.39,0.497,88,16
14,106.8,1058,18.129509,98.131531,13,27.3,60.3,0,-3.814,63.443,996.574,347,18,28,53,4.093,120.381,0.493,88,16
14,106.9,1059,18.129515,98.131538,14,27.29,60.2,0,6.281,66.727,1005.622,348,19,29,54,4.093,119.372,0.489,88,16
14,107,1060,18.12952,98.131546,10,27.28,60.2,0,16.311,69.677,1014.16,349,10,30,35,4.093,118.363,0.484,88,16
14,107.1,1061,18.129526,98.131554,11,27.27,60.2,0,26.177,72.28,1021.406,350,11,31,36,4.093,117.359,0.48,88,16
14,107.2,1062,18.129532,98.131561,12,27.26,60.2,0,35.774,74.522,1026.703,351,12,32,37,4.093,116.362,0.476,88,16
14,107.3,1063,18.129538,98.131569,13,27.25,60.2,0,45.007,76.391,1029.566,352,13,33,38,4.093,115.374,0.472,88,16
14,107.4,1064,18.129543,98.131577,14,27.25,60.2,0,53.782,77.878,1029.736,353,14,34,39,4.093,114.397,0.468,88,16
14,107.5,1065,18.129549,98.131584,10,27.24,60.2,0,62.009,78.977,1027.197,354,15,20,40,4.093,113.435,0.464,88,16
14,107.6,1066,18.129555,98.131592,11,27.23,60.1,0,69.603,79.68,1022.179,355,16,21,41,4.092,112.49,0.46,88,16
14,107.7,1067,18.12956,98.131599,12,27.22,60.1,0,76.488,79.986,1015.141,356,17,22,42,4.092,111.564,0.457,88,16
14,107.8,1068,18.129566,98.131607,13,27.21,60.1,0,82.593,79.892,1006.724,357,18,23,43,4.092,110.659,0.453,88,16
14,107.9,1069,18.129572,98.131615,14,27.2,60.1,0,87.857,79.399,997.693,358,19,24,44,4.092,109.779,0.449,88,16
14,108,1070,18.129578,98.131622,10,27.19,60.1,0,92.225,78.509,988.874,359,10,25,45,4.092,108.924,0.446,88,16
14,108.1,1071,18.129583,98.13163,11,27.18,60.1,0,95.653,77.227,981.067,0,11,26,46,4.092,108.097,0.442,87,16
14,108.2,1072,18.129589,98.131638,12,27.17,60.1,0,98.106,75.559,974.986,1,12,27,47,4.092,107.301,0.439,87,16
14,108.3,1073,18.129595,98.131645,13,27.16,60.1,0,99.559,73.513,971.184,2,13,28,48,4.092,106.538,0.436,87,16
14,108.4,1074,18.129601,98.131653,14,27.15,60.1,0,99.998,71.1,970.007,3,14,29,49,4.092,105.808,0.433,87,16
14,108.5,1075,18.129606,98.13166,10,27.14,60.1,0,99.417,68.332,971.562,4,15,30,50,4.092,105.115,0.43,87,16
14,108.6,1076,18.129612,98.131668,11,27.13,60,0,97.823,65.223,975.709,5,16,31,51,4.091,104.46,0.427,87,16
14,108.7,1077,18.129618,98.131676,12,27.12,60,0,95.232,61.787,982.069,6,17,32,52,4.091,103.844,0.425,87,16
14,108.8,1078,18.129623,98.131683,13,27.11,60,0,91.67,58.043,990.062,7,18,33,53,4.091,103.269,0.422,87,16
14,108.9,1079,18.129629,98.131691,14,27.11,60,0,87.174,54.009,998.961,8,19,34,54,4.091,102.737,0.42,87,16
14,109,1080,18.129635,98.131699,10,27.1,60,0,81.789,49.705,1007.955,9,10,20,35,4.091,102.25,0.418,87,16
14,109.1,1081,18.129641,98.131706,11,27.09,60,0,75.571,45.153,1016.223,10,11,21,36,4.091,101.807,0.416,87,16
14,109.2,1082,18.129646,98.131714,12,27.08,60,0,68.583,40.375,1023.014,12,12,22,37,4.091,101.411,0.415,87,16
14,109.3,1083,18.129652,98.131721,13,27.07,60,0,60.895,35.395,1027.708,13,13,23,38,4.091,101.062,0.413,87,16
14,109.4,1084,18.129658,98.131729,14,27.06,60,0,52.587,30.239,1029.877,14,14,24,39,4.091,100.762,0.412,87,16
14,109.5,1085,18.129663,98.131737,10,27.05,60,0,43.744,24.931,1029.325,15,15,25,40,4.09,100.51,0.411,87,16
14,109.6,1086,18.129669,98.131744,11,27.04,60,0,34.454,19.499,1026.101,16,16,26,41,4.09,100.309,0.41,87,16
14,109.7,1087,18.129675,98.131752,12,27.03,60,0,24.812,13.97,1020.498,17,17,27,42,4.09,100.157,0.41,87,16
14,109.8,1088,18.129681,98.13176,13,27.01,60,0,14.918,8.37,1013.028,18,18,28,43,4.09,100.056,0.409,87,16
14,109.9,1089,18.129686,98.131767,14,27,60,0,4.873,2.729,1004.371,19,19,29,44,4.09,100.006,0.409,87,16
14,110,1090,18.129692,98.131775,10,26.99,60,0,-5.224,-2.926,995.316,20,10,30,45,4.09,100.007,0.409,87,16
14,110.1,1091,18.129698,98.131783,11,26.98,60,0,-15.266,-8.566,986.688,21,11,31,46,4.09,100.059,0.409,87,16
14,110.2,1092,18.129704,98.13179,12,26.97,60,0,-25.153,-14.163,979.272,22,12,32,47,4.09,100.161,0.41,87,16
14,110.3,1093,18.129709,98.131798,13,26.96,60,0,-34.783,-19.69,973.745,23,13,33,48,4.09,100.315,0.41,87,16
14,110.4,1094,18.129715,98.131805,14,26.95,60,0,-44.059,-25.118,970.61,24,14,34,49,4.09,100.518,0.411,87,16
14,110.5,1095,18.129721,98.131813,10,26.94,60,0,-52.886,-30.421,970.153,25,15,20,50,4.089,100.771,0.412,87,16
14,110.6,1096,18.129726,98.131821,11,26.93,60,0,-61.174,-35.572,972.415,26,16,21,51,4.089,101.074,0.413,87,16
14,110.7,1097,18.129732,98.131828,12,26.92,60,0,-68.838,-40.545,977.19,27,17,22,52,4.089,101.424,0.415,87,16
14,110.8,1098,18.129738,98.131836,13,26.91,60,0,-75.801,-45.315,984.044,28,18,23,53,4.089,101.822,0.416,87,16
14,110.9,1099,18.129744,98.131844,14,26.9,60,0,-81.991,-49.859,992.351,29,19,24,54,4.089,102.266,0.418,87,16
14,111,1100,18.129749,98.131851,10,26.89,60,0,-87.346,-54.154,1001.354,30,10,25,35,4.089,102.755,0.42,87,16
14,111.1,1101,18.129755,98.131859,11,26.88,60,0,-91.81,-58.179,1010.235,31,11,26,36,4.089,103.289,0.422,87,16
14,111.2,1102,18.129761,98.131866,12,26.87,60,0,-95.338,-61.912,1018.184,32,12,27,37,4.089,103.865,0.425,87,16
14,111.3,1103,18.129766,98.131874,13,26.87,60,0,-97.895,-65.336,1024.475,33,13,28,38,4.089,104.482,0.427,87,16
14,111.4,1104,18.129772,98.131882,14,26.86,60.1,0,-99.454,-68.434,1028.537,34,14,29,39,4.089,105.138,0.43,87,16
14,111.5,1105,18.129778,98.131889,10,26.85,60.1,0,-99.999,-71.19,1029.998,35,15,30,40,4.088,105.833,0.433,87,16
14,111.6,1106,18.129784,98.131897,11,26.84,60.1,0,-99.525,-73.591,1028.727,36,16,31,41,4.088,106.564,0.436,87,16
14,111.7,1107,18.129789,98.131905,12,26.83,60.1,0,-98.037,-75.623,1024.838,37,17,32,42,4.088,107.328,0.439,87,16
14,111.8,1108,18.129795,98.131912,13,26.82,60.1,0,-95.55,-77.278,1018.686,38,18,33,43,4.088,108.126,0.442,87,16
14,111.9,1109,18.129801,98.13192,14,26.81,60.1,0,-92.088,-78.546,1010.832,39,19,34,44,4.088,108.953,0.445,87,16
14,112,1110,18.129807,98.131927,10,26.8,60.1,0,-87.688,-79.423,1001.991,40,10,20,45,4.088,109.809,0.449,87,16
14,112.1,1111,18.129812,98.131935,11,26.79,60.1,0,-82.394,-79.902,992.969,41,11,21,46,4.088,110.691,0.452,87,16
14,112.2,1112,18.129818,98.131943,12,26.78,60.1,0,-76.261,-79.982,984.586,42,12,22,47,4.088,111.596,0.456,87,16
14,112.3,1113,18.129824,98.13195,13,26.77,60.1,0,-69.35,-79.663,977.609,43,13,23,48,4.088,112.523,0.46,87,16
14,112.4,1114,18.129829,98.131958,14,26.76,60.2,0,-61.732,-78.945,972.672,44,14,24,49,4.088,113.469,0.464,87,16
14,112.5,1115,18.129835,98.131966,10,26.75,60.2,0,-53.486,-77.833,970.224,45,15,25,50,4.087,114.431,0.468,87,16
14,112.6,1116,18.129841,98.131973,11,26.74,60.2,0,-44.693,-76.332,970.489,46,16,26,51,4.087,115.408,0.472,87,16
14,112.7,1117,18.129847,98.131981,12,26.74,60.2,0,-35.446,-74.45,973.443,47,17,27,52,4.087,116.396,0.476,87,16
14,112.8,1118,18.129852,98.131989,13,26.73,60.2,0,-25.837,-72.196,978.816,48,18,28,53,4.087,117.394,0.48,87,16
14,112.9,1119,18.129858,98.131996,14,26.72,60.2,0,-15.965,-69.581,986.119,49,19,29,54,4.087,118.398,0.484,87,16
14,113,1120,18.129864,98.132004,10,26.71,60.2,0,-5.93,-66.618,994.688,50,10,30,35,4.087,119.407,0.488,87,16
14,113.1,1121,18.129869,98.132011,11,26.7,60.3,0,4.165,-63.323,1003.74,51,11,31,36,4.087,120.417,0.492,87,16
14,113.2,1122,18.129875,98.132019,12,26.69,60.3,0,14.218,-59.711,1012.451,52,12,32,37,4.087,121.425,0.496,87,16
14,113.3,1123,18.129881,98.132027,13,26.69,60.3,0,24.126,-55.8,1020.029,53,13,33,38,4.087,122.431,0.5,87,16
14,113.4,1124,18.129887,98.132034,14,26.68,60.3,0,33.788,-51.612,1025.78,54,14,34,39,4.087,123.43,0.504,87,16
14,113.5,1125,18.129892,98.132042,10,26.67,60.3,0,43.106,-47.165,1029.184,55,15,20,40,4.086,124.42,0.508,87,16
14,113.6,1126,18.129898,98.13205,11,26.66,60.3,0,51.984,-42.482,1029.928,56,16,21,41,4.086,125.399,0.512,87,16
14,113.7,1127,18.129904,98.132057,12,26.66,60.4,0,60.333,-37.587,1027.946,57,17,22,42,4.086,126.364,0.516,87,16
14,113.8,1128,18.12991,98.132065,13,26.65,60.4,0,68.066,-32.505,1023.418,58,18,23,43,4.086,127.313,0.52,87,16
14,113.9,1129,18.129915,98.132072,14,26.64,60.4,0,75.106,-27.26,1016.755,59,19,24,44,4.086,128.243,0.524,87,16
14,114,1130,18.129921,98.13208,10,26.63,60.4,0,81.38,-21.879,1008.568,60,10,25,45,4.086,129.153,0.528,87,16
14,114.1,1131,18.129927,98.132088,11,26.63,60.4,0,86.825,-16.388,999.597,61,11,26,46,4.086,130.039,0.531,87,16
14,114.2,1132,18.129932,98.132095,12,26.62,60.5,0,91.385,-10.816,990.666,62,12,27,47,4.086,130.899,0.535,87,16
14,114.4,1133,18.129938,98.132103,13,26.61,60.5,0,95.013,-5.189,982.584,63,13,28,48,4.086,131.732,0.538,87,16
14,114.5,1134,18.129944,98.132111,14,26.61,60.5,0,97.674,0.463,976.088,64,14,29,49,4.086,132.534,0.541,87,16
14,114.6,1135,18.12995,98.132118,10,26.6,60.5,0,99.338,6.113,971.772,65,15,30,50,4.085,133.305,0.545,87,16
14,114.7,1136,18.129955,98.132126,11,26.6,60.5,0,99.99,11.732,970.027,66,16,31,51,4.085,134.042,0.548,87,16
14,114.8,1137,18.129961,98.132133,12,26.59,60.6,0,99.623,17.293,971.013,67,17,32,52,4.085,134.743,0.55,87,16
14,114.9,1138,18.129967,98.132141,13,26.58,60.6,0,98.24,22.768,974.64,68,18,33,53,4.085,135.406,0.553,87,16
14,115,1139,18.129972,98.132149,14,26.58,60.6,0,95.857,28.129,980.578,69,19,34,54,4.085,136.03,0.556,87,16
14,115.1,1140,18.129978,98.132156,10,26.57,60.6,0,92.496,33.349,988.285,70,10,20,35,4.085,136.614,0.558,87,16
14,115.2,1141,18.129984,98.132164,11,26.57,60.7,0,88.193,38.402,997.059,71,11,21,36,4.085,137.155,0.56,87,16
14,115.3,1142,18.12999,98.132172,12,26.56,60.7,0,82.99,43.264,1006.101,72,12,22,37,4.085,137.652,0.562,87,16
14,115.4,1143,18.129995,98.132179,13,26.56,60.7,0,76.942,47.909,1014.588,73,13,23,38,4.085,138.104,0.564,87,16
14,115.5,1144,18.130001,98.132187,14,26.55,60.7,0,70.109,52.316,1021.745,74,14,24,39,4.085,138.51,0.566,87,16
14,115.6,1145,18.130007,98.132195,10,26.55,60.8,0,62.562,56.46,1026.922,75,15,25,40,4.084,138.869,0.567,87,16
14,115.7,1146,18.130013,98.132202,11,26.55,60.8,0,54.377,60.323,1029.645,76,16,26,41,4.084,139.179,0.568,87,16
14,115.8,1147,18.130018,98.13221,12,26.54,60.8,0,45.639,63.884,1029.668,77,17,27,42,4.084,139.441,0.57,87,16
14,115.9,1148,18.130024,98.132217,13,26.54,60.8,0,36.435,67.126,1026.987,78,18,28,43,4.084,139.653,0.57,87,16
14,116,1149,18.13003,98.132225,14,26.53,60.9,0,26.859,70.033,1021.848,79,19,29,44,4.084,139.815,0.571,87,16
14,116.1,1150,18.130035,98.132233,10,26.53,60.9,0,17.01,72.59,1014.718,80,10,30,45,4.084,139.927,0.571,87,16
14,116.2,1151,18.130041,98.13224,11,26.53,60.9,0,6.987,74.784,1006.248,81,11,31,46,4.084,139.988,0.572,87,16
14,116.3,1152,18.130047,98.132248,12,26.52,61,0,-3.106,76.604,997.208,82,12,32,47,4.084,139.998,0.572,87,16
14,116.4,1153,18.130053,98.132256,13,26.52,61,0,-13.169,78.042,988.422,83,13,33,48,4.084,139.956,0.572,87,16
14,116.5,1154,18.130058,98.132263,14,26.52,61,0,-23.097,79.09,980.691,84,14,34,49,4.084,139.864,0.571,87,16
14,116.6,1155,18.130064,98.132271,10,26.52,61.1,0,-32.789,79.742,974.72,85,15,20,50,4.083,139.722,0.571,87,16
14,116.7,1156,18.13007,98.132278,11,26.51,61.1,0,-42.148,79.996,971.052,86,16,21,51,4.083,139.529,0.57,87,16
14,116.8,1157,18.130075,98.132286,12,26.51,61.1,0,-51.076,79.851,970.021,87,17,22,52,4.083,139.286,0.569,87,16
14,116.9,1158,18.130081,98.132294,13,26.51,61.2,0,-59.484,79.306,971.721,88,18,23,53,4.083,138.994,0.568,87,16
14,117,1159,18.130087,98.132301,14,26.51,61.2,0,-67.286,78.366,975.999,89,19,24,54,4.083,138.654,0.566,87,16
14,117.1,1160,18.130093,98.132309,10,26.51,61.2,0,-74.403,77.033,982.462,90,10,25,35,4.083,138.266,0.565,86,16
14,117.2,1161,18.130098,98.132317,11,26.5,61.2,0,-80.76,75.316,990.523,91,11,26,36,4.083,137.831,0.563,86,16
14,117.3,1162,18.130104,98.132324,12,26.5,61.3,0,-86.295,73.223,999.449,92,12,27,37,4.083,137.351,0.561,86,16
14,117.4,1163,18.13011,98.132332,13,26.5,61.3,0,-90.95,70.763,1008.424,93,13,28,38,4.083,136.827,0.559,86,16
14,117.5,1164,18.130116,98.132339,14,26.5,61.4,0,-94.678,67.95,1016.632,94,14,29,39,4.083,136.26,0.556,86,16
14,117.6,1165,18.130121,98.132347,10,26.5,61.4,0,-97.441,64.798,1023.324,95,15,30,40,4.082,135.651,0.554,86,16
14,117.7,1166,18.130127,98.132355,11,26.5,61.4,0,-99.211,61.322,1027.891,96,16,31,41,4.082,135.003,0.551,86,16
14,117.8,1167,18.130133,98.132362,12,26.5,61.5,0,-99.969,57.539,1029.917,97,17,32,42,4.082,134.316,0.548,86,16
14,117.9,1168,18.130138,98.13237,13,26.5,61.5,0,-99.709,53.469,1029.218,98,18,33,43,4.082,133.593,0.545,86,16
14,118,1169,18.130144,98.132378,14,26.5,61.5,0,-98.433,49.132,1025.856,99,19,34,44,4.082,132.835,0.542,86,16
14,118.1,1170,18.13015,98.132385,10,26.5,61.6,0,-96.153,44.549,1020.14,100,10,20,45,4.082,132.044,0.539,86,16
14,118.2,1171,18.130156,98.132393,11,26.5,61.6,0,-92.893,39.744,1012.587,101,11,21,46,4.082,131.223,0.536,86,16
14,118.3,1172,18.130161,98.132401,12,26.5,61.6,0,-88.687,34.74,1003.888,102,12,22,47,4.082,130.373,0.532,86,16
14,118.4,1173,18.130167,98.132408,13,26.5,61.7,0,-83.576,29.563,994.835,103,13,23,48,4.082,129.496,0.529,86,16
14,118.5,1174,18.130173,98.132416,14,26.5,61.7,0,-77.614,24.238,986.253,104,14,24,49,4.082,128.596,0.525,86,16
14,118.6,1175,18.130178,98.132423,10,26.51,61.8,0,-70.86,18.791,978.922,105,15,25,50,4.081,127.673,0.521,86,16
14,118.7,1176,18.130184,98.132431,11,26.51,61.8,0,-63.385,13.251,973.513,106,16,26,51,4.081,126.731,0.517,86,16
14,118.8,1177,18.13019,98.132439,12,26.51,61.8,0,-55.264,7.645,970.516,107,17,27,52,4.081,125.772,0.513,86,16
14,118.9,1178,18.130196,98.132446,13,26.51,61.9,0,-46.578,2,970.206,108,18,28,53,4.081,124.798,0.509,86,16
14,119,1179,18.130201,98.132454,14,26.51,61.9,0,-37.419,-3.654,972.61,109,19,29,54,4.081,123.812,0.505,86,16
14,119.1,1180,18.130207,98.132462,10,26.52,61.9,0,-27.878,-9.291,977.51,110,10,30,35,4.081,122.816,0.501,86,16
14,119.2,1181,18.130213,98.132469,11,26.52,62,0,-18.053,-14.88,984.458,111,11,31,36,4.081,121.813,0.497,86,16
14,119.3,1182,18.130219,98.132477,12,26.52,62,0,-8.043,-20.396,992.824,113,12,32,37,4.081,120.805,0.493,86,16
14,119.4,1183,18.130224,98.132484,13,26.53,62.1,0,2.048,-25.81,1001.842,114,13,33,38,4.081,119.795,0.489,86,16
14,119.5,1184,18.13023,98.132492,14,26.53,62.1,0,12.118,-31.094,1010.692,115,14,34,39,4.08,118.786,0.485,86,16
14,119.6,1185,18.130236,98.1325,10,26.53,62.2,0,22.065,-36.223,1018.569,116,15,20,40,4.08,117.78,0.481,86,16
14,119.7,1186,18.130241,98.132507,11,26.54,62.2,0,31.787,-41.172,1024.754,117,16,21,41,4.08,116.779,0.476,86,16
14,119.8,1187,18.130247,98.132515,12,26.54,62.2,0,41.185,-45.914,1028.683,118,17,22,42,4.08,115.787,0.472,86,16
14,119.9,1188,18.130253,98.132523,13,26.54,62.3,0,50.163,-50.427,1030,119,18,23,43,4.08,114.805,0.468,86,16
14,120,1189,18.130259,98.13253,14,26.55,62.3,0,58.63,-54.689,1028.582,120,19,24,44,4.08,113.837,0.464,86,16
14,120.1,1190,18.130264,98.132538,10,26.55,62.4,0,66.499,-58.677,1024.561,121,10,25,45,4.08,112.885,0.461,86,16
14,120.2,1191,18.13027,98.132545,11,26.56,62.4,0,73.69,-62.371,1018.302,122,11,26,46,4.08,111.95,0.457,86,16
14,120.3,1192,18.130276,98.132553,12,26.56,62.4,0,80.131,-65.754,1010.376,123,12,27,47,4.08,111.036,0.453,86,16
14,120.4,1193,18.130281,98.132561,13,26.57,62.5,0,85.755,-68.809,1001.504,124,13,28,48,4.08,110.145,0.449,86,16
14,120.5,1194,18.130287,98.132568,14,26.57,62.5,0,90.504,-71.52,992.495,125,14,29,49,4.079,109.279,0.446,86,16
14,120.6,1195,18.130293,98.132576,10,26.58,62.6,0,94.331,-73.873,984.17,126,15,30,50,4.079,108.441,0.442,86,16
14,120.7,1196,18.130299,98.132584,11,26.58,62.6,0,97.197,-75.858,977.287,127,16,31,51,4.079,107.631,0.439,86,16
14,120.8,1197,18.130304,98.132591,12,26.59,62.7,0,99.072,-77.463,972.474,128,17,32,52,4.079,106.854,0.436,86,16
14,120.9,1198,18.13031,98.132599,13,26.59,62.7,0,99.938,-78.682,970.168,129,18,33,53,4.079,106.11,0.433,86,16
14,121,1199,18.130316,98.132607,14,26.6,62.8,0,99.784,-79.507,970.581,130,19,34,54,4.079,105.401,0.43,86,16
14,121.1,1200,18.130322,98.132614,10,26.61,62.8,0,98.614,-79.935,973.673,131,10,20,35,4.079,104.73,0.427,86,16
14,121.2,1201,18.130327,98.132622,11,26.61,62.9,0,96.439,-79.963,979.165,132,11,21,36,4.079,104.097,0.425,86,16
14,121.3,1202,18.130333,98.132629,12,26.62,62.9,0,93.28,-79.592,986.554,133,12,22,37,4.079,103.505,0.422,86,16
14,121.4,1203,18.130339,98.132637,13,26.62,62.9,0,89.171,-78.824,995.169,134,13,23,38,4.079,102.955,0.42,86,16
14,121.5,1204,18.130344,98.132645,14,26.63,63,0,84.153,-77.661,1004.224,135,14,24,39,4.078,102.449,0.418,86,16
14,121.6,1205,18.13035,98.132652,10,26.64,63,0,78.277,-76.111,1012.894,136,15,25,40,4.078,101.987,0.416,86,16
14,121.7,1206,18.130356,98.13266,11,26.65,63.1,0,71.604,-74.18,1020.389,137,16,26,41,4.078,101.571,0.414,86,16
14,121.8,1207,18.130362,98.132668,12,26.65,63.1,0,64.201,-71.879,1026.026,138,17,27,42,4.078,101.203,0.413,86,16
14,121.9,1208,18.130367,98.132675,13,26.66,63.2,0,56.143,-69.218,1029.293,139,18,28,43,4.078,100.882,0.411,86,16
14,122,1209,18.130373,98.132683,14,26.67,63.2,0,47.513,-66.212,1029.891,140,19,29,44,4.078,100.61,0.41,86,16
14,122.1,1210,18.130379,98.13269,10,26.68,63.3,0,38.399,-62.874,1027.765,141,10,30,45,4.078,100.387,0.409,86,16
14,122.2,1211,18.130384,98.132698,11,26.68,63.3,0,28.894,-59.223,1023.11,142,11,31,46,4.078,100.214,0.409,86,16
14,122.3,1212,18.13039,98.132706,12,26.69,63.4,0,19.093,-55.276,1016.349,143,12,32,47,4.078,100.092,0.408,86,16
14,122.4,1213,18.130396,98.132713,13,26.7,63.4,0,9.099,-51.052,1008.099,144,13,33,48,4.078,100.021,0.408,86,16
14,122.5,1214,18.130402,98.132721,14,26.71,63.5,0,-0.988,-46.574,999.11,145,14,34,49,4.077,100,0.408,86,16
14,122.6,1215,18.130407,98.132729,10,26.72,63.5,0,-11.066,-41.862,990.203,146,15,20,50,4.077,100.031,0.408,86,16
14,122.7,1216,18.130413,98.132736,11,26.72,63.6,0,-21.031,-36.942,982.189,147,16,21,51,4.077,100.112,0.408,86,16
14,122.8,1217,18.130419,98.132744,12,26.73,63.6,0,-30.781,-31.837,975.797,148,17,22,52,4.077,100.244,0.409,86,16
14,122.9,1218,18.130424,98.132751,13,26.74,63.7,0,-40.217,-26.573,971.611,149,18,23,53,4.077,100.427,0.409,86,16
14,123,1219,18.13043,98.132759,14,26.75,63.7,0,-49.244,-21.176,970.01,150,19,24,54,4.077,100.659,0.41,86,16
14,123.1,1220,18.130436,98.132767,10,26.76,63.8,0,-57.768,-15.674,971.142,151,10,25,35,4.077,100.941,0.412,86,16
14,123.2,1221,18.130442,98.132774,11,26.77,63.8,0,-65.704,-10.093,974.904,152,11,26,36,4.077,101.271,0.413,86,16
14,123.3,1222,18.130447,98.132782,12,26.78,63.8,0,-72.97,-4.462,980.951,153,12,27,37,4.077,101.649,0.414,86,16
14,123.4,1223,18.130453,98.13279,13,26.78,63.9,0,-79.493,1.192,988.735,154,13,28,38,4.077,102.074,0.416,86,16
14,123.5,1224,18.130459,98.132797,14,26.79,63.9,0,-85.205,6.84,997.545,155,14,29,39,4.076,102.545,0.418,86,16
14,123.6,1225,18.130465,98.132805,10,26.8,64,0,-90.049,12.453,1006.578,156,15,30,40,4.076,103.06,0.42,86,16
14,123.7,1226,18.13047,98.132812,11,26.81,64,0,-93.975,18.005,1015.012,157,16,31,41,4.076,103.618,0.422,86,16
14,123.8,1227,18.130476,98.13282,12,26.82,64.1,0,-96.943,23.466,1022.079,158,17,32,42,4.076,104.218,0.425,86,16
14,123.9,1228,18.130482,98.132828,13,26.83,64.1,0,-98.923,28.81,1027.133,159,18,33,43,4.076,104.858,0.427,86,16
14,124,1229,18.130487,98.132835,14,26.84,64.2,0,-99.895,34.01,1029.716,160,19,34,44,4.076,105.537,0.43,86,16
14,124.1,1230,18.130493,98.132843,10,26.85,64.2,0,-99.848,39.04,1029.591,161,10,20,45,4.076,106.253,0.433,86,16
14,124.2,1231,18.130499,98.132851,11,26.86,64.3,0,-98.784,43.876,1026.77,162,11,21,46,4.076,107.004,0.436,86,16
14,124.3,1232,18.130505,98.132858,12,26.87,64.3,0,-96.713,48.491,1021.511,163,12,22,47,4.076,107.787,0.439,86,16
14,124.5,1233,18.13051,98.132866,13,26.88,64.4,0,-93.657,52.865,1014.291,164,13,23,48,4.076,108.602,0.443,86,16
14,124.6,1234,18.130516,98.132874,14,26.89,64.4,0,-89.646,56.975,1005.769,165,14,24,49,4.075,109.447,0.446,86,16
14,124.7,1235,18.130522,98.132881,10,26.9,64.5,0,-84.721,60.799,996.723,166,15,25,50,4.075,110.318,0.45,86,16
14,124.8,1236,18.130527,98.132889,11,26.91,64.5,0,-78.932,64.32,987.974,167,16,26,51,4.075,111.213,0.453,86,16
14,124.9,1237,18.130533,98.132896,12,26.92,64.6,0,-72.339,67.52,980.321,168,17,27,52,4.075,112.132,0.457,86,16
14,125,1238,18.130539,98.132904,13,26.93,64.6,0,-65.009,70.383,974.461,169,18,28,53,4.075,113.07,0.461,86,16
14,125.1,1239,18.130545,98.132912,14,26.94,64.7,0,-57.017,72.893,970.928,170,19,29,54,4.075,114.026,0.465,86,16
14,125.2,1240,18.13055,98.132919,10,26.95,64.7,0,-48.443,75.04,970.043,171,10,30,35,4.075,114.997,0.469,86,16
14,125.3,1241,18.130556,98.132927,11,26.96,64.8,0,-39.375,76.811,971.888,172,11,31,36,4.075,115.981,0.473,86,16
14,125.4,1242,18.130562,98.132935,12,26.97,64.8,0,-29.906,78.199,976.295,173,12,32,37,4.075,116.975,0.477,86,16
14,125.5,1243,18.130568,98.132942,13,26.98,64.9,0,-20.132,79.196,982.86,174,13,33,38,4.075,117.976,0.481,86,16
14,125.6,1244,18.130573,98.13295,14,26.99,64.9,0,-10.153,79.797,990.987,175,14,34,39,4.074,118.983,0.485,86,16
14,125.7,1245,18.130579,98.132957,10,27,65,0,-0.07,80,999.937,176,15,20,40,4.074,119.993,0.489,86,16
14,125.8,1246,18.130585,98.132965,11,27.01,65.1,0,10.013,79.803,1008.891,177,16,21,41,4.074,121.003,0.493,86,16
14,125.9,1247,18.13059,98.132973,12,27.02,65.1,0,19.994,79.207,1017.035,178,17,22,42,4.074,122.01,0.497,86,16
14,126,1248,18.130596,98.13298,13,27.03,65.2,0,29.771,78.216,1023.628,179,18,23,43,4.074,123.011,0.501,86,16
14,126.1,1249,18.130602,98.132988,14,27.04,65.2,0,39.245,76.833,1028.067,180,19,24,44,4.074,124.006,0.505,85,16
14,126.2,1250,18.130608,98.132996,10,27.05,65.3,0,48.319,75.067,1029.95,181,10,25,45,4.074,124.99,0.509,85,16
14,126.3,1251,18.130613,98.133003,11,27.06,65.3,0,56.9,72.926,1029.103,182,11,26,46,4.074,125.961,0.513,85,16
14,126.4,1252,18.130619,98.133011,12,27.07,65.4,0,64.902,70.42,1025.605,183,12,27,47,4.074,126.917,0.517,85,16
14,126.5,1253,18.130625,98.133018,13,27.08,65.4,0,72.242,67.563,1019.775,184,13,28,48,4.074,127.855,0.521,85,16
14,126.6,1254,18.13063,98.133026,14,27.09,65.5,0,78.845,64.368,1012.143,185,14,29,49,4.073,128.774,0.525,85,16
14,126.7,1255,18.130636,98.133034,10,27.1,65.5,0,84.645,60.851,1003.405,186,15,30,50,4.073,129.67,0.528,85,16
14,126.8,1256,18.130642,98.133041,11,27.11,65.6,0,89.583,57.03,994.355,187,16,31,51,4.073,130.541,0.532,85,16
14,126.9,1257,18.130648,98.133049,12,27.12,65.6,0,93.607,52.924,985.821,188,17,32,52,4.073,131.386,0.535,85,16
14,127,1258,18.130653,98.133057,13,27.13,65.7,0,96.677,48.554,978.578,189,18,33,53,4.073,132.201,0.538,85,16
14,127.1,1259,18.130659,98.133064,14,27.14,65.7,0,98.762,43.941,973.287,190,19,34,54,4.073,132.986,0.542,85,16
14,127.2,1260,18.130665,98.133072,10,27.15,65.8,0,99.84,39.109,970.43,191,10,20,35,4.073,133.737,0.545,85,16
14,127.3,1261,18.130671,98.13308,11,27.16,65.8,0,99.901,34.082,970.267,192,11,21,36,4.073,134.453,0.548,85,16
14,127.4,1262,18.130676,98.133087,12,27.17,65.9,0,98.943,28.884,972.813,193,12,22,37,4.073,135.133,0.55,85,16
14,127.5,1263,18.130682,98.133095,13,27.18,65.9,0,96.977,23.541,977.836,194,13,23,38,4.073,135.773,0.553,85,16
14,127.6,1264,18.130688,98.133102,14,27.19,66,0,94.023,18.082,984.878,195,14,24,39,4.072,136.374,0.555,85,16
14,127.7,1265,18.130693,98.13311,10,27.2,66,0,90.11,12.532,993.298,196,15,25,40,4.072,136.933,0.558,85,16
14,127.8,1266,18.130699,98.133118,11,27.21,66.1,0,85.279,6.919,1002.328,197,16,26,41,4.072,137.449,0.56,85,16
14,127.9,1267,18.130705,98.133125,12,27.21,66.1,0,79.578,1.271,1011.147,198,17,27,42,4.072,137.92,0.562,85,16
14,128,1268,18.130711,98.133133,13,27.22,66.2,0,73.067,-4.383,1018.95,199,18,28,43,4.072,138.345,0.563,85,16
14,128.1,1269,18.130716,98.133141,14,27.23,66.2,0,65.81,-10.015,1025.026,200,19,29,44,4.072,138.724,0.565,85,16
14,128.2,1270,18.130722,98.133148,10,27.24,66.2,0,57.883,-15.596,1028.823,201,10,30,45,4.072,139.055,0.566,85,16
14,128.3,1271,18.130728,98.133156,11,27.25,66.3,0,49.366,-21.1,1029.993,202,11,31,46,4.072,139.337,0.567,85,16
14,128.4,1272,18.130733,98.133163,12,27.26,66.3,0,40.346,-26.499,1028.431,203,12,32,47,4.072,139.57,0.568,85,16
14,128.5,1273,18.130739,98.133171,13,27.27,66.4,0,30.915,-31.765,1024.278,204,13,33,48,4.072,139.754,0.569,85,16
14,128.6,1274,18.130745,98.133179,14,27.28,66.4,0,21.169,-36.872,1017.913,205,14,34,49,4.071,139.886,0.57,85,16
14,128.7,1275,18.130751,98.133186,10,27.28,66.5,0,11.207,-41.795,1009.917,206,15,20,50,4.071,139.968,0.57,85,16
14,128.8,1276,18.130756,98.133194,11,27.29,66.5,0,1.129,-46.51,1001.016,207,16,21,51,4.071,140,0.57,85,16
14,128.9,1277,18.130762,98.133202,12,27.3,66.6,0,-8.959,-50.992,992.024,208,17,22,52,4.071,139.98,0.57,85,16
14,129,1278,18.130768,98.133209,13,27.31,66.6,0,-18.955,-55.219,983.758,209,18,23,53,4.071,139.909,0.57,85,16
14,129.1,1279,18.130774,98.133217,14,27.32,66.7,0,-28.758,-59.17,976.971,210,19,24,54,4.071,139.788,0.569,85,16
14,129.2,1280,18.130779,98.133224,10,27.32,66.7,0,-38.268,-62.825,972.284,211,10,25,35,4.071,139.616,0.568,85,16
14,129.3,1281,18.130785,98.133232,11,27.33,66.8,0,-47.388,-66.167,970.121,212,11,26,36,4.071,139.394,0.567,85,16
14,129.4,1282,18.130791,98.13324,12,27.34,66.8,0,-56.026,-69.178,970.68,214,12,27,37,4.071,139.122,0.566,85,16
14,129.5,1283,18.130796,98.133247,13,27.35,66.9,0,-64.093,-71.844,973.911,215,13,28,38,4.07,138.802,0.565,85,16
14,129.6,1284,18.130802,98.133255,14,27.35,66.9,0,-71.506,-74.15,979.519,216,14,29,39,4.07,138.434,0.563,85,16
14,129.7,1285,18.130808,98.133263,10,27.36,67,0,-78.19,-76.086,986.992,217,15,30,40,4.07,138.019,0.562,85,16
14,129.8,1286,18.130814,98.13327,11,27.37,67,0,-84.077,-77.642,995.65,218,16,31,41,4.07,137.558,0.56,85,16
14,129.9,1287,18.130819,98.133278,12,27.38,67.1,0,-89.107,-78.81,1004.706,219,17,32,42,4.07,137.052,0.558,85,16
14,130,1288,18.130825,98.133286,13,27.38,67.1,0,-93.229,-79.584,1013.332,220,18,33,43,4.07,136.503,0.556,85,16
14,130.1,1289,18.130831,98.133293,14,27.39,67.1,0,-96.401,-79.961,1020.744,221,19,34,44,4.07,135.911,0.553,85,16
14,130.2,1290,18.130836,98.133301,10,27.39,67.2,0,-98.59,-79.938,1026.265,222,10,20,45,4.07,135.279,0.551,85,16
14,130.3,1291,18.130842,98.133308,11,27.4,67.2,0,-99.775,-79.515,1029.394,223,11,21,46,4.07,134.608,0.548,85,16
14,130.4,1292,18.130848,98.133316,12,27.41,67.3,0,-99.943,-78.696,1029.845,224,12,22,47,4.07,133.9,0.545,85,16
14,130.5,1293,18.130854,98.133324,13,27.41,67.3,0,-99.091,-77.483,1027.576,225,13,23,48,4.069,133.157,0.542,85,16
14,130.6,1294,18.130859,98.133331,14,27.42,67.4,0,-97.23,-75.883,1022.796,226,14,24,49,4.069,132.38,0.539,85,16
14,130.7,1295,18.130865,98.133339,10,27.42,67.4,0,-94.378,-73.904,1015.938,227,15,25,50,4.069,131.571,0.535,85,16
14,130.8,1296,18.130871,98.133347,11,27.43,67.5,0,-90.564,-71.556,1007.628,228,16,26,51,4.069,130.733,0.532,85,16
14,130.9,1297,18.130877,98.133354,12,27.43,67.5,0,-85.827,-68.85,998.623,229,17,27,52,4.069,129.867,0.528,85,16
14,131,1298,18.130882,98.133362,13,27.44,67.6,0,-80.215,-65.799,989.743,230,18,28,53,4.069,128.976,0.525,85,16
14,131.1,1299,18.130888,98.133369,14,27.44,67.6,0,-73.786,-62.421,981.798,231,19,29,54,4.069,128.063,0.521,85,16
14,131.2,1300,18.130894,98.133377,10,27.45,67.6,0,-66.604,-58.73,975.512,232,10,30,35,4.069,127.129,0.517,85,16
14,131.3,1301,18.130899,98.133385,11,27.45,67.7,0,-58.744,-54.746,971.456,233,11,31,36,4.069,126.176,0.513,85,16
14,131.4,1302,18.130905,98.133392,12,27.46,67.7,0,-50.285,-50.489,970.001,234,12,32,37,4.069,125.208,0.509,85,16
14,131.5,1303,18.130911,98.1334,13,27.46,67.8,0,-41.314,-45.979,971.279,235,13,33,38,4.068,124.227,0.505,85,16
14,131.6,1304,18.130917,98.133408,14,27.46,67.8,0,-31.921,-41.24,975.174,236,14,34,39,4.068,123.235,0.501,85,16
14,131.7,1305,18.130922,98.133415,10,27.47,67.8,0,-22.202,-36.294,981.331,237,15,20,40,4.068,122.234,0.497,85,16
14,131.8,1306,18.130928,98.133423,11,27.47,67.9,0,-12.258,-31.167,989.189,238,16,21,41,4.068,121.228,0.493,85,16
14,131.9,1307,18.130934,98.13343,12,27.47,67.9,0,-2.189,-25.884,998.032,239,17,22,42,4.068,120.219,0.489,85,16
14,132,1308,18.130939,98.133438,13,27.48,68,0,7.903,-20.472,1007.053,240,18,23,43,4.068,119.209,0.485,85,16
14,132.1,1309,18.130945,98.133446,14,27.48,68,0,17.914,-14.958,1015.432,241,19,24,44,4.068,118.201,0.481,85,16
14,132.2,1310,18.130951,98.133453,10,27.48,68.1,0,27.742,-9.369,1022.406,242,10,25,45,4.068,117.198,0.477,85,16
14,132.3,1311,18.130957,98.133461,11,27.49,68.1,0,37.287,-3.734,1027.338,243,11,26,46,4.068,116.202,0.473,85,16
14,132.4,1312,18.130962,98.133469,12,27.49,68.1,0,46.453,1.921,1029.779,244,12,27,47,4.068,115.216,0.469,85,16
14,132.5,1313,18.130968,98.133476,13,27.49,68.2,0,55.146,7.566,1029.507,245,13,28,48,4.067,114.242,0.465,85,16
14,132.6,1314,18.130974,98.133484,14,27.49,68.2,0,63.276,13.173,1026.547,246,14,29,49,4.067,113.282,0.461,85,16
14,132.7,1315,18.13098,98.133492,10,27.49,68.2,0,70.761,18.714,1021.168,247,15,30,50,4.067,112.34,0.457,85,16
14,132.8,1316,18.130985,98.133499,11,27.5,68.3,0,77.525,24.162,1013.86,248,16,31,51,4.067,111.417,0.453,85,16
14,132.9,1317,18.130991,98.133507,12,27.5,68.3,0,83.499,29.489,1005.29,249,17,32,52,4.067,110.516,0.449,85,16
14,133,1318,18.130997,98.133514,13,27.5,68.4,0,88.621,34.668,996.239,250,18,33,53,4.067,109.639,0.446,85,16
14,133.1,1319,18.131002,98.133522,14,27.5,68.4,0,92.841,39.675,987.529,251,19,34,54,4.067,108.789,0.442,85,16
14,133.2,1320,18.131008,98.13353,10,27.5,68.4,0,96.114,44.484,979.955,252,10,20,35,4.067,107.967,0.439,85,16
14,133.3,1321,18.131014,98.133537,11,27.5,68.5,0,98.408,49.07,974.208,253,11,21,36,4.067,107.176,0.436,85,16
14,133.4,1322,18.13102,98.133545,12,27.5,68.5,0,99.698,53.41,970.811,254,12,22,37,4.067,106.418,0.433,85,16
14,133.5,1323,18.131025,98.133553,13,27.5,68.5,0,99.973,57.484,970.073,255,13,23,38,4.066,105.694,0.43,85,16
14,133.6,1324,18.131031,98.13356,14,27.5,68.6,0,99.228,61.271,972.062,256,14,24,39,4.066,105.007,0.427,85,16
14,133.7,1325,18.131037,98.133568,10,27.5,68.6,0,97.473,64.751,976.596,257,15,25,40,4.066,104.358,0.424,85,16
14,133.8,1326,18.131042,98.133575,11,27.5,68.6,0,94.723,67.908,983.262,258,16,26,41,4.066,103.749,0.422,85,16
14,133.9,1327,18.131048,98.133583,12,27.5,68.7,0,91.008,70.726,991.455,259,17,27,42,4.066,103.181,0.42,85,16
14,134,1328,18.131054,98.133591,13,27.5,68.7,0,86.366,73.191,1000.424,260,18,28,43,4.066,102.656,0.417,85,16
14,134.1,1329,18.13106,98.133598,14,27.5,68.8,0,80.843,75.289,1009.356,261,19,29,44,4.066,102.175,0.415,85,16
14,134.2,1330,18.131065,98.133606,10,27.49,68.8,0,74.497,77.012,1017.435,262,10,30,45,4.066,101.74,0.414,85,16
14,134.3,1331,18.131071,98.133614,11,27.49,68.8,0,67.391,78.35,1023.925,263,11,31,46,4.066,101.352,0.412,85,16
14,134.4,1332,18.131077,98.133621,12,27.49,68.8,0,59.598,79.296,1028.235,264,12,32,47,4.066,101.011,0.411,85,16
14,134.6,1333,18.131083,98.133629,13,27.49,68.9,0,51.198,79.846,1029.974,265,13,33,48,4.065,100.718,0.409,85,16
14,134.7,1334,18.131088,98.133636,14,27.49,68.9,0,42.276,79.997,1028.981,266,14,34,49,4.065,100.474,0.408,85,16
14,134.8,1335,18.131094,98.133644,10,27.48,68.9,0,32.922,79.748,1025.348,267,15,20,50,4.065,100.281,0.408,85,16
14,134.9,1336,18.1311,98.133652,11,27.48,69,0,23.234,79.101,1019.405,268,16,21,51,4.065,100.137,0.407,85,16
14,135,1337,18.131105,98.133659,12,27.48,69,0,13.309,78.059,1011.695,269,17,22,52,4.065,100.045,0.407,85,16
14,135.1,1338,18.131111,98.133667,13,27.48,69,0,3.248,76.627,1002.919,270,18,23,53,4.065,100.003,0.407,84,16
14,135.2,1339,18.131117,98.133675,14,27.47,69.1,0,-6.846,74.812,993.877,271,19,24,54,4.065,100.012,0.407,84,16
14,135.3,1340,18.131123,98.133682,10,27.47,69.1,0,-16.87,72.623,985.393,272,10,25,35,4.065,100.072,0.407,84,16
14,135.4,1341,18.131128,98.13369,11,27.47,69.1,0,-26.722,70.071,978.24,273,11,26,36,4.065,100.183,0.407,84,16
14,135.5,1342,18.131134,98.133698,12,27.46,69.2,0,-36.303,67.169,973.069,274,12,27,37,4.065,100.344,0.408,84,16
14,135.6,1343,18.13114,98.133705,13,27.46,69.2,0,-45.513,63.932,970.352,275,13,28,38,4.064,100.556,0.409,84,16
14,135.7,1344,18.131145,98.133713,14,27.45,69.2,0,-54.259,60.375,970.336,276,14,29,39,4.064,100.817,0.41,84,16
14,135.8,1345,18.131151,98.13372,10,27.45,69.2,0,-62.452,56.516,973.023,277,15,30,40,4.064,101.127,0.411,84,16
14,135.9,1346,18.131157,98.133728,11,27.45,69.3,0,-70.008,52.375,978.167,278,16,31,41,4.064,101.485,0.412,84,16
14,136,1347,18.131163,98.133736,12,27.44,69.3,0,-76.851,47.973,985.301,279,17,32,42,4.064,101.89,0.414,84,16
14,136.1,1348,18.131168,98.133743,13,27.44,69.3,0,-82.911,43.331,993.774,280,18,33,43,4.064,102.342,0.416,84,16
14,136.2,1349,18.131174,98.133751,14,27.43,69.3,0,-88.126,38.471,1002.816,281,19,34,44,4.064,102.838,0.418,84,16
14,136.3,1350,18.13118,98.133759,10,27.43,69.4,0,-92.442,33.42,1011.599,282,10,20,45,4.064,103.379,0.42,84,16
14,136.4,1351,18.131186,98.133766,11,27.42,69.4,0,-95.816,28.202,1019.325,283,11,21,46,4.064,103.961,0.422,84,16
14,136.5,1352,18.131191,98.133774,12,27.42,69.4,0,-98.214,22.844,1025.292,284,12,22,47,4.064,104.585,0.425,84,16
14,136.6,1353,18.131197,98.133781,13,27.41,69.4,0,-99.611,17.371,1028.954,285,13,23,48,4.063,105.248,0.428,84,16
14,136.7,1354,18.131203,98.133789,14,27.4,69.5,0,-99.992,11.811,1029.978,286,14,24,49,4.063,105.948,0.431,84,16
14,136.8,1355,18.131208,98.133797,10,27.4,69.5,0,-99.354,6.192,1028.271,287,15,25,50,4.063,106.684,0.433,84,16
14,136.9,1356,18.131214,98.133804,11,27.39,69.5,0,-97.704,0.542,1023.989,288,16,26,51,4.063,107.455,0.437,84,16
14,137,1357,18.13122,98.133812,12,27.39,69.5,0,-95.057,-5.111,1017.519,289,17,27,52,4.063,108.257,0.44,84,16
14,137.1,1358,18.131226,98.13382,13,27.38,69.5,0,-91.442,-10.738,1009.454,290,18,28,53,4.063,109.089,0.443,84,16
14,137.2,1359,18.131231,98.133827,14,27.37,69.6,0,-86.895,-16.311,1000.529,291,19,29,54,4.063,109.949,0.447,84,16
14,137.3,1360,18.131237,98.133835,10,27.37,69.6,0,-81.462,-21.803,991.555,292,10,30,35,4.063,110.835,0.45,84,16
14,137.4,1361,18.131243,98.133842,11,27.36,69.6,0,-75.199,-27.185,983.35,293,11,31,36,4.063,111.744,0.454,84,16
14,137.5,1362,18.131248,98.13385,12,27.35,69.6,0,-68.17,-32.432,976.662,294,12,32,37,4.063,112.674,0.458,84,16
14,137.6,1363,18.131254,98.133858,13,27.34,69.6,0,-60.446,-37.517,972.101,295,13,33,38,4.062,113.623,0.462,84,16
14,137.7,1364,18.13126,98.133865,14,27.34,69.7,0,-52.104,-42.415,970.081,296,14,34,39,4.062,114.588,0.465,84,16
14,137.8,1365,18.131266,98.133873,10,27.33,69.7,0,-43.233,-47.101,970.787,297,15,20,40,4.062,115.566,0.469,84,16
14,137.9,1366,18.131271,98.133881,11,27.32,69.7,0,-33.921,-51.551,974.155,298,16,21,41,4.062,116.557,0.473,84,16
14,138,1367,18.131277,98.133888,12,27.31,69.7,0,-24.263,-55.744,979.878,299,17,22,42,4.062,117.555,0.478,84,16
14,138.1,1368,18.131283,98.133896,13,27.31,69.7,0,-14.358,-59.658,987.433,300,18,23,43,4.062,118.56,0.482,84,16
14,138.2,1369,18.131289,98.133904,14,27.3,69.7,0,-4.307,-63.274,996.133,301,19,24,44,4.062,119.569,0.486,84,16
14,138.3,1370,18.131294,98.133911,10,27.29,69.8,0,5.789,-66.574,1005.186,302,10,25,45,4.062,120.579,0.49,84,16
14,138.4,1371,18.1313,98.133919,11,27.28,69.8,0,15.826,-69.542,1013.768,303,11,26,46,4.062,121.588,0.494,84,16
14,138.5,1372,18.131306,98.133926,12,27.27,69.8,0,25.701,-72.162,1021.094,304,12,27,47,4.062,122.592,0.498,84,16
14,138.6,1373,18.131311,98.133934,13,27.26,69.8,0,35.314,-74.421,1026.498,305,13,28,48,4.061,123.59,0.502,84,16
14,138.7,1374,18.131317,98.133942,14,27.26,69.8,0,44.567,-76.308,1029.488,306,14,29,49,4.061,124.578,0.506,84,16
14,138.8,1375,18.131323,98.133949,10,27.25,69.8,0,53.366,-77.815,1029.792,307,15,30,50,4.061,125.555,0.51,84,16
14,138.9,1376,18.131329,98.133957,11,27.24,69.8,0,61.621,-78.932,1027.381,308,16,31,51,4.061,126.518,0.514,84,16
14,139,1377,18.131334,98.133965,12,27.23,69.9,0,69.248,-79.655,1022.476,309,17,32,52,4.061,127.464,0.518,84,16
14,139.1,1378,18.13134,98.133972,13,27.22,69.9,0,76.169,-79.98,1015.523,310,18,33,53,4.061,128.391,0.521,84,16
14,139.2,1379,18.131346,98.13398,14,27.21,69.9,0,82.315,-79.906,1007.155,311,19,34,54,4.061,129.297,0.525,84,16
14,139.3,1380,18.131351,98.133987,10,27.2,69.9,0,87.62,-79.432,998.135,312,10,20,35,4.061,130.179,0.529,84,16
14,139.4,1381,18.131357,98.133995,11,27.19,69.9,0,92.033,-78.561,989.286,313,11,21,36,4.061,131.035,0.532,84,16
14,139.5,1382,18.131363,98.134003,12,27.18,69.9,0,95.508,-77.298,981.413,315,12,22,37,4.061,131.863,0.535,84,16
14,139.6,1383,18.131369,98.13401,13,27.17,69.9,0,98.009,-75.649,975.234,316,13,23,38,4.06,132.661,0.539,84,16
14,139.7,1384,18.131374,98.134018,14,27.16,69.9,0,99.512,-73.622,971.31,317,14,24,39,4.06,133.426,0.542,84,16
14,139.8,1385,18.13138,98.134026,10,27.15,69.9,0,100,-71.227,970.001,318,15,25,40,4.06,134.157,0.545,84,16
14,139.9,1386,18.131386,98.134033,11,27.14,69.9,0,99.469,-68.475,971.425,319,16,26,41,4.06,134.852,0.548,84,16
14,140,1387,18.131392,98.134041,12,27.13,70,0,97.924,-65.382,975.452,320,17,27,42,4.06,135.509,0.55,84,16
14,140.1,1388,18.131397,98.134048,13,27.13,70,0,95.381,-61.962,981.715,321,18,28,43,4.06,136.127,0.553,84,16
14,140.2,1389,18.131403,98.134056,14,27.12,70,0,91.866,-58.233,989.645,322,19,29,44,4.06,136.704,0.555,84,16
14,140.3,1390,18.131409,98.134064,10,27.11,70,0,87.414,-54.212,998.518,323,10,30,45,4.06,137.238,0.557,84,16
14,140.4,1391,18.131414,98.134071,11,27.1,70,0,82.072,-49.921,1007.526,324,11,31,46,4.06,137.728,0.559,84,16
14,140.5,1392,18.13142,98.134079,12,27.09,70,0,75.893,-45.381,1015.848,325,12,32,47,4.059,138.172,0.561,84,16
14,140.6,1393,18.131426,98.134087,13,27.08,70,0,68.941,-40.613,1022.727,326,13,33,48,4.059,138.571,0.563,84,16
14,140.7,1394,18.131432,98.134094,14,27.07,70,0,61.285,-35.642,1027.535,327,14,34,49,4.059,138.922,0.564,84,16
14,140.8,1395,18.131437,98.134102,10,27.06,70,0,53.006,-30.494,1029.834,328,15,20,50,4.059,139.225,0.565,84,16
14,140.9,1396,18.131443,98.134109,11,27.05,70,0,44.186,-25.193,1029.415,329,16,21,51,4.059,139.479,0.566,84,16
14,141,1397,18.131449,98.134117,12,27.04,70,0,34.916,-19.767,1026.316,330,17,22,52,4.059,139.683,0.567,84,16
14,141.1,1398,18.131454,98.134125,13,27.03,70,0,25.29,-14.241,1020.82,331,18,23,53,4.059,139.837,0.568,84,16
14,141.2,1399,18.13146,98.134132,14,27.02,70,0,15.406,-8.645,1013.426,332,19,24,54,4.059,139.94,0.568,84,16
14,141.3,1400,18.131466,98.13414,10,27.01,70,0,5.365,-3.005,1004.81,333,10,25,35,4.059,139.993,0.568,84,16
14,141.4,1401,18.131472,98.134148,11,27,70,0,-4.732,2.65,995.754,334,11,26,36,4.059,139.994,0.568,84,16
14,141.5,1402,18.131477,98.134155,12,26.99,70,0,-14.779,8.292,987.087,335,12,27,37,4.058,139.945,0.568,84,16
14,141.6,1403,18.131483,98.134163,13,26.98,70,0,-24.676,13.892,979.595,336,13,28,38,4.058,139.845,0.568,84,16
14,141.7,1404,18.131489,98.134171,14,26.96,70,0,-34.321,19.422,973.962,337,14,29,39,4.058,139.694,0.567,84,16
14,141.8,1405,18.131495,98.134178,10,26.95,70,0,-43.616,24.856,970.702,338,15,30,40,4.058,139.493,0.566,84,16
14,141.9,1406,18.1315,98.134186,11,26.94,70,0,-52.467,30.165,970.111,339,16,31,41,4.058,139.242,0.565,84,16
14,142,1407,18.131506,98.134193,12,26.93,70,0,-60.783,35.324,972.243,340,17,32,42,4.058,138.942,0.564,84,16
14,142.1,1408,18.131512,98.134201,13,26.92,70,0,-68.481,40.307,976.905,341,18,33,43,4.058,138.594,0.562,84,16
14,142.2,1409,18.131517,98.134209,14,26.91,70,0,-75.479,45.088,983.671,342,19,34,44,4.058,138.199,0.561,84,16
14,142.3,1410,18.131523,98.134216,10,26.9,70,0,-81.708,49.643,991.923,343,10,20,45,4.058,137.757,0.559,84,16
14,142.4,1411,18.131529,98.134224,11,26.9,70,0,-87.105,53.951,1000.911,344,11,21,46,4.058,137.27,0.557,84,16
14,142.5,1412,18.131535,98.134232,12,26.89,70,0,-91.613,57.989,1009.818,345,12,22,47,4.057,136.738,0.555,84,16
14,142.6,1413,18.13154,98.134239,13,26.88,70,0,-95.188,61.737,1017.829,346,13,23,48,4.057,136.165,0.552,84,16
14,142.7,1414,18.131546,98.134247,14,26.87,70,0,-97.793,65.177,1024.216,347,14,24,49,4.057,135.549,0.55,84,16
14,142.8,1415,18.131552,98.134254,10,26.86,69.9,0,-99.401,68.291,1028.396,348,15,25,50,4.057,134.895,0.547,84,16
14,142.9,1416,18.131557,98.134262,11,26.85,69.9,0,-99.996,71.064,1029.99,349,16,26,51,4.057,134.202,0.544,84,16
14,143,1417,18.131563,98.13427,12,26.84,69.9,0,-99.572,73.482,1028.851,350,17,27,52,4.057,133.473,0.541,84,16
14,143.1,1418,18.131569,98.134277,13,26.83,69.9,0,-98.133,75.533,1025.084,351,18,28,53,4.057,132.71,0.538,84,16
14,143.2,1419,18.131575,98.134285,14,26.82,69.9,0,-95.694,77.206,1019.031,352,19,29,54,4.057,131.914,0.535,84,16
14,143.3,1420,18.13158,98.134293,10,26.81,69.9,0,-92.279,78.494,1011.245,353,10,30,35,4.057,131.088,0.532,84,16
14,143.4,1421,18.131586,98.1343,11,26.8,69.9,0,-87.924,79.389,1002.434,354,11,31,36,4.057,130.234,0.528,84,16
14,143.5,1422,18.131592,98.134308,12,26.79,69.9,0,-82.673,79.888,993.4,355,12,32,37,4.056,129.353,0.525,84,16
14,143.6,1423,18.131598,98.134315,13,26.78,69.9,0,-76.578,79.987,984.968,356,13,33,38,4.056,128.449,0.521,84,16
14,143.7,1424,18.131603,98.134323,14,26.77,69.9,0,-69.704,79.687,977.906,357,14,34,39,4.056,127.523,0.517,84,16
14,143.8,1425,18.131609,98.134331,10,26.76,69.8,0,-62.119,78.989,972.857,358,15,20,40,4.056,126.578,0.513,84,16
14,143.9,1426,18.131615,98.134338,11,26.75,69.8,0,-53.901,77.896,970.281,359,16,21,41,4.056,125.616,0.51,84,16
14,144,1427,18.13162,98.134346,12,26.75,69.8,0,-45.134,76.414,970.412,0,17,22,42,4.056,124.64,0.506,83,16
14,144.1,1428,18.131626,98.134354,13,26.74,69.8,0,-35.907,74.55,973.239,1,18,23,43,4.056,123.652,0.502,83,16
14,144.2,1429,18.131632,98.134361,14,26.73,69.8,0,-26.313,72.314,978.504,2,19,24,44,4.056,122.655,0.497,83,16
14,144.3,1430,18.131638,98.134369,10,26.72,69.8,0,-16.45,69.716,985.728,3,10,25,45,4.056,121.651,0.493,83,16
14,144.4,1431,18.131643,98.134377,11,26.71,69.8,0,-6.421,66.77,994.253,4,11,26,46,4.056,120.642,0.489,83,16
14,144.6,1432,18.131649,98.134384,12,26.7,69.7,0,3.673,63.491,1003.3,5,12,27,47,4.055,119.633,0.485,83,16
14,144.7,1433,18.131655,98.134392,13,26.7,69.7,0,13.73,59.894,1012.047,6,13,28,48,4.055,118.624,0.481,83,16
14,144.8,1434,18.13166,98.134399,14,26.69,69.7,0,23.648,55.998,1019.696,7,14,29,49,4.055,117.618,0.477,83,16
14,144.9,1435,18.131666,98.134407,10,26.68,69.7,0,33.324,51.822,1025.551,8,15,30,50,4.055,116.619,0.473,83,16
14,145,1436,18.131672,98.134415,11,26.67,69.7,0,42.66,47.388,1029.078,9,16,31,51,4.055,115.628,0.469,83,16
14,145.1,1437,18.131678,98.134422,12,26.66,69.7,0,51.562,42.716,1029.956,10,17,32,52,4.055,114.649,0.465,83,16
14,145.2,1438,18.131683,98.13443,13,26.66,69.6,0,59.939,37.83,1028.104,11,18,33,53,4.055,113.683,0.461,83,16
14,145.3,1439,18.131689,98.134438,14,26.65,69.6,0,67.705,32.757,1023.692,12,19,34,54,4.055,112.733,0.457,83,16
14,145.4,1440,18.131695,98.134445,10,26.64,69.6,0,74.78,27.519,1017.121,13,10,20,35,4.055,111.802,0.453,83,16
14,145.5,1441,18.131701,98.134453,11,26.64,69.6,0,81.093,22.144,1008.991,14,11,21,36,4.055,110.891,0.45,83,16
14,145.6,1442,18.131706,98.13446,12,26.63,69.6,0,86.579,16.658,1000.042,15,12,22,37,4.054,110.004,0.446,83,16
14,145.7,1443,18.131712,98.134468,13,26.62,69.5,0,91.184,11.089,991.089,16,13,23,38,4.054,109.142,0.442,83,16
14,145.8,1444,18.131718,98.134476,14,26.62,69.5,0,94.858,5.465,982.947,17,14,24,39,4.054,108.308,0.439,83,16
14,145.9,1445,18.131723,98.134483,10,26.61,69.5,0,97.567,-0.187,976.358,18,15,25,40,4.054,107.504,0.436,83,16
14,146,1446,18.131729,98.134491,11,26.6,69.5,0,99.28,-5.838,971.925,19,16,26,41,4.054,106.732,0.433,83,16
14,146.1,1447,18.131735,98.134499,12,26.6,69.5,0,99.982,-11.46,970.049,20,17,27,42,4.054,105.993,0.43,83,16
14,146.2,1448,18.131741,98.134506,13,26.59,69.4,0,99.664,-17.024,970.902,21,18,28,43,4.054,105.29,0.427,83,16
14,146.3,1449,18.131746,98.134514,14,26.59,69.4,0,98.331,-22.503,974.406,22,19,29,44,4.054,104.625,0.424,83,16
14,146.4,1450,18.131752,98.134521,10,26.58,69.4,0,95.996,-27.87,980.242,23,10,30,45,4.054,103.999,0.422,83,16
14,146.5,1451,18.131758,98.134529,11,26.57,69.4,0,92.682,-33.097,987.877,24,11,31,46,4.054,103.414,0.419,83,16
14,146.6,1452,18.131763,98.134537,12,26.57,69.3,0,88.423,-38.16,996.619,25,12,32,47,4.053,102.871,0.417,83,16
14,146.7,1453,18.131769,98.134544,13,26.56,69.3,0,83.264,-43.032,1005.667,26,13,33,48,4.053,102.371,0.415,83,16
14,146.8,1454,18.131775,98.134552,14,26.56,69.3,0,77.255,-47.688,1014.199,27,14,34,49,4.053,101.917,0.413,83,16
14,146.9,1455,18.131781,98.13456,10,26.55,69.3,0,70.46,-52.107,1021.438,28,15,20,50,4.053,101.509,0.411,83,16
14,147,1456,18.131786,98.134567,11,26.55,69.2,0,62.946,-56.265,1026.723,29,16,21,51,4.053,101.148,0.41,83,16
14,147.1,1457,18.131792,98.134575,12,26.55,69.2,0,54.79,-60.141,1029.574,30,17,22,52,4.053,100.835,0.409,83,16
14,147.2,1458,18.131798,98.134583,13,26.54,69.2,0,46.077,-63.718,1029.73,31,18,23,53,4.053,100.571,0.408,83,16
14,147.3,1459,18.131804,98.13459,14,26.54,69.2,0,36.893,-66.976,1027.178,32,19,24,54,4.053,100.356,0.407,83,16
14,147.4,1460,18.131809,98.134598,10,26.53,69.1,0,27.333,-69.899,1022.149,33,10,25,35,4.053,100.191,0.406,83,16
14,147.5,1461,18.131815,98.134605,11,26.53,69.1,0,17.495,-72.473,1015.103,34,11,26,36,4.053,100.077,0.406,83,16
14,147.6,1462,18.131821,98.134613,12,26.53,69.1,0,7.478,-74.685,1006.681,35,12,27,37,4.052,100.014,0.405,83,16
14,147.7,1463,18.131826,98.134621,13,26.52,69,0,-2.614,-76.524,997.649,36,13,28,38,4.052,100.002,0.405,83,16
14,147.8,1464,18.131832,98.134628,14,26.52,69,0,-12.68,-77.981,988.832,37,14,29,39,4.052,100.04,0.405,83,16
14,147.9,1465,18.131838,98.134636,10,26.52,69,0,-22.617,-79.048,981.033,38,15,30,40,4.052,100.13,0.406,83,16
14,148,1466,18.131844,98.134644,11,26.52,68.9,0,-32.323,-79.72,974.962,39,16,31,41,4.052,100.27,0.406,83,16
14,148.1,1467,18.131849,98.134651,12,26.51,68.9,0,-41.701,-79.993,971.171,40,17,32,42,4.052,100.461,0.407,83,16
14,148.2,1468,18.131855,98.134659,13,26.51,68.9,0,-50.653,-79.867,970.008,41,18,33,43,4.052,100.701,0.408,83,16
14,148.3,1469,18.131861,98.134666,14,26.51,68.9,0,-59.088,-79.342,971.577,42,19,34,44,4.052,100.991,0.409,83,16
14,148.4,1470,18.131866,98.134674,10,26.51,68.8,0,-66.921,-78.421,975.735,43,10,20,45,4.052,101.329,0.411,83,16
14,148.5,1471,18.131872,98.134682,11,26.51,68.8,0,-74.072,-77.107,982.104,44,11,21,46,4.052,101.714,0.412,83,16
14,148.6,1472,18.131878,98.134689,12,26.5,68.8,0,-80.468,-75.409,990.104,45,12,22,47,4.051,102.147,0.414,83,16
14,148.7,1473,18.131884,98.134697,13,26.5,68.7,0,-86.044,-73.333,999.005,46,13,23,48,4.051,102.624,0.416,83,16
14,148.8,1474,18.131889,98.134705,14,26.5,68.7,0,-90.744,-70.891,1007.998,47,14,24,49,4.051,103.147,0.418,83,16
14,148.9,1475,18.131895,98.134712,10,26.5,68.7,0,-94.518,-68.095,1016.261,48,15,25,50,4.051,103.712,0.42,83,16
14,149,1476,18.131901,98.13472,11,26.5,68.6,0,-97.329,-64.959,1023.042,49,16,26,51,4.051,104.318,0.423,83,16
14,149.1,1477,18.131907,98.134727,12,26.5,68.6,0,-99.148,-61.498,1027.725,50,17,27,52,4.051,104.965,0.425,83,16
14,149.2,1478,18.131912,98.134735,13,26.5,68.5,0,-99.956,-57.73,1029.881,51,18,28,53,4.051,105.65,0.428,83,16
14,149.3,1479,18.131918,98.134743,14,26.5,68.5,0,-99.746,-53.674,1029.315,52,19,29,54,4.051,106.371,0.431,83,16
14,149.4,1480,18.131924,98.13475,10,26.5,68.5,0,-98.519,-49.349,1026.079,53,10,30,35,4.051,107.127,0.434,83,16
14,149.5,1481,18.131929,98.134758,11,26.5,68.4,0,-96.287,-44.778,1020.466,54,11,31,36,4.051,107.917,0.437,83,16
14,149.6,1482,18.131935,98.134766,12,26.5,68.4,0,-93.074,-39.983,1012.988,56,12,32,37,4.05,108.737,0.44,83,16
14,149.7,1483,18.131941,98.134773,13,26.5,68.4,0,-88.913,-34.988,1004.327,57,13,33,38,4.05,109.585,0.444,83,16
14,149.8,1484,18.131947,98.134781,14,26.5,68.3,0,-83.846,-29.819,995.272,58,14,34,39,4.05,110.46,0.447,83,16
14,149.9,1485,18.131952,98.134789,10,26.5,68.3,0,-77.924,-24.5,986.648,59,15,20,40,4.05,111.36,0.451,83,16
14,150,1486,18.131958,98.134796,11,26.51,68.2,0,-71.208,-19.059,979.24,60,16,21,41,4.05,112.281,0.455,83,16
14,150.1,1487,18.131964,98.134804,12,26.51,68.2,0,-63.766,-13.523,973.724,61,17,22,42,4.05,113.222,0.459,83,16
14,150.2,1488,18.131969,98.134811,13,26.51,68.2,0,-55.674,-7.92,970.601,62,18,23,43,4.05,114.181,0.462,83,16
14,150.3,1489,18.131975,98.134819,14,26.51,68.1,0,-47.013,-2.276,970.157,63,19,24,44,4.05,115.154,0.466,83,16
14,150.4,1490,18.131981,98.134827,10,26.51,68.1,0,-37.875,3.379,972.432,64,10,25,45,4.05,116.14,0.47,83,16
14,150.5,1491,18.131987,98.134834,11,26.52,68.1,0,-28.35,9.017,977.219,65,11,26,46,4.049,117.135,0.474,83,16
14,150.6,1492,18.131992,98.134842,12,26.52,68,0,-18.537,14.609,984.082,66,12,27,47,4.049,118.138,0.478,83,16
14,150.7,1493,18.131998,98.13485,13,26.52,68,0,-8.534,20.129,992.394,67,13,28,48,4.049,119.146,0.482,83,16
14,150.8,1494,18.132004,98.134857,14,26.52,67.9,0,1.555,25.548,1001.398,68,14,29,49,4.049,120.155,0.487,83,16
14,150.9,1495,18.13201,98.134865,10,26.53,67.9,0,11.628,30.839,1010.277,69,15,30,50,4.049,121.165,0.491,83,16
14,151,1496,18.132015,98.134872,11,26.53,67.9,0,21.585,35.978,1018.22,70,16,31,51,4.049,122.171,0.495,83,16
14,151.1,1497,18.132021,98.13488,12,26.54,67.8,0,31.32,40.935,1024.501,71,17,32,52,4.049,123.172,0.499,83,16
14,151.2,1498,18.132027,98.134888,13,26.54,67.8,0,40.736,45.688,1028.55,72,18,33,53,4.049,124.165,0.503,83,16
14,151.3,1499,18.132032,98.134895,14,26.54,67.7,0,49.736,50.213,1029.999,73,19,34,54,4.049,125.147,0.507,83,16
14,151.4,1500,18.132038,98.134903,10,26.55,67.7,0,58.23,54.487,1028.714,74,10,20,35,4.049,126.116,0.511,83,16
14,151.5,1501,18.132044,98.134911,11,26.55,67.6,0,66.13,58.489,1024.813,75,11,21,36,4.048,127.069,0.514,83,16
14,151.6,1502,18.13205,98.134918,12,26.56,67.6,0,73.356,62.198,1018.652,76,12,22,37,4.048,128.005,0.518,83,16
14,151.7,1503,18.132055,98.134926,13,26.56,67.6,0,79.835,65.597,1010.792,77,13,23,38,4.048,128.92,0.522,83,16
14,151.8,1504,18.132061,98.134933,14,26.57,67.5,0,85.5,68.668,1001.947,78,14,24,39,4.048,129.812,0.526,83,16
14,151.9,1505,18.132067,98.134941,10,26.57,67.5,0,90.294,71.396,992.925,79,15,25,40,4.048,130.679,0.529,83,16
14,152,1506,18.132072,98.134949,11,26.58,67.4,0,94.167,73.767,984.548,80,16,26,41,4.048,131.519,0.532,83,16
14,152.1,1507,18.132078,98.134956,12,26.58,67.4,0,97.08,75.77,977.579,81,17,27,42,4.048,132.33,0.536,83,16
14,152.2,1508,18.132084,98.134964,13,26.59,67.3,0,99.004,77.394,972.653,82,18,28,43,4.048,133.109,0.539,83,16
14,152.3,1509,18.13209,98.134972,14,26.59,67.3,0,99.919,78.631,970.218,83,19,29,44,4.048,133.855,0.542,83,16
14,152.4,1510,18.132095,98.134979,10,26.6,67.2,0,99.816,79.476,970.497,84,10,30,45,4.048,134.565,0.545,83,16
14,152.5,1511,18.132101,98.134987,11,26.61,67.2,0,98.694,79.923,973.464,85,11,31,46,4.047,135.238,0.547,83,16
14,152.6,1512,18.132107,98.134995,12,26.61,67.2,0,96.568,79.971,978.848,86,12,32,47,4.047,135.873,0.55,83,16
14,152.7,1513,18.132113,98.135002,13,26.62,67.1,0,93.457,79.62,986.159,87,13,33,48,4.047,136.467,0.552,83,16
14,152.8,1514,18.132118,98.13501,14,26.62,67.1,0,89.393,78.87,994.732,88,14,34,49,4.047,137.019,0.555,83,16
14,152.9,1515,18.132124,98.135017,10,26.63,67,0,84.418,77.727,1003.784,89,15,20,50,4.047,137.527,0.557,83,16
14,153,1516,18.13213,98.135025,11,26.64,67,0,78.583,76.195,1012.491,90,16,21,51,4.047,137.991,0.558,82,16
14,153.1,1517,18.132135,98.135033,12,26.65,66.9,0,71.947,74.283,1020.061,91,17,22,52,4.047,138.409,0.56,82,16
14,153.2,1518,18.132141,98.13504,13,26.65,66.9,0,64.578,71.999,1025.803,92,18,23,53,4.047,138.78,0.562,82,16
14,153.3,1519,18.132147,98.135048,14,26.66,66.8,0,56.55,69.356,1029.194,93,19,24,54,4.047,139.104,0.563,82,16
14,153.4,1520,18.132153,98.135056,10,26.67,66.8,0,47.946,66.366,1029.925,94,10,25,35,4.047,139.378,0.564,82,16
14,153.5,1521,18.132158,98.135063,11,26.67,66.7,0,38.853,63.045,1027.93,95,11,26,36,4.046,139.603,0.565,82,16
14,153.6,1522,18.132164,98.135071,12,26.68,66.7,0,29.365,59.408,1023.39,96,12,27,37,4.046,139.778,0.566,82,16
14,153.7,1523,18.13217,98.135078,13,26.69,66.6,0,19.577,55.475,1016.719,97,13,28,38,4.046,139.903,0.566,82,16
14,153.8,1524,18.132175,98.135086,14,26.7,66.6,0,9.59,51.265,1008.524,98,14,29,39,4.046,139.977,0.566,82,16
14,153.9,1525,18.132181,98.135094,10,26.71,66.5,0,-0.495,46.798,999.554,99,15,30,40,4.046,140,0.566,82,16
14,154,1526,18.132187,98.135101,11,26.71,66.5,0,-10.577,42.097,990.623,100,16,31,41,4.046,139.972,0.566,82,16
14,154.1,1527,18.132193,98.135109,12,26.72,66.4,0,-20.549,37.186,982.548,101,17,32,42,4.046,139.893,0.566,82,16
14,154.2,1528,18.132198,98.135117,13,26.73,66.4,0,-30.312,32.09,976.062,102,18,33,43,4.046,139.763,0.565,82,16
14,154.3,1529,18.132204,98.135124,14,26.74,66.3,0,-39.766,26.833,971.757,103,19,34,44,4.046,139.583,0.565,82,16
14,154.4,1530,18.13221,98.135132,10,26.75,66.3,0,-48.814,21.442,970.025,104,10,20,45,4.046,139.353,0.564,82,16
14,154.5,1531,18.132215,98.135139,11,26.76,66.3,0,-57.365,15.944,971.024,105,11,21,46,4.045,139.074,0.563,82,16
14,154.6,1532,18.132221,98.135147,12,26.77,66.2,0,-65.331,10.367,974.663,106,12,22,47,4.045,138.746,0.561,82,16
14,154.8,1533,18.132227,98.135155,13,26.78,66.2,0,-72.633,4.737,980.612,107,13,23,48,4.045,138.37,0.56,82,16
14,154.9,1534,18.132233,98.135162,14,26.78,66.1,0,-79.193,-0.917,988.326,108,14,24,49,4.045,137.948,0.558,82,16
14,155,1535,18.132238,98.13517,10,26.79,66.1,0,-84.946,-6.565,997.103,109,15,25,50,4.045,137.479,0.556,82,16
14,155.1,1536,18.132244,98.135178,11,26.8,66,0,-89.833,-12.181,1006.144,110,16,26,51,4.045,136.967,0.554,82,16
14,155.2,1537,18.13225,98.135185,12,26.81,66,0,-93.805,-17.736,1014.627,111,17,27,52,4.045,136.41,0.552,82,16
14,155.3,1538,18.132256,98.135193,13,26.82,65.9,0,-96.821,-23.202,1021.776,112,18,28,53,4.045,135.812,0.549,82,16
14,155.4,1539,18.132261,98.135201,14,26.83,65.9,0,-98.849,-28.552,1026.941,113,19,29,54,4.045,135.174,0.547,82,16
14,155.5,1540,18.132267,98.135208,10,26.84,65.8,0,-99.871,-33.76,1029.652,114,10,30,35,4.045,134.497,0.544,82,16
14,155.6,1541,18.132273,98.135216,11,26.85,65.8,0,-99.874,-38.8,1029.661,115,11,31,36,4.044,133.783,0.541,82,16
14,155.7,1542,18.132278,98.135223,12,26.86,65.7,0,-98.86,-43.645,1026.968,116,12,32,37,4.044,133.034,0.538,82,16
14,155.8,1543,18.132284,98.135231,13,26.87,65.7,0,-96.837,-48.272,1021.817,117,13,33,38,4.044,132.252,0.535,82,16
14,155.9,1544,18.13229,98.135239,14,26.88,65.6,0,-93.828,-52.658,1014.68,118,14,34,39,4.044,131.438,0.532,82,16
14,156,1545,18.132296,98.135246,10,26.89,65.6,0,-89.863,-56.78,1006.205,119,15,20,40,4.044,130.595,0.528,82,16
14,156.1,1546,18.132301,98.135254,11,26.9,65.5,0,-84.982,-60.62,997.164,120,16,21,41,4.044,129.725,0.525,82,16
14,156.2,1547,18.132307,98.135262,12,26.91,65.5,0,-79.234,-64.156,988.381,121,17,22,42,4.044,128.831,0.521,82,16
14,156.3,1548,18.132313,98.135269,13,26.92,65.4,0,-72.678,-67.372,980.657,122,18,23,43,4.044,127.914,0.517,82,16
14,156.4,1549,18.132318,98.135277,14,26.93,65.4,0,-65.382,-70.251,974.696,123,19,24,44,4.044,126.976,0.513,82,16
14,156.5,1550,18.132324,98.135284,10,26.94,65.3,0,-57.42,-72.779,971.04,124,10,25,45,4.044,126.021,0.51,82,16
14,156.6,1551,18.13233,98.135292,11,26.95,65.3,0,-48.873,-74.944,970.023,125,11,26,46,4.043,125.051,0.506,82,16
14,156.7,1552,18.132336,98.1353,12,26.96,65.2,0,-39.827,-76.734,971.737,126,12,27,47,4.043,124.068,0.502,82,16
14,156.8,1553,18.132341,98.135307,13,26.97,65.2,0,-30.376,-78.14,976.025,127,13,28,48,4.043,123.074,0.498,82,16
14,156.9,1554,18.132347,98.135315,14,26.98,65.1,0,-20.615,-79.156,982.497,128,14,29,49,4.043,122.073,0.494,82,16
14,157,1555,18.132353,98.135323,10,26.99,65.1,0,-10.642,-79.777,990.566,129,15,30,50,4.043,121.066,0.489,82,16
14,157.1,1556,18.132359,98.13533,11,27,65,0,-0.563,-79.999,999.494,130,16,31,51,4.043,120.056,0.485,82,16
14,157.2,1557,18.132364,98.135338,12,27.01,65,0,9.523,-79.822,1008.467,131,17,32,52,4.043,119.047,0.481,82,16
14,157.3,1558,18.13237,98.135345,13,27.02,64.9,0,19.511,-79.245,1016.669,132,18,33,53,4.043,118.039,0.477,82,16
14,157.4,1559,18.132376,98.135353,14,27.03,64.9,0,29.3,-78.273,1023.351,133,19,34,54,4.043,117.037,0.473,82,16
14,157.5,1560,18.132381,98.135361,10,27.04,64.8,0,38.791,-76.91,1027.907,134,10,20,35,4.043,116.043,0.469,82,16
14,157.6,1561,18.132387,98.135368,11,27.05,64.8,0,47.887,-75.162,1029.921,135,11,21,36,4.042,115.058,0.465,82,16
14,157.7,1562,18.132393,98.135376,12,27.06,64.7,0,56.494,-73.039,1029.208,136,12,22,37,4.042,114.086,0.461,82,16
14,157.8,1563,18.132399,98.135384,13,27.07,64.6,0,64.527,-70.55,1025.834,137,13,23,38,4.042,113.129,0.457,82,16
14,157.9,1564,18.132404,98.135391,14,27.08,64.6,0,71.901,-67.71,1020.106,138,14,24,39,4.042,112.19,0.453,82,16
14,158,1565,18.13241,98.135399,10,27.09,64.5,0,78.542,-64.531,1012.547,139,15,25,40,4.042,111.27,0.45,82,16
14,158.1,1566,18.132416,98.135406,11,27.1,64.5,0,84.382,-61.03,1003.844,140,16,26,41,4.042,110.373,0.446,82,16
14,158.2,1567,18.132421,98.135414,12,27.11,64.4,0,89.363,-57.223,994.791,141,17,27,42,4.042,109.501,0.443,82,16
14,158.3,1568,18.132427,98.135422,13,27.12,64.4,0,93.433,-53.131,986.214,142,18,28,43,4.042,108.655,0.439,82,16
14,158.4,1569,18.132433,98.135429,14,27.13,64.3,0,96.55,-48.774,978.891,143,19,29,44,4.042,107.838,0.436,82,16
14,158.5,1570,18.132439,98.135437,10,27.14,64.3,0,98.684,-44.172,973.492,144,10,30,45,4.042,107.052,0.433,82,16
14,158.6,1571,18.132444,98.135445,11,27.15,64.2,0,99.811,-39.35,970.508,145,11,31,46,4.041,106.299,0.43,82,16
14,158.7,1572,18.13245,98.135452,12,27.16,64.2,0,99.922,-34.331,970.211,146,12,32,47,4.041,105.581,0.427,82,16
14,158.8,1573,18.132456,98.13546,13,27.17,64.1,0,99.014,-29.141,972.628,147,13,33,48,4.041,104.9,0.424,82,16
14,158.9,1574,18.132462,98.135468,14,27.18,64.1,0,97.096,-23.805,977.539,148,14,34,49,4.041,104.257,0.421,82,16
14,159,1575,18.132467,98.135475,10,27.19,64,0,94.19,-18.35,984.497,149,15,20,50,4.041,103.654,0.419,82,16
14,159.1,1576,18.132473,98.135483,11,27.2,64,0,90.323,-12.804,992.866,150,16,21,51,4.041,103.093,0.417,82,16
14,159.2,1577,18.132479,98.13549,12,27.21,64,0,85.535,-7.193,1001.887,151,17,22,52,4.041,102.576,0.414,82,16
14,159.3,1578,18.132484,98.135498,13,27.21,63.9,0,79.875,-1.547,1010.734,152,18,23,53,4.041,102.102,0.413,82,16
14,159.4,1579,18.13249,98.135506,14,27.22,63.9,0,73.402,4.107,1018.604,153,19,24,54,4.041,101.674,0.411,82,16
14,159.5,1580,18.132496,98.135513,10,27.23,63.8,0,66.181,9.741,1024.779,154,10,25,35,4.041,101.293,0.409,82,16
14,159.6,1581,18.132502,98.135521,11,27.24,63.8,0,58.285,15.325,1028.696,155,11,26,36,4.04,100.96,0.408,82,16
14,159.7,1582,18.132507,98.135529,12,27.25,63.7,0,49.795,20.834,1029.999,157,12,27,37,4.04,100.675,0.407,82,16
14,159.8,1583,18.132513,98.135536,13,27.26,63.7,0,40.797,26.238,1028.569,158,13,28,38,4.04,100.44,0.406,82,16
14,159.9,1584,18.132519,98.135544,14,27.27,63.6,0,31.384,31.511,1024.536,159,14,29,39,4.04,100.254,0.405,82,16
14,160,1585,18.132524,98.135551,10,27.28,63.6,0,21.649,36.627,1018.266,160,15,30,40,4.04,100.119,0.404,82,16
14,160.1,1586,18.13253,98.135559,11,27.28,63.5,0,11.695,41.56,1010.334,161,16,31,41,4.04,100.034,0.404,82,16
14,160.2,1587,18.132536,98.135567,12,27.29,63.5,0,1.622,46.285,1001.46,162,17,32,42,4.04,100.001,0.404,82,16
14,160.3,1588,18.132542,98.135574,13,27.3,63.4,0,-8.467,50.778,992.452,163,18,33,43,4.04,100.018,0.404,82,16
14,160.4,1589,18.132547,98.135582,14,27.31,63.4,0,-18.471,55.018,984.132,164,19,34,44,4.04,100.086,0.404,82,16
14,160.5,1590,18.132553,98.13559,10,27.32,63.3,0,-28.286,58.984,977.259,165,10,20,45,4.039,100.205,0.405,82,16
14,160.6,1591,18.132559,98.135597,11,27.32,63.3,0,-37.812,62.654,972.457,166,11,21,46,4.039,100.375,0.405,82,16
14,160.7,1592,18.132565,98.135605,12,27.33,63.2,0,-46.955,66.012,970.164,167,12,22,47,4.039,100.594,0.406,82,16
14,160.8,1593,18.13257,98.135612,13,27.34,63.2,0,-55.618,69.039,970.589,168,13,23,48,4.039,100.863,0.407,82,16
14,160.9,1594,18.132576,98.13562,14,27.35,63.1,0,-63.714,71.722,973.695,169,14,24,49,4.039,101.181,0.409,82,16
14,161,1595,18.132582,98.135628,10,27.35,63.1,0,-71.16,74.046,979.196,170,15,25,50,4.039,101.547,0.41,82,16
14,161.1,1596,18.132587,98.135635,11,27.36,63,0,-77.881,76.001,986.593,171,16,26,51,4.039,101.96,0.412,82,16
14,161.2,1597,18.132593,98.135643,12,27.37,63,0,-83.809,77.575,995.212,172,17,27,52,4.039,102.419,0.414,82,16
14,161.3,1598,18.132599,98.135651,13,27.37,62.9,0,-88.882,78.762,1004.267,173,18,28,53,4.039,102.922,0.416,82,16
14,161.4,1599,18.132605,98.135658,14,27.38,62.9,0,-93.05,79.556,1012.935,174,19,29,54,4.039,103.47,0.418,82,16
14,161.5,1600,18.13261,98.135666,10,27.39,62.9,0,-96.269,79.952,1020.422,175,10,30,35,4.038,104.059,0.42,82,16
14,161.6,1601,18.132616,98.135674,11,27.39,62.8,0,-98.507,79.948,1026.048,176,11,31,36,4.038,104.689,0.423,82,16
14,161.7,1602,18.132622,98.135681,12,27.4,62.8,0,-99.741,79.545,1029.302,177,12,32,37,4.038,105.358,0.425,82,16
14,161.8,1603,18.132627,98.135689,13,27.41,62.7,0,-99.958,78.745,1029.887,178,13,33,38,4.038,106.064,0.428,82,16
14,161.9,1604,18.132633,98.135696,14,27.41,62.7,0,-99.157,77.551,1027.748,179,14,34,39,4.038,106.806,0.431,82,16
14,162,1605,18.132639,98.135704,10,27.42,62.6,0,-97.344,75.97,1023.082,180,15,20,40,4.038,107.582,0.434,81,16
14,162.1,1606,18.132645,98.135712,11,27.42,62.6,0,-94.54,74.009,1016.312,181,16,21,41,4.038,108.389,0.438,81,16
14,162.2,1607,18.13265,98.135719,12,27.43,62.5,0,-90.772,71.678,1008.055,182,17,22,42,4.038,109.226,0.441,81,16
14,162.3,1608,18.132656,98.135727,13,27.43,62.5,0,-86.079,68.989,999.065,183,18,23,43,4.038,110.09,0.445,81,16
14,162.4,1609,18.132662,98.135735,14,27.44,62.5,0,-80.508,65.956,990.161,184,19,24,44,4.038,110.98,0.448,81,16
14,162.5,1610,18.132668,98.135742,10,27.44,62.4,0,-74.117,62.593,982.153,185,10,25,45,4.037,111.892,0.452,81,16
14,162.6,1611,18.132673,98.13575,11,27.45,62.4,0,-66.971,58.917,975.771,186,11,26,46,4.037,112.825,0.456,81,16
14,162.7,1612,18.132679,98.135757,12,27.45,62.3,0,-59.142,54.947,971.596,187,12,27,47,4.037,113.777,0.459,81,16
14,162.8,1613,18.132685,98.135765,13,27.46,62.3,0,-50.711,50.703,970.009,188,13,28,48,4.037,114.744,0.463,81,16
14,162.9,1614,18.13269,98.135773,14,27.46,62.2,0,-41.761,46.204,971.155,189,14,29,49,4.037,115.725,0.467,81,16
14,163,1615,18.132696,98.13578,10,27.46,62.2,0,-32.387,41.475,974.928,190,15,30,50,4.037,116.717,0.471,81,16
14,163.1,1616,18.132702,98.135788,11,27.47,62.2,0,-22.682,36.539,980.986,191,16,31,51,4.037,117.717,0.475,81,16
14,163.2,1617,18.132708,98.135796,12,27.47,62.1,0,-12.747,31.421,988.777,192,17,32,52,4.037,118.723,0.479,81,16
14,163.3,1618,18.132713,98.135803,13,27.47,62.1,0,-2.682,26.145,997.589,193,18,33,53,4.037,119.732,0.483,81,16
14,163.4,1619,18.132719,98.135811,14,27.48,62,0,7.411,20.739,1006.621,194,19,34,54,4.037,120.742,0.487,81,16
14,163.5,1620,18.132725,98.135818,10,27.48,62,0,17.428,15.229,1015.05,195,10,20,35,4.036,121.75,0.491,81,16
14,163.6,1621,18.13273,98.135826,11,27.48,62,0,27.269,9.643,1022.109,196,11,21,36,4.036,122.753,0.495,81,16
14,163.7,1622,18.132736,98.135834,12,27.49,61.9,0,36.831,4.009,1027.153,197,12,22,37,4.036,123.75,0.499,81,16
14,163.8,1623,18.132742,98.135841,13,27.49,61.9,0,46.017,-1.646,1029.722,198,13,23,38,4.036,124.736,0.503,81,16
14,163.9,1624,18.132748,98.135849,14,27.49,61.8,0,54.734,-7.291,1029.584,199,14,24,39,4.036,125.711,0.507,81,16
14,164,1625,18.132753,98.135857,10,27.49,61.8,0,62.893,-12.901,1026.75,200,15,25,40,4.036,126.671,0.511,81,16
14,164.1,1626,18.132759,98.135864,11,27.49,61.8,0,70.412,-18.446,1021.48,201,16,26,41,4.036,127.615,0.515,81,16
14,164.2,1627,18.132765,98.135872,12,27.5,61.7,0,77.212,-23.899,1014.253,202,17,27,42,4.036,128.538,0.519,81,16
14,164.3,1628,18.132771,98.13588,13,27.5,61.7,0,83.226,-29.232,1005.727,203,18,28,43,4.036,129.441,0.522,81,16
14,164.4,1629,18.132776,98.135887,14,27.5,61.6,0,88.392,-34.42,996.678,204,19,29,44,4.036,130.319,0.526,81,16
14,164.5,1630,18.132782,98.135895,10,27.5,61.6,0,92.657,-39.436,987.933,205,10,30,45,4.035,131.17,0.529,81,16
14,164.6,1631,18.132788,98.135902,11,27.5,61.6,0,95.977,-44.254,980.287,206,11,31,46,4.035,131.993,0.533,81,16
14,164.8,1632,18.132793,98.13591,12,27.5,61.5,0,98.319,-48.851,974.438,207,12,32,47,4.035,132.786,0.536,81,16
14,164.9,1633,18.132799,98.135918,13,27.5,61.5,0,99.659,-53.204,970.917,208,13,33,48,4.035,133.546,0.539,81,16
14,165,1634,18.132805,98.135925,14,27.5,61.5,0,99.983,-57.292,970.046,209,14,34,49,4.035,134.272,0.542,81,16
14,165.1,1635,18.132811,98.135933,10,27.5,61.4,0,99.288,-61.093,971.904,210,15,20,50,4.035,134.961,0.545,81,16
14,165.2,1636,18.132816,98.135941,11,27.5,61.4,0,97.581,-64.589,976.322,211,16,21,51,4.035,135.612,0.547,81,16
14,165.3,1637,18.132822,98.135948,12,27.5,61.4,0,94.88,-67.762,982.897,212,17,22,52,4.035,136.223,0.55,81,16
14,165.4,1638,18.132828,98.135956,13,27.5,61.3,0,91.211,-70.597,991.03,213,18,23,53,4.035,136.792,0.552,81,16
14,165.5,1639,18.132833,98.135963,14,27.5,61.3,0,86.613,-73.079,999.981,214,19,24,54,4.035,137.319,0.554,81,16
14,165.6,1640,18.132839,98.135971,10,27.5,61.3,0,81.132,-75.196,1008.934,215,10,25,35,4.034,137.802,0.556,81,16
14,165.7,1641,18.132845,98.135979,11,27.49,61.2,0,74.825,-76.937,1017.072,216,11,26,36,4.034,138.24,0.558,81,16
14,165.8,1642,18.132851,98.135986,12,27.49,61.2,0,67.754,-78.293,1023.654,217,12,27,37,4.034,138.631,0.559,81,16
14,165.9,1643,18.132856,98.135994,13,27.49,61.2,0,59.993,-79.259,1028.083,218,13,28,38,4.034,138.974,0.561,81,16
14,166,1644,18.132862,98.136002,14,27.49,61.1,0,51.62,-79.828,1029.952,219,14,29,39,4.034,139.269,0.562,81,16
14,166.1,1645,18.132868,98.136009,10,27.49,61.1,0,42.721,-79.999,1029.093,220,15,30,40,4.034,139.515,0.563,81,16
14,166.2,1646,18.132874,98.136017,11,27.48,61.1,0,33.387,-79.77,1025.583,221,16,31,41,4.034,139.711,0.564,81,16
14,166.3,1647,18.132879,98.136024,12,27.48,61,0,23.713,-79.142,1019.742,222,17,32,42,4.034,139.857,0.564,81,16
14,166.4,1648,18.132885,98.136032,13,27.48,61,0,13.797,-78.119,1012.102,223,18,33,43,4.034,139.952,0.565,81,16
14,166.5,1649,18.132891,98.13604,14,27.48,61,0,3.741,-76.706,1003.36,224,19,34,44,4.034,139.997,0.565,81,16
14,166.6,1650,18.132896,98.136047,10,27.47,60.9,0,-6.354,-74.909,994.312,225,10,20,45,4.033,139.99,0.565,81,16
14,166.7,1651,18.132902,98.136055,11,27.47,60.9,0,-16.385,-72.738,985.781,226,11,21,46,4.033,139.932,0.564,81,16
14,166.8,1652,18.132908,98.136063,12,27.47,60.9,0,-26.248,-70.204,978.547,227,12,22,47,4.033,139.824,0.564,81,16
14,166.9,1653,18.132914,98.13607,13,27.46,60.8,0,-35.844,-67.319,973.267,228,13,23,48,4.033,139.665,0.563,81,16
14,167,1654,18.132919,98.136078,14,27.46,60.8,0,-45.074,-64.097,970.422,229,14,24,49,4.033,139.456,0.562,81,16
14,167.1,1655,18.132925,98.136086,10,27.45,60.8,0,-53.844,-60.556,970.273,230,15,25,50,4.033,139.197,0.561,81,16
14,167.2,1656,18.132931,98.136093,11,27.45,60.8,0,-62.066,-56.711,972.831,231,16,26,51,4.033,138.89,0.56,81,16
14,167.3,1657,18.132936,98.136101,12,27.45,60.7,0,-69.655,-52.584,977.865,232,17,27,52,4.033,138.534,0.559,81,16
14,167.4,1658,18.132942,98.136108,13,27.44,60.7,0,-76.536,-48.193,984.917,233,18,28,53,4.033,138.131,0.557,81,16
14,167.5,1659,18.132948,98.136116,14,27.44,60.7,0,-82.635,-43.562,993.342,234,19,29,54,4.033,137.681,0.555,81,16
14,167.6,1660,18.132954,98.136124,10,27.43,60.7,0,-87.892,-38.713,1002.373,235,10,30,35,4.032,137.187,0.553,81,16
14,167.7,1661,18.132959,98.136131,11,27.43,60.6,0,-92.253,-33.671,1011.188,236,11,31,36,4.032,136.649,0.551,81,16
14,167.8,1662,18.132965,98.136139,12,27.42,60.6,0,-95.674,-28.461,1018.984,237,12,32,37,4.032,136.068,0.549,81,16
14,167.9,1663,18.132971,98.136147,13,27.42,60.6,0,-98.12,-23.108,1025.051,238,13,33,38,4.032,135.447,0.546,81,16
14,168,1664,18.132977,98.136154,14,27.41,60.6,0,-99.566,-17.64,1028.835,239,14,34,39,4.032,134.786,0.543,81,16
14,168.1,1665,18.132982,98.136162,10,27.4,60.5,0,-99.997,-12.084,1029.992,240,15,20,40,4.032,134.087,0.541,81,16
14,168.2,1666,18.132988,98.136169,11,27.4,60.5,0,-99.409,-6.467,1028.416,241,16,21,41,4.032,133.352,0.538,81,16
14,168.3,1667,18.132994,98.136177,12,27.39,60.5,0,-97.807,-0.818,1024.252,242,17,22,42,4.032,132.584,0.535,81,16
14,168.4,1668,18.132999,98.136185,13,27.39,60.5,0,-95.209,4.835,1017.877,243,18,23,43,4.032,131.783,0.531,81,16
14,168.5,1669,18.133005,98.136192,14,27.38,60.5,0,-91.64,10.464,1009.875,244,19,24,44,4.032,130.952,0.528,81,16
14,168.6,1670,18.133011,98.1362,10,27.37,60.4,0,-87.138,16.04,1000.973,245,10,25,45,4.031,130.093,0.524,81,16
14,168.7,1671,18.133017,98.136208,11,27.37,60.4,0,-81.747,21.537,991.982,246,11,26,46,4.031,129.209,0.521,81,16
14,168.8,1672,18.133022,98.136215,12,27.36,60.4,0,-75.523,26.926,983.721,247,12,27,47,4.031,128.301,0.517,81,16
14,168.9,1673,18.133028,98.136223,13,27.35,60.4,0,-68.529,32.181,976.943,248,13,28,48,4.031,127.372,0.513,81,16
14,169,1674,18.133034,98.13623,14,27.34,60.4,0,-60.836,37.274,972.266,249,14,29,49,4.031,126.424,0.51,81,16
14,169.1,1675,18.133039,98.136238,10,27.34,60.3,0,-52.524,42.181,970.117,250,15,30,50,4.031,125.46,0.506,81,16
14,169.2,1676,18.133045,98.136246,11,27.33,60.3,0,-43.677,46.878,970.689,251,16,31,51,4.031,124.482,0.502,81,16
14,169.3,1677,18.133051,98.136253,12,27.32,60.3,0,-34.384,51.34,973.933,252,17,32,52,4.031,123.492,0.498,81,16
14,169.4,1678,18.133057,98.136261,13,27.31,60.3,0,-24.741,55.545,979.55,253,18,33,53,4.031,122.494,0.494,81,16
14,169.5,1679,18.133062,98.136269,14,27.31,60.3,0,-14.846,59.474,987.031,254,19,34,54,4.031,121.489,0.49,81,16
14,169.6,1680,18.133068,98.136276,10,27.3,60.3,0,-4.798,63.105,995.695,255,10,20,35,4.03,120.48,0.486,81,16
14,169.7,1681,18.133074,98.136284,11,27.29,60.2,0,5.298,66.421,1004.75,256,11,21,36,4.03,119.47,0.482,81,16
14,169.8,1682,18.13308,98.136292,12,27.28,60.2,0,15.339,69.405,1013.373,258,12,22,37,4.03,118.462,0.477,81,16
14,169.9,1683,18.133085,98.136299,13,27.27,60.2,0,25.224,72.042,1020.776,259,13,23,38,4.03,117.457,0.473,81,16
14,170,1684,18.133091,98.136307,14,27.26,60.2,0,34.852,74.319,1026.287,260,14,24,39,4.03,116.459,0.469,81,16
14,170.1,1685,18.133097,98.136314,10,27.26,60.2,0,44.125,76.225,1029.403,261,15,25,40,4.03,115.47,0.465,81,16
14,170.2,1686,18.133102,98.136322,11,27.25,60.2,0,52.948,77.75,1029.84,262,16,26,41,4.03,114.492,0.461,81,16
14,170.3,1687,18.133108,98.13633,12,27.24,60.2,0,61.232,78.887,1027.559,263,17,27,42,4.03,113.529,0.457,81,16
14,170.4,1688,18.133114,98.136337,13,27.23,60.1,0,68.892,79.629,1022.766,264,18,28,43,4.03,112.582,0.454,81,16
14,170.5,1689,18.13312,98.136345,14,27.22,60.1,0,75.849,79.974,1015.9,265,19,29,44,4.029,111.653,0.45,81,16
14,170.6,1690,18.133125,98.136353,10,27.21,60.1,0,82.034,79.919,1007.585,266,10,30,45,4.029,110.747,0.446,81,16
14,170.7,1691,18.133131,98.13636,11,27.2,60.1,0,87.382,79.464,998.578,267,11,31,46,4.029,109.863,0.443,81,16
14,170.8,1692,18.133137,98.136368,12,27.19,60.1,0,91.839,78.613,989.702,268,12,32,47,4.029,109.006,0.439,81,16
14,170.9,1693,18.133142,98.136375,13,27.18,60.1,0,95.361,77.369,981.764,269,13,33,48,4.029,108.177,0.436,81,16
14,171,1694,18.133148,98.136383,14,27.17,60.1,0,97.91,75.738,975.486,270,14,34,49,4.029,107.378,0.433,80,16
14,171.1,1695,18.133154,98.136391,10,27.16,60.1,0,99.462,73.729,971.443,271,15,20,50,4.029,106.611,0.43,80,16
14,171.2,1696,18.13316,98.136398,11,27.15,60.1,0,100,71.351,970.001,272,16,21,51,4.029,105.878,0.427,80,16
14,171.3,1697,18.133165,98.136406,12,27.15,60.1,0,99.518,68.617,971.293,273,17,22,52,4.029,105.181,0.424,80,16
14,171.4,1698,18.133171,98.136414,13,27.14,60,0,98.022,65.541,975.199,274,18,23,53,4.029,104.522,0.421,80,16
14,171.5,1699,18.133177,98.136421,14,27.13,60,0,95.528,62.136,981.366,275,19,24,54,4.028,103.902,0.419,80,16
14,171.6,1700,18.133183,98.136429,10,27.12,60,0,92.059,58.422,989.23,276,10,25,35,4.028,103.324,0.416,80,16
14,171.7,1701,18.133188,98.136436,11,27.11,60,0,87.653,54.415,998.075,277,11,26,36,4.028,102.788,0.414,80,16
14,171.8,1702,18.133194,98.136444,12,27.1,60,0,82.352,50.136,1007.097,278,12,27,37,4.028,102.295,0.412,80,16
14,171.9,1703,18.1332,98.136452,13,27.09,60,0,76.213,45.607,1015.471,279,13,28,38,4.028,101.848,0.41,80,16
14,172,1704,18.133205,98.136459,14,27.08,60,0,69.296,40.85,1022.436,280,14,29,39,4.028,101.448,0.409,80,16
14,172.1,1705,18.133211,98.136467,10,27.07,60,0,61.674,35.889,1027.356,281,15,30,40,4.028,101.094,0.407,80,16
14,172.2,1706,18.133217,98.136475,11,27.06,60,0,53.423,30.749,1029.784,282,16,31,41,4.028,100.789,0.406,80,16
14,172.3,1707,18.133223,98.136482,12,27.05,60,0,44.628,25.455,1029.499,283,17,32,42,4.028,100.533,0.405,80,16
14,172.4,1708,18.133228,98.13649,13,27.04,60,0,35.377,20.034,1026.527,284,18,33,43,4.028,100.326,0.404,80,16
14,172.5,1709,18.133234,98.136497,14,27.03,60,0,25.766,14.513,1021.137,285,19,34,44,4.027,100.17,0.403,80,16
14,172.6,1710,18.13324,98.136505,10,27.02,60,0,15.891,8.918,1013.82,286,10,20,45,4.027,100.064,0.403,80,16
14,172.7,1711,18.133245,98.136513,11,27.01,60,0,5.856,3.28,1005.246,287,11,21,46,4.027,100.009,0.403,80,16
14,172.8,1712,18.133251,98.13652,12,27,60,0,-4.239,-2.374,996.194,288,12,22,47,4.027,100.004,0.403,80,16
14,172.9,1713,18.133257,98.136528,13,26.99,60,0,-14.291,-8.017,987.489,289,13,23,48,4.027,100.051,0.403,80,16
14,173,1714,18.133263,98.136536,14,26.98,60,0,-24.198,-13.62,979.922,290,14,24,49,4.027,100.149,0.403,80,16
14,173.1,1715,18.133268,98.136543,10,26.97,60,0,-33.857,-19.154,974.186,291,15,25,50,4.027,100.298,0.404,80,16
14,173.2,1716,18.133274,98.136551,11,26.96,60,0,-43.172,-24.593,970.801,292,16,26,51,4.027,100.496,0.405,80,16
14,173.3,1717,18.13328,98.136559,12,26.95,60,0,-52.048,-29.91,970.076,293,17,27,52,4.027,100.744,0.406,80,16
14,173.4,1718,18.133286,98.136566,13,26.94,60,0,-60.392,-35.077,972.078,294,18,28,53,4.027,101.042,0.407,80,16
14,173.5,1719,18.133291,98.136574,14,26.93,60,0,-68.12,-40.068,976.625,295,19,29,54,4.026,101.388,0.408,80,16
14,173.6,1720,18.133297,98.136581,10,26.92,60,0,-75.155,-44.859,983.3,296,10,30,35,4.026,101.781,0.41,80,16
14,173.7,1721,18.133303,98.136589,11,26.91,60,0,-81.423,-49.427,991.496,297,11,31,36,4.026,102.221,0.412,80,16
14,173.8,1722,18.133308,98.136597,12,26.9,60,0,-86.862,-53.747,1000.469,298,12,32,37,4.026,102.706,0.414,80,16
14,173.9,1723,18.133314,98.136604,13,26.89,60,0,-91.415,-57.798,1009.398,299,13,33,38,4.026,103.235,0.416,80,16
14,174,1724,18.13332,98.136612,14,26.88,60,0,-95.037,-61.562,1017.471,300,14,34,39,4.026,103.807,0.418,80,16
14,174.1,1725,18.133326,98.13662,10,26.87,60,0,-97.689,-65.017,1023.952,301,15,20,40,4.026,104.42,0.42,80,16
14,174.2,1726,18.133331,98.136627,11,26.86,60.1,0,-99.346,-68.147,1028.251,302,16,21,41,4.026,105.073,0.423,80,16
14,174.3,1727,18.133337,98.136635,12,26.85,60.1,0,-99.991,-70.937,1029.976,303,17,22,42,4.026,105.763,0.426,80,16
14,174.4,1728,18.133343,98.136642,13,26.84,60.1,0,-99.617,-73.372,1028.97,304,18,23,43,4.026,106.491,0.429,80,16
14,174.5,1729,18.133348,98.13665,14,26.83,60.1,0,-98.227,-75.441,1025.325,305,19,24,44,4.025,107.252,0.432,80,16
14,174.6,1730,18.133354,98.136658,10,26.82,60.1,0,-95.836,-77.133,1019.372,306,10,25,45,4.025,108.047,0.435,80,16
14,174.7,1731,18.13336,98.136665,11,26.81,60.1,0,-92.468,-78.44,1011.656,307,11,26,46,4.025,108.871,0.438,80,16
14,174.9,1732,18.133366,98.136673,12,26.8,60.1,0,-88.157,-79.355,1002.873,308,12,27,47,4.025,109.724,0.442,80,16
14,175,1733,18.133371,98.136681,13,26.79,60.1,0,-82.948,-79.873,993.833,309,13,28,48,4.025,110.604,0.445,80,16
14,175.1,1734,18.133377,98.136688,14,26.78,60.1,0,-76.894,-79.992,985.354,310,14,29,49,4.025,111.507,0.449,80,16
14,175.2,1735,18.133383,98.136696,10,26.77,60.1,0,-70.056,-79.711,978.209,311,15,30,50,4.025,112.431,0.453,80,16
14,175.3,1736,18.133389,98.136703,11,26.76,60.2,0,-62.505,-79.032,973.05,312,16,31,51,4.025,113.376,0.456,80,16
14,175.4,1737,18.133394,98.136711,12,26.75,60.2,0,-54.316,-77.959,970.345,313,17,32,52,4.025,114.337,0.46,80,16
14,175.5,1738,18.1334,98.136719,13,26.75,60.2,0,-45.573,-76.496,970.342,314,18,33,53,4.025,115.312,0.464,80,16
14,175.6,1739,18.133406,98.136726,14,26.74,60.2,0,-36.365,-74.65,973.042,315,19,34,54,4.024,116.3,0.468,80,16
14,175.7,1740,18.133411,98.136734,10,26.73,60.2,0,-26.787,-72.432,978.198,316,10,20,35,4.024,117.296,0.472,80,16
14,175.8,1741,18.133417,98.136742,11,26.72,60.2,0,-16.937,-69.851,985.339,317,11,21,36,4.024,118.3,0.476,80,16
14,175.9,1742,18.133423,98.136749,12,26.71,60.2,0,-6.913,-66.922,993.818,318,12,22,37,4.024,119.308,0.48,80,16
14,176,1743,18.133429,98.136757,13,26.7,60.2,0,3.18,-63.658,1002.859,319,13,23,38,4.024,120.318,0.484,80,16
14,176.1,1744,18.133434,98.136765,14,26.7,60.3,0,13.242,-60.077,1011.639,320,14,24,39,4.024,121.327,0.488,80,16
14,176.2,1745,18.13344,98.136772,10,26.69,60.3,0,23.168,-56.195,1019.36,321,15,25,40,4.024,122.333,0.492,80,16
14,176.3,1746,18.133446,98.13678,11,26.68,60.3,0,32.86,-52.032,1025.316,322,16,26,41,4.024,123.333,0.496,80,16
14,176.4,1747,18.133451,98.136787,12,26.67,60.3,0,42.215,-47.609,1028.966,323,17,27,42,4.024,124.324,0.5,80,16
14,176.5,1748,18.133457,98.136795,13,26.66,60.3,0,51.14,-42.949,1029.976,324,18,28,43,4.024,125.304,0.504,80,16
14,176.6,1749,18.133463,98.136803,14,26.66,60.4,0,59.544,-38.074,1028.256,325,19,29,44,4.023,126.271,0.508,80,16
14,176.7,1750,18.133469,98.13681,10,26.65,60.4,0,67.341,-33.008,1023.961,326,10,30,45,4.023,127.221,0.512,80,16
14,176.8,1751,18.133474,98.136818,11,26.64,60.4,0,74.452,-27.778,1017.484,327,11,31,46,4.023,128.153,0.516,80,16
14,176.9,1752,18.13348,98.136826,12,26.64,60.4,0,80.803,-22.409,1009.413,328,12,32,47,4.023,129.065,0.519,80,16
14,177,1753,18.133486,98.136833,13,26.63,60.4,0,86.332,-16.928,1000.486,329,13,33,48,4.023,129.953,0.523,80,16
14,177.1,1754,18.133492,98.136841,14,26.62,60.5,0,90.981,-11.362,991.512,330,14,34,49,4.023,130.816,0.526,80,16
14,177.2,1755,18.133497,98.136848,10,26.62,60.5,0,94.702,-5.74,983.312,331,15,20,50,4.023,131.652,0.53,80,16
14,177.3,1756,18.133503,98.136856,11,26.61,60.5,0,97.457,-0.089,976.634,332,16,21,51,4.023,132.457,0.533,80,16
14,177.4,1757,18.133509,98.136864,12,26.6,60.5,0,99.22,5.563,972.084,333,17,22,52,4.023,133.231,0.536,80,16
14,177.5,1758,18.133514,98.136871,13,26.6,60.5,0,99.971,11.186,970.078,334,18,23,53,4.023,133.972,0.539,80,16
14,177.6,1759,18.13352,98.136879,14,26.59,60.6,0,99.704,16.754,970.797,335,19,24,54,4.022,134.676,0.542,80,16
14,177.7,1760,18.133526,98.136887,10,26.59,60.6,0,98.42,22.238,974.177,336,10,25,35,4.022,135.343,0.544,80,16
14,177.8,1761,18.133532,98.136894,11,26.58,60.6,0,96.133,27.612,979.911,337,11,26,36,4.022,135.971,0.547,80,16
14,177.9,1762,18.133537,98.136902,12,26.57,60.6,0,92.866,32.847,987.474,338,12,27,37,4.022,136.559,0.549,80,16
14,178,1763,18.133543,98.136909,13,26.57,60.7,0,88.652,37.917,996.178,339,13,28,38,4.022,137.104,0.551,80,16
14,178.1,1764,18.133549,98.136917,14,26.56,60.7,0,83.536,42.799,1005.23,340,14,29,39,4.022,137.605,0.553,80,16
14,178.2,1765,18.133554,98.136925,10,26.56,60.7,0,77.567,47.466,1013.807,341,15,30,40,4.022,138.062,0.555,80,16
14,178.3,1766,18.13356,98.136932,11,26.55,60.7,0,70.809,51.897,1021.125,342,16,31,41,4.022,138.472,0.557,80,16
14,178.4,1767,18.133566,98.13694,12,26.55,60.8,0,63.328,56.068,1026.518,343,17,32,42,4.022,138.836,0.558,80,16
14,178.5,1768,18.133572,98.136948,13,26.55,60.8,0,55.202,59.959,1029.496,344,18,33,43,4.022,139.151,0.56,80,16
14,178.6,1769,18.133577,98.136955,14,26.54,60.8,0,46.512,63.551,1029.786,345,19,34,44,4.021,139.418,0.561,80,16
14,178.7,1770,18.133583,98.136963,10,26.54,60.8,0,37.35,66.825,1027.362,346,10,20,45,4.021,139.635,0.562,80,16
14,178.8,1771,18.133589,98.136971,11,26.53,60.9,0,27.807,69.765,1022.446,347,11,21,46,4.021,139.802,0.562,80,16
14,178.9,1772,18.133595,98.136978,12,26.53,60.9,0,17.98,72.356,1015.485,348,12,22,47,4.021,139.918,0.563,80,16
14,179,1773,18.1336,98.136986,13,26.53,60.9,0,7.97,74.586,1007.111,349,13,23,48,4.021,139.984,0.563,80,16
14,179.1,1774,18.133606,98.136993,14,26.52,61,0,-2.121,76.443,998.092,350,14,24,49,4.021,139.999,0.563,80,16
14,179.2,1775,18.133612,98.137001,10,26.52,61,0,-12.191,77.919,989.246,351,15,25,50,4.021,139.963,0.563,80,16
14,179.3,1776,18.133617,98.137009,11,26.52,61,0,-22.138,79.005,981.378,352,16,26,51,4.021,139.876,0.562,80,16
14,179.4,1777,18.133623,98.137016,12,26.52,61.1,0,-31.857,79.696,975.208,353,17,27,52,4.021,139.738,0.562,80,16
14,179.5,1778,18.133629,98.137024,13,26.51,61.1,0,-41.252,79.989,971.297,354,18,28,53,4.021,139.55,0.561,80,16
14,179.6,1779,18.133635,98.137032,14,26.51,61.1,0,-50.227,79.883,970.001,355,19,29,54,4.02,139.312,0.56,80,16
14,179.7,1780,18.13364,98.137039,10,26.51,61.1,0,-58.689,79.377,971.438,356,10,30,35,4.02,139.025,0.559,80,16
14,179.8,1781,18.133646,98.137047,11,26.51,61.2,0,-66.554,78.475,975.477,357,11,31,36,4.02,138.689,0.558,80,16
14,179.9,1782,18.133652,98.137054,12,26.51,61.2,0,-73.74,77.18,981.749,359,12,32,37,4.02,138.305,0.556,80,16
14,180,1783,18.133657,98.137062,13,26.5,61.2,0,-80.175,75.5,989.688,0,13,33,38,4.02,137.875,0.554,79,16
14,180.1,1784,18.133663,98.13707,14,26.5,61.3,0,-85.793,73.443,998.563,1,14,34,39,4.02,137.4,0.552,79,16
14,180.2,1785,18.133669,98.137077,10,26.5,61.3,0,-90.536,71.019,1007.569,2,15,20,40,4.02,136.88,0.55,79,16
14,180.3,1786,18.133675,98.137085,11,26.5,61.3,0,-94.356,68.24,1015.886,3,16,21,41,4.02,136.317,0.548,79,16
14,180.4,1787,18.13368,98.137093,12,26.5,61.4,0,-97.215,65.12,1022.755,4,17,22,42,4.02,135.712,0.546,79,16
14,180.5,1788,18.133686,98.1371,13,26.5,61.4,0,-99.082,61.675,1027.553,5,18,23,43,4.019,135.068,0.543,79,16
14,180.6,1789,18.133692,98.137108,14,26.5,61.5,0,-99.94,57.921,1029.839,6,19,24,44,4.019,134.385,0.54,79,16
14,180.7,1790,18.133698,98.137115,10,26.5,61.5,0,-99.78,53.878,1029.407,7,10,25,45,4.019,133.665,0.537,79,16
14,180.8,1791,18.133703,98.137123,11,26.5,61.5,0,-98.602,49.566,1026.295,8,11,26,46,4.019,132.91,0.534,79,16
14,180.9,1792,18.133709,98.137131,12,26.5,61.6,0,-96.419,45.006,1020.788,9,12,27,47,4.019,132.123,0.531,79,16
14,181,1793,18.133715,98.137138,13,26.5,61.6,0,-93.254,40.222,1013.386,10,13,28,48,4.019,131.304,0.528,79,16
14,181.1,1794,18.13372,98.137146,14,26.5,61.6,0,-89.138,35.236,1004.766,11,14,29,49,4.019,130.457,0.524,79,16
14,181.2,1795,18.133726,98.137154,10,26.5,61.7,0,-84.113,30.075,995.711,12,15,30,50,4.019,129.583,0.521,79,16
14,181.3,1796,18.133732,98.137161,11,26.5,61.7,0,-78.232,24.763,987.046,13,16,31,51,4.019,128.685,0.517,79,16
14,181.4,1797,18.133738,98.137169,12,26.51,61.7,0,-71.553,19.327,979.563,14,17,32,52,4.019,127.764,0.513,79,16
14,181.5,1798,18.133743,98.137177,13,26.51,61.8,0,-64.144,13.795,973.94,15,18,33,53,4.018,126.824,0.51,79,16
14,181.6,1799,18.133749,98.137184,14,26.51,61.8,0,-56.081,8.194,970.693,16,19,34,54,4.018,125.866,0.506,79,16
14,181.7,1800,18.133755,98.137192,10,26.51,61.9,0,-47.448,2.552,970.115,17,10,20,35,4.018,124.894,0.502,79,16
14,181.8,1801,18.13376,98.137199,11,26.51,61.9,0,-38.331,-3.103,972.261,18,11,21,36,4.018,123.908,0.498,79,16
14,181.9,1802,18.133766,98.137207,12,26.52,61.9,0,-28.823,-8.742,976.933,19,12,22,37,4.018,122.913,0.494,79,16
14,182,1803,18.133772,98.137215,13,26.52,62,0,-19.021,-14.338,983.707,20,13,23,38,4.018,121.911,0.49,79,16
14,182.1,1804,18.133778,98.137222,14,26.52,62,0,-9.026,-19.862,991.965,21,14,24,39,4.018,120.903,0.486,79,16
14,182.2,1805,18.133783,98.13723,10,26.52,62.1,0,1.063,-25.287,1000.956,22,15,25,40,4.018,119.894,0.482,79,16
14,182.3,1806,18.133789,98.137238,11,26.53,62.1,0,11.14,-30.585,1009.861,23,16,26,41,4.018,118.884,0.478,79,16
14,182.4,1807,18.133795,98.137245,12,26.53,62.1,0,21.103,-35.731,1017.865,24,17,27,42,4.018,117.878,0.474,79,16
14,182.5,1808,18.133801,98.137253,13,26.54,62.2,0,30.851,-40.698,1024.242,25,18,28,43,4.017,116.877,0.47,79,16
14,182.6,1809,18.133806,98.13726,14,26.54,62.2,0,40.285,-45.461,1028.411,26,19,29,44,4.017,115.883,0.466,79,16
14,182.7,1810,18.133812,98.137268,10,26.54,62.3,0,49.308,-49.998,1029.991,27,10,30,45,4.017,114.901,0.462,79,16
14,182.8,1811,18.133818,98.137276,11,26.55,62.3,0,57.828,-54.284,1028.839,28,11,31,46,4.017,113.931,0.458,79,16
14,182.9,1812,18.133823,98.137283,12,26.55,62.4,0,65.759,-58.3,1025.06,29,12,32,47,4.017,112.977,0.454,79,16
14,183,1813,18.133829,98.137291,13,26.56,62.4,0,73.021,-62.025,1018.996,30,13,33,48,4.017,112.04,0.45,79,16
14,183.1,1814,18.133835,98.137299,14,26.56,62.4,0,79.538,-65.439,1011.203,31,14,34,49,4.017,111.124,0.446,79,16
14,183.2,1815,18.133841,98.137306,10,26.57,62.5,0,85.244,-68.526,1002.39,32,15,20,50,4.017,110.231,0.443,79,16
14,183.3,1816,18.133846,98.137314,11,26.57,62.5,0,90.081,-71.271,993.357,33,16,21,51,4.017,109.363,0.439,79,16
14,183.4,1817,18.133852,98.137321,12,26.58,62.6,0,94,-73.66,984.93,34,17,22,52,4.017,108.521,0.436,79,16
14,183.5,1818,18.133858,98.137329,13,26.58,62.6,0,96.961,-75.681,977.877,35,18,23,53,4.016,107.709,0.433,79,16
14,183.6,1819,18.133863,98.137337,14,26.59,62.7,0,98.934,-77.323,972.838,36,19,24,54,4.016,106.928,0.429,79,16
14,183.7,1820,18.133869,98.137344,10,26.59,62.7,0,99.898,-78.58,970.275,37,10,25,35,4.016,106.181,0.426,79,16
14,183.8,1821,18.133875,98.137352,11,26.6,62.8,0,99.844,-79.444,970.42,38,11,26,36,4.016,105.469,0.424,79,16
14,183.9,1822,18.133881,98.13736,12,26.6,62.8,0,98.773,-79.911,973.26,39,12,27,37,4.016,104.793,0.421,79,16
14,184,1823,18.133886,98.137367,13,26.61,62.8,0,96.695,-79.978,978.535,40,13,28,38,4.016,104.157,0.418,79,16
14,184.1,1824,18.133892,98.137375,14,26.62,62.9,0,93.631,-79.646,985.768,41,14,29,39,4.016,103.561,0.416,79,16
14,184.2,1825,18.133898,98.137383,10,26.62,62.9,0,89.613,-78.916,994.296,42,15,30,40,4.016,103.007,0.414,79,16
14,184.3,1826,18.133904,98.13739,11,26.63,63,0,84.682,-77.792,1003.343,43,16,31,41,4.016,102.496,0.412,79,16
14,184.4,1827,18.133909,98.137398,12,26.64,63,0,78.886,-76.279,1012.088,44,17,32,42,4.016,102.03,0.41,79,16
14,184.5,1828,18.133915,98.137405,13,26.64,63.1,0,72.288,-74.385,1019.729,45,18,33,43,4.015,101.61,0.408,79,16
14,184.6,1829,18.133921,98.137413,14,26.65,63.1,0,64.953,-72.119,1025.575,46,19,34,44,4.015,101.237,0.407,79,16
14,184.7,1830,18.133926,98.137421,10,26.66,63.2,0,56.956,-69.493,1029.089,47,10,20,45,4.015,100.911,0.405,79,16
14,184.8,1831,18.133932,98.137428,11,26.67,63.2,0,48.378,-66.52,1029.953,48,11,21,46,4.015,100.634,0.404,79,16
14,184.9,1832,18.133938,98.137436,12,26.67,63.3,0,39.307,-63.214,1028.089,49,12,22,47,4.015,100.407,0.403,79,16
14,185.1,1833,18.133944,98.137444,13,26.68,63.3,0,29.836,-59.593,1023.666,50,13,23,48,4.015,100.229,0.402,79,16
14,185.2,1834,18.133949,98.137451,14,26.69,63.4,0,20.06,-55.674,1017.085,51,14,24,49,4.015,100.102,0.402,79,16
14,185.3,1835,18.133955,98.137459,10,26.7,63.4,0,10.079,-51.476,1008.948,52,15,25,50,4.015,100.025,0.402,79,16
14,185.4,1836,18.133961,98.137466,11,26.71,63.5,0,-0.004,-47.021,999.997,53,16,26,51,4.015,100,0.401,79,16
14,185.5,1837,18.133966,98.137474,12,26.71,63.5,0,-10.086,-42.332,991.046,54,17,27,52,4.015,100.026,0.402,79,16
14,185.6,1838,18.133972,98.137482,13,26.72,63.6,0,-20.066,-37.431,982.911,55,18,28,53,4.014,100.102,0.402,79,16
14,185.7,1839,18.133978,98.137489,14,26.73,63.6,0,-29.841,-32.343,976.331,56,19,29,54,4.014,100.229,0.402,79,16
14,185.8,1840,18.133984,98.137497,10,26.74,63.6,0,-39.313,-27.093,971.909,57,10,30,35,4.014,100.407,0.403,79,16
14,185.9,1841,18.133989,98.137505,11,26.75,63.7,0,-48.383,-21.708,970.047,58,11,31,36,4.014,100.634,0.404,79,16
14,186,1842,18.133995,98.137512,12,26.76,63.7,0,-56.962,-16.214,970.913,59,12,32,37,4.014,100.911,0.405,79,16
14,186.1,1843,18.134001,98.13752,13,26.77,63.8,0,-64.958,-10.64,974.429,60,13,33,38,4.014,101.237,0.406,79,16
14,186.2,1844,18.134007,98.137527,14,26.78,63.8,0,-72.293,-5.012,980.276,61,14,34,39,4.014,101.61,0.408,79,16
14,186.3,1845,18.134012,98.137535,10,26.78,63.9,0,-78.891,0.64,987.918,62,15,20,40,4.014,102.031,0.41,79,16
14,186.4,1846,18.134018,98.137543,11,26.79,63.9,0,-84.685,6.29,996.662,63,16,21,41,4.014,102.497,0.411,79,16
14,186.5,1847,18.134024,98.13755,12,26.8,64,0,-89.616,11.908,1005.711,64,17,22,42,4.014,103.007,0.413,79,16
14,186.6,1848,18.134029,98.137558,13,26.81,64,0,-93.633,17.466,1014.238,65,18,23,43,4.013,103.562,0.416,79,16
14,186.7,1849,18.134035,98.137566,14,26.82,64.1,0,-96.696,22.938,1021.469,66,19,24,44,4.013,104.158,0.418,79,16
14,186.8,1850,18.134041,98.137573,10,26.83,64.1,0,-98.774,28.295,1026.743,67,10,25,45,4.013,104.794,0.421,79,16
14,186.9,1851,18.134047,98.137581,11,26.84,64.2,0,-99.845,33.51,1029.581,68,11,26,46,4.013,105.469,0.423,79,16
14,187,1852,18.134052,98.137589,12,26.85,64.2,0,-99.898,38.558,1029.724,69,12,27,47,4.013,106.181,0.426,79,16
14,187.1,1853,18.134058,98.137596,13,26.86,64.3,0,-98.933,43.413,1027.159,70,13,28,48,4.013,106.929,0.429,79,16
14,187.2,1854,18.134064,98.137604,14,26.87,64.3,0,-96.959,48.051,1022.12,71,14,29,49,4.013,107.71,0.432,79,16
14,187.3,1855,18.134069,98.137611,10,26.88,64.4,0,-93.998,52.449,1015.065,72,15,30,50,4.013,108.522,0.435,79,16
14,187.4,1856,18.134075,98.137619,11,26.89,64.4,0,-90.078,56.586,1006.639,73,16,31,51,4.013,109.363,0.439,79,16
14,187.5,1857,18.134081,98.137627,12,26.9,64.5,0,-85.24,60.44,997.604,74,17,32,52,4.013,110.232,0.442,79,16
14,187.6,1858,18.134087,98.137634,13,26.91,64.5,0,-79.533,63.991,988.79,75,18,33,53,4.012,111.125,0.446,79,16
14,187.7,1859,18.134092,98.137642,14,26.92,64.6,0,-73.016,67.223,980.998,76,19,34,54,4.012,112.041,0.45,79,16
14,187.8,1860,18.134098,98.13765,10,26.93,64.6,0,-65.755,70.119,974.937,77,10,20,35,4.012,112.977,0.453,79,16
14,187.9,1861,18.134104,98.137657,11,26.94,64.7,0,-57.823,72.664,971.159,78,11,21,36,4.012,113.932,0.457,79,16
14,188,1862,18.134109,98.137665,12,26.95,64.7,0,-49.303,74.847,970.009,79,12,22,37,4.012,114.901,0.461,79,16
14,188.1,1863,18.134115,98.137672,13,26.96,64.8,0,-40.279,76.655,971.591,80,13,23,38,4.012,115.884,0.465,79,16
14,188.2,1864,18.134121,98.13768,14,26.97,64.8,0,-30.844,78.081,975.762,81,14,24,39,4.012,116.877,0.469,79,16
14,188.3,1865,18.134127,98.137688,10,26.98,64.9,0,-21.096,79.116,982.14,82,15,25,40,4.012,117.878,0.473,79,16
14,188.4,1866,18.134132,98.137695,11,26.99,64.9,0,-11.133,79.756,990.145,83,16,26,41,4.012,118.885,0.477,79,16
14,188.5,1867,18.134138,98.137703,12,27,65,0,-1.056,79.998,999.05,84,17,27,42,4.012,119.894,0.481,79,16
14,188.6,1868,18.134144,98.137711,13,27.01,65,0,9.032,79.84,1008.04,85,18,28,43,4.011,120.904,0.485,79,16
14,188.7,1869,18.13415,98.137718,14,27.02,65.1,0,19.027,79.283,1016.297,86,19,29,44,4.011,121.911,0.489,79,16
14,188.8,1870,18.134155,98.137726,10,27.03,65.1,0,28.828,78.33,1023.071,87,10,30,45,4.011,122.914,0.493,79,16
14,188.9,1871,18.134161,98.137733,11,27.04,65.2,0,38.338,76.985,1027.742,88,11,31,46,4.011,123.909,0.497,79,16
14,189,1872,18.134167,98.137741,12,27.05,65.2,0,47.454,75.256,1029.885,89,12,32,47,4.011,124.894,0.501,79,16
14,189.1,1873,18.134172,98.137749,13,27.06,65.3,0,56.088,73.151,1029.306,90,13,33,48,4.011,125.867,0.505,78,16
14,189.2,1874,18.134178,98.137756,14,27.07,65.3,0,64.149,70.68,1026.057,91,14,34,49,4.011,126.825,0.509,78,16
14,189.3,1875,18.134184,98.137764,10,27.08,65.4,0,71.557,67.856,1020.432,92,15,20,50,4.011,127.765,0.512,78,16
14,189.4,1876,18.13419,98.137772,11,27.09,65.4,0,78.236,64.694,1012.948,93,16,21,51,4.011,128.685,0.516,78,16
14,189.5,1877,18.134195,98.137779,12,27.1,65.5,0,84.117,61.208,1004.284,94,17,22,52,4.011,129.584,0.52,78,16
14,189.6,1878,18.134201,98.137787,13,27.11,65.5,0,89.14,57.416,995.23,95,18,23,53,4.01,130.457,0.523,78,16
14,189.7,1879,18.134207,98.137794,14,27.12,65.6,0,93.256,53.337,986.608,96,19,24,54,4.01,131.305,0.527,78,16
14,189.8,1880,18.134212,98.137802,10,27.13,65.6,0,96.421,48.991,979.207,97,10,25,35,4.01,132.123,0.53,78,16
14,189.9,1881,18.134218,98.13781,11,27.14,65.7,0,98.603,44.402,973.702,98,11,26,36,4.01,132.911,0.533,78,16
14,190,1882,18.134224,98.137817,12,27.15,65.7,0,99.78,39.59,970.592,100,12,27,37,4.01,133.665,0.536,78,16
14,190.1,1883,18.13423,98.137825,13,27.16,65.8,0,99.94,34.58,970.162,101,13,28,38,4.01,134.385,0.539,78,16
14,190.2,1884,18.134235,98.137833,14,27.17,65.8,0,99.081,29.398,972.449,102,14,29,39,4.01,135.068,0.542,78,16
14,190.3,1885,18.134241,98.13784,10,27.18,65.9,0,97.213,24.069,977.248,103,15,30,40,4.01,135.713,0.544,78,16
14,190.4,1886,18.134247,98.137848,11,27.19,65.9,0,94.354,18.618,984.12,104,16,31,41,4.01,136.317,0.547,78,16
14,190.5,1887,18.134253,98.137856,12,27.2,66,0,90.533,13.076,992.437,105,17,32,42,4.009,136.88,0.549,78,16
14,190.6,1888,18.134258,98.137863,13,27.2,66,0,85.789,7.468,1001.443,106,18,33,43,4.009,137.4,0.551,78,16
14,190.7,1889,18.134264,98.137871,14,27.21,66.1,0,80.171,1.823,1010.318,107,19,34,44,4.009,137.876,0.553,78,16
14,190.8,1890,18.13427,98.137878,10,27.22,66.1,0,73.736,-3.831,1018.255,108,10,20,45,4.009,138.306,0.554,78,16
14,190.9,1891,18.134275,98.137886,11,27.23,66.2,0,66.549,-9.467,1024.526,109,11,21,46,4.009,138.689,0.556,78,16
14,191,1892,18.134281,98.137894,12,27.24,66.2,0,58.685,-15.054,1028.564,110,12,22,47,4.009,139.025,0.557,78,16
14,191.1,1893,18.134287,98.137901,13,27.25,66.3,0,50.222,-20.567,1029.999,111,13,23,48,4.009,139.312,0.558,78,16
14,191.2,1894,18.134293,98.137909,14,27.26,66.3,0,41.245,-25.978,1028.701,112,14,24,49,4.009,139.55,0.559,78,16
14,191.3,1895,18.134298,98.137917,10,27.27,66.4,0,31.85,-31.258,1024.788,113,15,25,50,4.009,139.738,0.56,78,16
14,191.4,1896,18.134304,98.137924,11,27.28,66.4,0,22.13,-36.382,1018.617,114,16,26,51,4.009,139.876,0.561,78,16
14,191.5,1897,18.13431,98.137932,12,27.28,66.5,0,12.185,-41.324,1010.75,115,17,27,52,4.008,139.963,0.561,78,16
14,191.6,1898,18.134315,98.137939,13,27.29,66.5,0,2.115,-46.059,1001.902,116,18,28,53,4.008,139.999,0.561,78,16
14,191.7,1899,18.134321,98.137947,14,27.3,66.6,0,-7.976,-50.565,992.882,117,19,29,54,4.008,139.984,0.561,78,16
14,191.8,1900,18.134327,98.137955,10,27.31,66.6,0,-17.986,-54.818,984.511,118,10,30,35,4.008,139.918,0.561,78,16
14,191.9,1901,18.134333,98.137962,11,27.32,66.7,0,-27.814,-58.797,977.55,119,11,31,36,4.008,139.802,0.56,78,16
14,192,1902,18.134338,98.13797,12,27.32,66.7,0,-37.357,-62.482,972.635,120,12,32,37,4.008,139.635,0.56,78,16
14,192.1,1903,18.134344,98.137978,13,27.33,66.8,0,-46.519,-65.856,970.213,121,13,33,38,4.008,139.418,0.559,78,16
14,192.2,1904,18.13435,98.137985,14,27.34,66.8,0,-55.207,-68.9,970.505,122,14,34,39,4.008,139.151,0.558,78,16
14,192.3,1905,18.134356,98.137993,10,27.35,66.9,0,-63.333,-71.599,973.484,123,15,20,40,4.008,138.836,0.556,78,16
14,192.4,1906,18.134361,98.138,11,27.35,66.9,0,-70.813,-73.941,978.879,124,16,21,41,4.008,138.472,0.555,78,16
14,192.5,1907,18.134367,98.138008,12,27.36,67,0,-77.571,-75.914,986.197,125,17,22,42,4.007,138.061,0.553,78,16
14,192.6,1908,18.134373,98.138016,13,27.37,67,0,-83.54,-77.507,994.777,126,18,23,43,4.007,137.605,0.551,78,16
14,192.7,1909,18.134378,98.138023,14,27.37,67.1,0,-88.656,-78.713,1003.829,127,19,24,44,4.007,137.103,0.549,78,16
14,192.8,1910,18.134384,98.138031,10,27.38,67.1,0,-92.868,-79.526,1012.532,128,10,25,45,4.007,136.558,0.547,78,16
14,192.9,1911,18.13439,98.138039,11,27.39,67.1,0,-96.135,-79.942,1020.094,129,11,26,46,4.007,135.971,0.545,78,16
14,193,1912,18.134396,98.138046,12,27.39,67.2,0,-98.421,-79.958,1025.825,130,12,27,47,4.007,135.343,0.542,78,16
14,193.1,1913,18.134401,98.138054,13,27.4,67.2,0,-99.704,-79.574,1029.204,131,13,28,48,4.007,134.676,0.54,78,16
14,193.2,1914,18.134407,98.138062,14,27.41,67.3,0,-99.971,-78.793,1029.922,132,14,29,49,4.007,133.971,0.537,78,16
14,193.3,1915,18.134413,98.138069,10,27.41,67.3,0,-99.219,-77.619,1027.914,133,15,30,50,4.007,133.231,0.534,78,16
14,193.4,1916,18.134418,98.138077,11,27.42,67.4,0,-97.456,-76.056,1023.362,134,16,31,51,4.007,132.457,0.531,78,16
14,193.5,1917,18.134424,98.138084,12,27.42,67.4,0,-94.699,-74.113,1016.682,135,17,32,52,4.006,131.651,0.527,78,16
14,193.6,1918,18.13443,98.138092,13,27.43,67.5,0,-90.978,-71.8,1008.481,136,18,33,53,4.006,130.816,0.524,78,16
14,193.7,1919,18.134436,98.1381,14,27.43,67.5,0,-86.329,-69.129,999.509,137,19,34,54,4.006,129.953,0.521,78,16
14,193.8,1920,18.134441,98.138107,10,27.44,67.5,0,-80.8,-66.112,990.582,138,10,20,35,4.006,129.064,0.517,78,16
14,193.9,1921,18.134447,98.138115,11,27.44,67.6,0,-74.448,-62.765,982.511,139,11,21,36,4.006,128.153,0.513,78,16
14,194,1922,18.134453,98.138123,12,27.45,67.6,0,-67.337,-59.104,976.035,140,12,22,37,4.006,127.221,0.51,78,16
14,194.1,1923,18.134459,98.13813,13,27.45,67.7,0,-59.538,-55.147,971.741,141,13,23,38,4.006,126.27,0.506,78,16
14,194.2,1924,18.134464,98.138138,14,27.46,67.7,0,-51.134,-50.915,970.023,142,14,24,39,4.006,125.303,0.502,78,16
14,194.3,1925,18.13447,98.138145,10,27.46,67.8,0,-42.208,-46.429,971.036,143,15,25,40,4.006,124.323,0.498,78,16
14,194.4,1926,18.134476,98.138153,11,27.46,67.8,0,-32.853,-41.711,974.688,144,16,26,41,4.006,123.332,0.494,78,16
14,194.5,1927,18.134481,98.138161,12,27.47,67.8,0,-23.162,-36.785,980.645,145,17,27,42,4.005,122.332,0.49,78,16
14,194.6,1928,18.134487,98.138168,13,27.47,67.9,0,-13.236,-31.675,988.366,146,18,28,43,4.005,121.327,0.486,78,16
14,194.7,1929,18.134493,98.138176,14,27.47,67.9,0,-3.175,-26.406,997.146,147,19,29,44,4.005,120.317,0.482,78,16
14,194.8,1930,18.134499,98.138184,10,27.48,68,0,6.921,-21.005,1006.188,148,10,30,45,4.005,119.308,0.478,78,16
14,194.9,1931,18.134504,98.138191,11,27.48,68,0,16.944,-15.5,1014.667,149,11,31,46,4.005,118.299,0.474,78,16
14,195.1,1932,18.13451,98.138199,12,27.48,68,0,26.794,-9.917,1021.807,150,12,32,47,4.005,117.296,0.47,78,16
14,195.2,1933,18.134516,98.138206,13,27.49,68.1,0,36.372,-4.284,1026.961,151,13,33,48,4.005,116.299,0.466,78,16
14,195.3,1934,18.134521,98.138214,14,27.49,68.1,0,45.579,1.369,1029.658,152,14,34,49,4.005,115.312,0.462,78,16
14,195.4,1935,18.134527,98.138222,10,27.49,68.2,0,54.321,7.016,1029.654,153,15,20,50,4.005,114.336,0.458,78,16
14,195.5,1936,18.134533,98.138229,11,27.49,68.2,0,62.509,12.628,1026.948,154,16,21,51,4.005,113.375,0.454,78,16
14,195.6,1937,18.134539,98.138237,12,27.49,68.2,0,70.061,18.177,1021.787,155,17,22,52,4.004,112.431,0.45,78,16
14,195.7,1938,18.134544,98.138245,13,27.5,68.3,0,76.899,23.636,1014.64,156,18,23,53,4.004,111.506,0.447,78,16
14,195.8,1939,18.13455,98.138252,14,27.5,68.3,0,82.953,28.976,1006.161,157,19,24,54,4.004,110.603,0.443,78,16
14,195.9,1940,18.134556,98.13826,10,27.5,68.4,0,88.161,34.171,997.12,158,10,25,35,4.004,109.724,0.439,78,16
14,196,1941,18.134562,98.138268,11,27.5,68.4,0,92.47,39.195,988.34,159,11,26,36,4.004,108.871,0.436,78,16
14,196.1,1942,18.134567,98.138275,12,27.5,68.4,0,95.837,44.024,980.624,160,12,27,37,4.004,108.046,0.433,78,16
14,196.2,1943,18.134573,98.138283,13,27.5,68.5,0,98.228,48.632,974.673,161,13,28,38,4.004,107.252,0.429,78,16
14,196.3,1944,18.134579,98.13829,14,27.5,68.5,0,99.617,52.998,971.029,162,14,29,39,4.004,106.49,0.426,78,16
14,196.4,1945,18.134584,98.138298,10,27.5,68.5,0,99.991,57.099,970.024,163,15,30,40,4.004,105.763,0.423,78,16
14,196.5,1946,18.13459,98.138306,11,27.5,68.6,0,99.346,60.915,971.752,164,16,31,41,4.004,105.072,0.421,78,16
14,196.6,1947,18.134596,98.138313,12,27.5,68.6,0,97.688,64.426,976.052,165,17,32,42,4.003,104.419,0.418,78,16
14,196.7,1948,18.134602,98.138321,13,27.5,68.6,0,95.034,67.615,982.534,166,18,33,43,4.003,103.806,0.416,78,16
14,196.8,1949,18.134607,98.138329,14,27.5,68.7,0,91.412,70.467,990.609,167,19,34,44,4.003,103.234,0.413,78,16
14,196.9,1950,18.134613,98.138336,10,27.5,68.7,0,86.859,72.966,999.538,168,10,20,45,4.003,102.705,0.411,78,16
14,197,1951,18.134619,98.138344,11,27.5,68.7,0,81.42,75.101,1008.508,169,11,21,46,4.003,102.22,0.409,78,16
14,197.1,1952,18.134624,98.138351,12,27.49,68.8,0,75.15,76.861,1016.706,170,12,22,47,4.003,101.781,0.407,78,16
14,197.2,1953,18.13463,98.138359,13,27.49,68.8,0,68.115,78.236,1023.38,171,13,23,48,4.003,101.387,0.406,78,16
14,197.3,1954,18.134636,98.138367,14,27.49,68.8,0,60.386,79.221,1027.924,172,14,24,49,4.003,101.042,0.404,78,16
14,197.4,1955,18.134642,98.138374,10,27.49,68.9,0,52.041,79.81,1029.924,173,15,25,50,4.003,100.744,0.403,78,16
14,197.5,1956,18.134647,98.138382,11,27.49,68.9,0,43.167,80,1029.198,174,16,26,51,4.003,100.496,0.402,78,16
14,197.6,1957,18.134653,98.13839,12,27.49,68.9,0,33.852,79.79,1025.812,175,17,27,52,4.002,100.297,0.401,78,16
14,197.7,1958,18.134659,98.138397,13,27.48,69,0,24.192,79.182,1020.074,176,18,28,53,4.002,100.149,0.401,78,16
14,197.8,1959,18.134665,98.138405,14,27.48,69,0,14.285,78.178,1012.507,177,19,29,54,4.002,100.051,0.4,78,16
14,197.9,1960,18.13467,98.138412,10,27.48,69,0,4.232,76.784,1003.799,178,10,30,35,4.002,100.004,0.4,78,16
team_id,time,packet_id,lat,lon,sat,temp,humidity,alt_baro,acc_x,acc_y,acc_z,heading,pm1_0,pm2_5,pm10,voltage,current,watt,battery_percent,status
14,0,1,18.123461,98.123466,11,27,65,500.5,1.9,79.993,1001.709,0,11,21,36,4.2,120.19,0.505,99,1
14,0.1,2,18.123461,98.123474,12,27.01,65.1,503,11.971,79.718,1010.568,1,12,22,37,4.2,121.199,0.509,99,1
14,0.2,3,18.123461,98.123482,13,27.02,65.1,505.5,21.921,79.045,1018.465,2,13,23,38,4.2,122.206,0.513,99,1
14,0.3,4,18.123461,98.123489,14,27.03,65.2,508,31.646,77.976,1024.679,3,14,24,39,4.2,123.206,0.517,99,1
14,0.4,5,18.123461,98.123497,10,27.04,65.2,510.6,41.05,76.519,1028.644,4,15,25,40,4.2,124.199,0.522,99,1
14,0.5,6,18.123461,98.123505,11,27.05,65.3,513.1,50.035,74.678,1030,5,16,26,41,4.199,125.18,0.526,99,1
14,0.6,7,18.123461,98.123512,12,27.06,65.3,515.6,58.51,72.465,1028.623,6,17,27,42,4.199,126.149,0.53,99,1
14,0.7,8,18.123461,98.12352,13,27.07,65.4,518.2,66.388,69.89,1024.637,7,18,28,43,4.199,127.102,0.534,99,1
14,0.8,9,18.123461,98.123528,14,27.08,65.4,520.7,73.59,66.965,1018.408,8,19,29,44,4.199,128.036,0.538,99,1
14,0.9,10,18.123461,98.123535,10,27.09,65.5,523.2,80.042,63.706,1010.501,9,10,30,45,4.199,128.951,0.541,99,1
14,1,11,18.123461,98.123543,11,27.1,65.5,525.7,85.678,60.129,1001.637,10,11,31,46,4.199,129.842,0.545,99,1
14,1.1,12,18.123524,98.12355,12,27.11,65.6,528.2,90.441,56.251,992.624,11,12,32,47,4.199,130.708,0.549,99,1
14,1.2,13,18.123529,98.123558,13,27.12,65.6,530.8,94.282,52.092,984.283,12,13,33,48,4.199,131.547,0.552,99,1
14,1.3,14,18.123535,98.123566,14,27.13,65.7,533.3,97.162,47.673,977.375,13,14,34,49,4.199,132.357,0.556,99,1
14,1.4,15,18.123541,98.123573,10,27.14,65.7,535.8,99.052,43.015,972.527,14,15,20,50,4.199,133.135,0.559,99,1
14,1.5,16,18.123547,98.123581,11,27.15,65.8,538.3,99.932,38.143,970.183,15,16,21,51,4.198,133.88,0.562,99,1
14,1.6,17,18.123552,98.123589,12,27.16,65.8,540.9,99.794,33.08,970.555,16,17,22,52,4.198,134.589,0.565,99,1
14,1.7,18,18.123558,98.123596,13,27.17,65.9,543.4,98.638,27.852,973.61,17,18,23,53,4.198,135.261,0.568,99,1
14,1.8,19,18.123564,98.123604,14,27.18,65.9,545.9,96.478,22.485,979.069,18,19,24,54,4.198,135.894,0.571,99,1
14,1.9,20,18.123569,98.123611,10,27.19,66,548.5,93.333,17.005,986.435,19,10,25,35,4.198,136.486,0.573,99,1
14,2,21,18.123575,98.123619,11,27.2,66,551,89.238,11.44,995.037,20,11,26,36,4.198,137.037,0.575,99,1
14,2.1,22,18.123581,98.123627,12,27.21,66.1,553.5,84.233,5.819,1004.092,21,12,27,37,4.198,137.544,0.577,99,1
14,2.2,23,18.123587,98.123634,13,27.22,66.1,556,78.37,0.168,1012.773,22,13,28,38,4.198,138.006,0.579,99,1
14,2.3,24,18.123592,98.123642,14,27.23,66.2,558.5,71.707,-5.484,1020.291,23,14,29,39,4.198,138.423,0.581,99,1
14,2.4,25,18.123598,98.12365,10,27.23,66.2,561.1,64.314,-11.108,1025.96,24,15,30,40,4.198,138.792,0.583,99,1
14,2.5,26,18.123604,98.123657,11,27.24,66.3,563.6,56.265,-16.677,1029.264,25,16,31,41,4.197,139.114,0.584,99,1
14,2.6,27,18.12361,98.123665,12,27.25,66.3,566.1,47.643,-22.163,1029.902,26,17,32,42,4.197,139.387,0.585,99,1
14,2.7,28,18.123615,98.123672,13,27.26,66.4,568.7,38.536,-27.537,1027.815,27,18,33,43,4.197,139.61,0.586,99,1
14,2.8,29,18.123621,98.12368,14,27.27,66.4,571.2,29.035,-32.774,1023.194,28,19,34,44,4.197,139.783,0.587,99,1
14,2.9,30,18.123627,98.123688,10,27.28,66.5,573.7,19.239,-37.848,1016.46,29,10,20,45,4.197,139.906,0.587,99,1
14,3,31,18.123632,98.123695,11,27.29,66.5,576.2,9.246,-42.732,1008.227,30,11,21,46,4.197,139.979,0.587,99,1
14,3.2,32,18.123638,98.123703,12,27.29,66.5,578.8,-0.841,-47.403,999.243,31,12,22,47,4.197,140,0.588,99,1
14,3.3,33,18.123644,98.123711,13,27.3,66.6,581.3,-10.919,-51.837,990.329,32,13,23,48,4.197,139.97,0.587,99,1
14,3.4,34,18.12365,98.123718,14,27.31,66.6,583.8,-20.886,-56.012,982.296,33,14,24,49,4.197,139.889,0.587,99,1
14,3.5,35,18.123655,98.123726,10,27.32,66.7,586.3,-30.64,-59.907,975.876,34,15,25,50,4.197,139.758,0.587,99,1
14,3.6,36,18.123661,98.123734,11,27.33,66.7,588.8,-40.082,-63.503,971.654,35,16,26,51,4.196,139.576,0.586,99,1
14,3.7,37,18.123667,98.123741,12,27.33,66.8,591.4,-49.115,-66.781,970.014,36,17,27,52,4.196,139.345,0.585,99,1
14,3.8,38,18.123672,98.123749,13,27.34,66.8,593.9,-57.647,-69.726,971.106,37,18,28,53,4.196,139.064,0.584,99,1
14,3.9,39,18.123678,98.123756,14,27.35,66.9,596.4,-65.593,-72.322,974.831,38,19,29,54,4.196,138.734,0.582,99,1
14,4,40,18.123684,98.123764,10,27.36,66.9,599,-72.869,-74.557,980.849,39,10,30,35,4.196,138.357,0.581,99,1
14,4.1,41,18.12369,98.123772,11,27.36,67,601.5,-79.403,-76.42,988.612,40,11,31,36,4.196,137.933,0.579,99,1
14,4.2,42,18.123695,98.123779,12,27.37,67,604,-85.127,-77.901,997.412,41,12,32,37,4.196,137.463,0.577,99,1
14,4.3,43,18.123701,98.123787,13,27.38,67.1,606.5,-89.984,-78.992,1006.448,42,13,33,38,4.196,136.948,0.575,99,1
14,4.4,44,18.123707,98.123795,14,27.38,67.1,609,-93.924,-79.689,1014.897,43,14,34,39,4.196,136.391,0.572,99,1
14,4.5,45,18.123713,98.123802,10,27.39,67.2,611.6,-96.906,-79.988,1021.988,44,15,20,40,4.196,135.791,0.57,99,1
14,4.6,46,18.123718,98.12381,11,27.4,67.2,614.1,-98.901,-79.887,1027.076,45,16,21,41,4.195,135.152,0.567,99,1
14,4.7,47,18.123724,98.123817,12,27.4,67.2,616.6,-99.888,-79.387,1029.697,46,17,22,42,4.195,134.473,0.564,99,1
14,4.8,48,18.12373,98.123825,13,27.41,67.3,619.2,-99.856,-78.49,1029.613,47,18,23,43,4.195,133.758,0.561,99,1
14,4.9,49,18.123735,98.123833,14,27.41,67.3,621.7,-98.807,-77.201,1026.83,48,19,24,44,4.195,133.008,0.558,99,1
14,5,50,18.123741,98.12384,10,27.42,67.4,624.2,-96.751,-75.526,1021.603,49,10,25,45,4.195,132.224,0.555,99,1
14,5.1,51,18.123747,98.123848,11,27.42,67.4,626.7,-93.709,-73.474,1014.408,50,11,26,46,4.195,131.41,0.551,99,1
14,5.2,52,18.123753,98.123856,12,27.43,67.5,629.2,-89.711,-71.055,1005.9,51,12,27,47,4.195,130.566,0.548,99,1
14,5.3,53,18.123758,98.123863,13,27.43,67.5,631.8,-84.799,-68.281,996.855,52,13,28,48,4.195,129.695,0.544,99,1
14,5.4,54,18.123764,98.123871,14,27.44,67.6,634.3,-79.023,-65.166,988.096,53,14,29,49,4.195,128.8,0.54,99,1
14,5.5,55,18.12377,98.123878,10,27.44,67.6,636.8,-72.441,-61.725,980.421,54,15,30,50,4.195,127.882,0.536,99,1
14,5.6,56,18.123775,98.123886,11,27.45,67.6,639.3,-65.122,-57.975,974.531,55,16,31,51,4.194,126.944,0.532,99,1
14,5.7,57,18.123781,98.123894,12,27.45,67.7,641.9,-57.138,-53.936,970.961,56,17,32,52,4.194,125.989,0.528,99,1
14,5.8,58,18.123787,98.123901,13,27.46,67.7,644.4,-48.572,-49.628,970.036,57,18,33,53,4.194,125.018,0.524,99,1
14,5.9,59,18.123793,98.123909,14,27.46,67.8,646.9,-39.511,-45.072,971.842,58,19,34,54,4.194,124.034,0.52,99,1
14,6,60,18.123798,98.123917,10,27.47,67.8,649.5,-30.047,-40.29,976.213,59,10,20,35,4.194,123.04,0.516,99,1
14,6.1,61,18.123804,98.123924,11,27.47,67.9,652,-20.277,-35.307,982.751,60,11,21,36,4.194,122.038,0.512,99,1
14,6.2,62,18.12381,98.123932,12,27.47,67.9,654.5,-10.3,-30.148,990.861,61,12,22,37,4.194,121.031,0.508,99,1
14,6.3,63,18.123816,98.12394,13,27.48,67.9,657,-0.219,-24.838,999.803,62,13,23,38,4.194,120.022,0.503,99,1
14,6.4,64,18.123821,98.123947,14,27.48,68,659.5,9.865,-19.404,1008.764,63,14,24,39,4.194,119.012,0.499,99,1
14,6.5,65,18.123827,98.123955,10,27.48,68,662.1,19.849,-13.873,1016.925,64,15,25,40,4.194,118.005,0.495,99,1
14,6.6,66,18.123833,98.123962,11,27.48,68.1,664.6,29.63,-8.272,1023.545,65,16,26,41,4.193,117.003,0.491,99,1
14,6.7,67,18.123838,98.12397,12,27.49,68.1,667.1,39.109,-2.631,1028.02,66,17,27,42,4.193,116.009,0.486,99,1
14,6.8,68,18.123844,98.123978,13,27.49,68.1,669.7,48.189,3.024,1029.942,67,18,28,43,4.193,115.025,0.482,99,1
14,6.9,69,18.12385,98.123985,14,27.49,68.2,672.2,56.779,8.664,1029.135,68,19,29,44,4.193,114.053,0.478,99,1
14,7,70,18.123856,98.123993,10,27.49,68.2,674.7,64.789,14.26,1025.675,69,10,30,45,4.193,113.097,0.474,99,1
14,7.1,71,18.123861,98.124001,11,27.49,68.3,677.2,72.14,19.785,1019.875,70,11,31,46,4.193,112.158,0.47,99,1
14,7.2,72,18.123867,98.124008,12,27.5,68.3,679.8,78.754,25.212,1012.264,71,12,32,47,4.193,111.239,0.466,99,1
14,7.3,73,18.123873,98.124016,13,27.5,68.3,682.3,84.567,30.512,1003.536,72,13,33,48,4.193,110.343,0.463,99,1
14,7.4,74,18.123878,98.124023,14,27.5,68.4,684.8,89.517,35.66,994.486,73,14,34,49,4.193,109.471,0.459,99,1
14,7.5,75,18.123884,98.124031,10,27.5,68.4,687.3,93.555,40.63,985.938,74,15,20,50,4.193,108.626,0.455,99,1
14,7.6,76,18.12389,98.124039,11,27.5,68.4,689.8,96.639,45.396,978.671,75,16,21,51,4.192,107.81,0.452,99,1
14,7.7,77,18.123896,98.124046,12,27.5,68.5,692.4,98.739,49.936,973.348,76,17,22,52,4.192,107.026,0.449,99,1
14,7.8,78,18.123901,98.124054,13,27.5,68.5,694.9,99.832,54.227,970.453,77,18,23,53,4.192,106.274,0.446,99,1
14,7.9,79,18.123907,98.124062,14,27.5,68.6,697.4,99.907,58.246,970.25,78,19,24,54,4.192,105.557,0.443,99,1
14,8,80,18.123913,98.124069,10,27.5,68.6,700,98.965,61.975,972.757,79,10,25,35,4.192,104.877,0.44,99,1
14,8.1,81,18.123919,98.124077,11,27.5,68.6,702.5,97.013,65.393,977.746,80,11,26,36,4.192,104.236,0.437,99,1
14,8.2,82,18.123924,98.124084,12,27.5,68.7,705,94.073,68.485,984.763,82,12,27,37,4.192,103.634,0.434,99,1
14,8.3,83,18.12393,98.124092,13,27.5,68.7,707.5,90.174,71.235,993.168,83,13,28,38,4.192,103.075,0.432,99,1
14,8.4,84,18.123936,98.1241,14,27.5,68.7,710,85.356,73.629,1002.196,84,14,29,39,4.192,102.559,0.43,99,1
14,8.5,85,18.123941,98.124107,10,27.5,68.8,712.6,79.668,75.655,1011.023,85,15,30,40,4.191,102.087,0.428,99,1
14,8.6,86,18.123947,98.124115,11,27.49,68.8,715.1,73.168,77.303,1018.846,86,16,31,41,4.191,101.661,0.426,99,1
14,8.7,87,18.123953,98.124123,12,27.49,68.8,717.6,65.922,78.565,1024.953,87,17,32,42,4.191,101.281,0.424,99,1
14,8.8,88,18.123959,98.12413,13,27.49,68.9,720.2,58.004,79.434,1028.785,88,18,33,43,4.191,100.95,0.423,99,1
14,8.9,89,18.123964,98.124138,14,27.49,68.9,722.7,49.495,79.907,1029.995,89,19,34,44,4.191,100.667,0.422,99,1
14,9,90,18.12397,98.124146,10,27.49,68.9,725.2,40.482,79.98,1028.473,90,10,20,45,4.191,100.433,0.421,98,1
14,9.1,91,18.123976,98.124153,11,27.48,69,727.7,31.056,79.653,1024.356,91,11,21,46,4.191,100.249,0.42,98,1
14,9.2,92,18.123981,98.124161,12,27.48,69,730.2,21.313,78.929,1018.02,92,12,22,47,4.191,100.115,0.42,98,1
14,9.3,93,18.123987,98.124168,13,27.48,69,732.8,11.353,77.81,1010.042,93,13,23,48,4.191,100.032,0.419,98,1
14,9.4,94,18.123993,98.124176,14,27.48,69,735.3,1.278,76.303,1001.15,94,14,24,49,4.191,100,0.419,98,1
14,9.5,95,18.123999,98.124184,10,27.47,69.1,737.8,-8.811,74.414,992.152,95,15,25,50,4.19,100.019,0.419,98,1
14,9.6,96,18.124004,98.124191,11,27.47,69.1,740.4,-18.81,72.153,983.87,96,16,26,51,4.19,100.089,0.419,98,1
14,9.7,97,18.12401,98.124199,12,27.47,69.1,742.9,-28.617,69.532,977.057,97,17,27,52,4.19,100.21,0.42,98,1
14,9.8,98,18.124016,98.124207,13,27.46,69.2,745.4,-38.132,66.563,972.335,98,18,28,53,4.19,100.381,0.421,98,1
14,9.9,99,18.124022,98.124214,14,27.46,69.2,747.9,-47.259,63.262,970.133,99,19,29,54,4.19,100.603,0.422,98,1
14,10,100,18.124027,98.124222,10,27.45,69.2,750.5,-55.904,59.645,970.652,100,10,30,35,4.19,100.873,0.423,98,1
14,10.1,101,18.124033,98.124229,11,27.45,69.2,753,-63.979,55.73,973.845,101,11,31,36,4.19,101.193,0.424,98,1
14,10.2,102,18.124039,98.124237,12,27.45,69.3,755.5,-71.402,51.536,979.421,102,12,32,37,4.19,101.56,0.426,98,1
14,10.3,103,18.124044,98.124245,13,27.44,69.3,758,-78.097,47.085,986.872,103,13,33,38,4.19,101.975,0.427,98,1
14,10.4,104,18.12405,98.124252,14,27.44,69.3,760.5,-83.997,42.399,995.519,104,14,34,39,4.19,102.435,0.429,98,1
14,10.5,105,18.124056,98.12426,10,27.43,69.3,763.1,-89.04,37.5,1004.574,105,15,20,40,4.189,102.94,0.431,98,1
14,10.6,106,18.124062,98.124268,11,27.43,69.4,765.6,-93.176,32.415,1013.213,106,16,21,41,4.189,103.489,0.434,98,1
14,10.7,107,18.124067,98.124275,12,27.42,69.4,768.1,-96.362,27.167,1020.648,107,17,22,42,4.189,104.08,0.436,98,1
14,10.8,108,18.124073,98.124283,13,27.41,69.4,770.7,-98.566,21.784,1026.201,108,18,23,43,4.189,104.711,0.439,98,1
14,10.9,109,18.124079,98.12429,14,27.41,69.4,773.2,-99.765,16.292,1029.367,109,19,24,44,4.189,105.381,0.441,98,1
14,11,110,18.124084,98.124298,10,27.4,69.5,775.7,-99.947,10.718,1029.858,110,10,25,45,4.189,106.089,0.444,98,1
14,11.1,111,18.12409,98.124306,11,27.4,69.5,778.2,-99.111,5.091,1027.629,111,11,26,46,4.189,106.832,0.448,98,1
14,11.2,112,18.124096,98.124313,12,27.39,69.5,780.8,-97.265,-0.561,1022.882,112,12,27,47,4.189,107.609,0.451,98,1
14,11.3,113,18.124102,98.124321,13,27.38,69.5,783.3,-94.427,-6.211,1016.05,113,13,28,48,4.189,108.417,0.454,98,1
14,11.4,114,18.124107,98.124329,14,27.38,69.5,785.8,-90.627,-11.83,1007.756,114,14,29,49,4.189,109.255,0.458,98,1
14,11.5,115,18.124113,98.124336,10,27.37,69.6,788.3,-85.903,-17.39,998.756,115,15,30,50,4.188,110.12,0.461,98,1
14,11.6,116,18.124119,98.124344,11,27.36,69.6,790.8,-80.304,-22.862,989.869,116,16,31,51,4.188,111.01,0.465,98,1
14,11.7,117,18.124125,98.124352,12,27.36,69.6,793.4,-73.886,-28.221,981.905,117,17,32,52,4.188,111.924,0.469,98,1
14,11.8,118,18.12413,98.124359,13,27.35,69.6,795.9,-66.715,-33.438,975.589,118,18,33,53,4.188,112.858,0.473,98,1
14,11.9,119,18.124136,98.124367,14,27.34,69.6,798.4,-58.864,-38.489,971.498,119,19,34,54,4.188,113.81,0.477,98,1
14,12,120,18.124142,98.124374,10,27.33,69.7,801,-50.413,-43.347,970.003,120,10,20,35,4.188,114.778,0.481,98,1
14,12.1,121,18.124147,98.124382,11,27.33,69.7,803.5,-41.448,-47.988,971.241,121,11,21,36,4.188,115.759,0.485,98,1
14,12.2,122,18.124153,98.12439,12,27.32,69.7,806,-32.061,-52.39,975.1,122,12,22,37,4.188,116.751,0.489,98,1
14,12.3,123,18.124159,98.124397,13,27.31,69.7,808.5,-22.347,-56.53,981.227,123,13,23,38,4.188,117.751,0.493,98,1
14,12.4,124,18.124165,98.124405,14,27.3,69.7,811,-12.405,-60.388,989.065,124,14,24,39,4.188,118.757,0.497,98,1
14,12.5,125,18.12417,98.124413,10,27.3,69.8,813.6,-2.337,-63.943,997.898,125,15,25,40,4.187,119.766,0.502,98,1
14,12.6,126,18.124176,98.12442,11,27.29,69.8,816.1,7.755,-67.18,1006.924,126,16,26,41,4.187,120.776,0.506,98,1
14,12.7,127,18.124182,98.124428,12,27.28,69.8,818.6,17.768,-70.081,1015.318,127,17,27,42,4.187,121.784,0.51,98,1
14,12.8,128,18.124187,98.124435,13,27.27,69.8,821.1,27.6,-72.631,1022.317,128,18,28,43,4.187,122.787,0.514,98,1
14,12.9,129,18.124193,98.124443,14,27.26,69.8,823.7,37.15,-74.819,1027.283,129,19,29,44,4.187,123.783,0.518,98,1
14,13,130,18.124199,98.124451,10,27.25,69.8,826.2,46.322,-76.633,1029.763,130,10,30,45,4.187,124.77,0.522,98,1
14,13.1,131,18.124205,98.124458,11,27.24,69.8,828.7,55.022,-78.063,1029.531,131,11,31,46,4.187,125.744,0.526,98,1
14,13.2,132,18.12421,98.124466,12,27.24,69.8,831.2,63.161,-79.104,1026.609,132,12,32,47,4.187,126.704,0.53,98,1
14,13.4,133,18.124216,98.124474,13,27.23,69.9,833.8,70.656,-79.75,1021.262,133,13,33,48,4.187,127.647,0.534,98,1
14,13.5,134,18.124222,98.124481,14,27.22,69.9,836.3,77.431,-79.997,1013.978,134,14,34,49,4.187,128.57,0.538,98,1
14,13.6,135,18.124228,98.124489,10,27.21,69.9,838.8,83.417,-79.845,1005.421,135,15,20,50,4.186,129.471,0.542,98,1
14,13.7,136,18.124233,98.124496,11,27.2,69.9,841.4,88.553,-79.293,996.37,136,16,21,51,4.186,130.348,0.546,98,1
14,13.8,137,18.124239,98.124504,12,27.19,69.9,843.9,92.786,-78.346,987.65,137,17,22,52,4.186,131.199,0.549,98,1
14,13.9,138,18.124245,98.124512,13,27.18,69.9,846.4,96.073,-77.007,980.054,138,18,23,53,4.186,132.021,0.553,98,1
14,14,139,18.12425,98.124519,14,27.17,69.9,848.9,98.381,-75.283,974.276,139,19,24,54,4.186,132.813,0.556,98,1
14,14.1,140,18.124256,98.124527,10,27.16,69.9,851.5,99.687,-73.183,970.842,140,10,25,35,4.186,133.571,0.559,98,1
14,14.2,141,18.124262,98.124535,11,27.15,69.9,854,99.976,-70.717,970.064,141,11,26,36,4.186,134.296,0.562,98,1
14,14.3,142,18.124268,98.124542,12,27.14,69.9,856.5,99.247,-67.898,972.014,142,12,27,37,4.186,134.983,0.565,98,1
14,14.4,143,18.124273,98.12455,13,27.13,70,859,97.505,-64.74,976.513,143,13,28,38,4.186,135.633,0.568,98,1
14,14.5,144,18.124279,98.124557,14,27.12,70,861.5,94.77,-61.258,983.153,144,14,29,39,4.186,136.243,0.57,98,1
14,14.6,145,18.124285,98.124565,10,27.11,70,864.1,91.07,-57.471,991.327,145,15,30,40,4.185,136.811,0.573,98,1
14,14.7,146,18.12429,98.124573,11,27.1,70,866.6,86.44,-53.396,1000.291,146,16,31,41,4.185,137.337,0.575,98,1
14,14.8,147,18.124296,98.12458,12,27.09,70,869.1,80.93,-49.054,1009.229,147,17,32,42,4.185,137.818,0.577,98,1
14,14.9,148,18.124302,98.124588,13,27.08,70,871.7,74.595,-44.467,1017.326,148,18,33,43,4.185,138.254,0.579,98,1
14,15,149,18.124308,98.124596,14,27.07,70,874.2,67.5,-39.658,1023.844,149,19,34,44,4.185,138.643,0.58,98,1
14,15.1,150,18.124313,98.124603,10,27.06,70,876.7,59.717,-34.651,1028.19,150,10,20,45,4.185,138.985,0.582,98,1
14,15.2,151,18.124319,98.124611,11,27.05,70,879.2,51.325,-29.471,1029.968,151,11,21,46,4.185,139.278,0.583,98,1
14,15.3,152,18.124325,98.124619,12,27.04,70,881.8,42.41,-24.144,1029.015,152,12,22,47,4.185,139.522,0.584,98,1
14,15.4,153,18.124331,98.124626,13,27.03,70,884.3,33.062,-18.695,1025.419,153,13,23,48,4.185,139.717,0.585,98,1
14,15.5,154,18.124336,98.124634,14,27.02,70,886.8,23.378,-13.154,1019.507,154,14,24,49,4.185,139.861,0.585,98,1
14,15.6,155,18.124342,98.124641,10,27.01,70,889.3,13.455,-7.547,1011.818,155,15,25,50,4.184,139.954,0.586,98,1
14,15.7,156,18.124348,98.124649,11,27,70,891.8,3.396,-1.902,1003.051,156,16,26,51,4.184,139.997,0.586,98,1
14,15.8,157,18.124353,98.124657,12,26.99,70,894.4,-6.699,3.753,994.007,157,17,27,52,4.184,139.989,0.586,98,1
14,15.9,158,18.124359,98.124664,13,26.98,70,896.9,-16.725,9.388,985.509,158,18,28,53,4.184,139.929,0.585,98,1
14,16,159,18.124365,98.124672,14,26.97,70,899.4,-26.58,14.977,978.331,159,19,29,54,4.184,139.819,0.585,98,1
14,16.1,160,18.124371,98.12468,10,26.96,70,901.9,-36.165,20.491,973.128,160,10,30,35,4.184,139.659,0.584,98,1
14,16.2,161,18.124376,98.124687,11,26.95,70,904.5,-45.381,25.903,970.372,161,11,31,36,4.184,139.448,0.583,98,1
14,16.3,162,18.124382,98.124695,12,26.94,70,907,-54.135,31.185,970.316,162,12,32,37,4.184,139.188,0.582,98,1
14,16.4,163,18.124388,98.124702,13,26.93,70,909.5,-62.336,36.311,972.965,163,13,33,38,4.184,138.878,0.581,98,1
14,16.5,164,18.124393,98.12471,14,26.92,70,912,-69.903,41.256,978.076,164,14,34,39,4.184,138.521,0.58,98,1
14,16.6,165,18.124399,98.124718,10,26.91,70,914.6,-76.757,45.995,985.185,165,15,20,40,4.183,138.116,0.578,98,1
14,16.7,166,18.124405,98.124725,11,26.9,70,917.1,-82.828,50.504,993.644,166,16,21,41,4.183,137.665,0.576,98,1
14,16.8,167,18.124411,98.124733,12,26.89,70,919.6,-88.056,54.76,1002.682,167,17,22,42,4.183,137.169,0.574,98,1
14,16.9,168,18.124416,98.124741,13,26.88,70,922.1,-92.386,58.743,1011.475,168,18,23,43,4.183,136.63,0.572,98,1
14,17,169,18.124422,98.124748,14,26.87,70,924.7,-95.774,62.433,1019.223,169,19,24,44,4.183,136.048,0.569,98,1
14,17.1,170,18.124428,98.124756,10,26.86,70,927.2,-98.186,65.811,1025.22,170,10,25,45,4.183,135.425,0.566,98,1
14,17.2,171,18.124434,98.124763,11,26.85,69.9,929.7,-99.597,68.859,1028.919,171,11,26,46,4.183,134.762,0.564,98,1
14,17.3,172,18.124439,98.124771,12,26.84,69.9,932.2,-99.994,71.564,1029.983,172,12,27,47,4.183,134.062,0.561,98,1
14,17.4,173,18.124445,98.124779,13,26.83,69.9,934.8,-99.371,73.911,1028.315,173,13,28,48,4.183,133.327,0.558,98,1
14,17.5,174,18.124451,98.124786,14,26.83,69.9,937.3,-97.735,75.889,1024.068,174,14,29,49,4.183,132.557,0.554,98,1
14,17.6,175,18.124456,98.124794,10,26.82,69.9,939.8,-95.103,77.488,1017.628,175,15,30,50,4.182,131.755,0.551,98,1
14,17.7,176,18.124462,98.124802,11,26.81,69.9,942.3,-91.502,78.699,1009.581,176,16,31,51,4.182,130.923,0.548,98,1
14,17.8,177,18.124468,98.124809,12,26.8,69.9,944.9,-86.968,79.518,1000.662,177,17,32,52,4.182,130.064,0.544,98,1
14,17.9,178,18.124474,98.124817,13,26.79,69.9,947.4,-81.548,79.939,991.683,178,18,33,53,4.182,129.178,0.54,98,1
14,18,179,18.124479,98.124825,14,26.78,69.9,949.9,-75.296,79.96,983.461,179,19,34,54,4.182,128.27,0.536,98,1
14,18.1,180,18.124485,98.124832,10,26.77,69.9,952.5,-68.278,79.582,976.746,180,10,20,35,4.182,127.34,0.533,97,1
14,18.2,181,18.124491,98.12484,11,26.76,69.8,955,-60.563,78.807,972.15,181,11,21,36,4.182,126.391,0.529,97,1
14,18.3,182,18.124496,98.124847,12,26.75,69.8,957.5,-52.231,77.638,970.091,183,12,22,37,4.182,125.427,0.524,97,1
14,18.4,183,18.124502,98.124855,13,26.74,69.8,960,-43.367,76.08,970.757,184,13,23,38,4.182,124.448,0.52,97,1
14,18.5,184,18.124508,98.124863,14,26.73,69.8,962.6,-34.06,74.143,974.088,185,14,24,39,4.181,123.458,0.516,97,1
14,18.6,185,18.124514,98.12487,10,26.73,69.8,965.1,-24.406,71.835,979.779,186,15,25,40,4.181,122.459,0.512,97,1
14,18.7,186,18.124519,98.124878,11,26.72,69.8,967.6,-14.504,69.169,987.312,187,16,26,41,4.181,121.454,0.508,97,1
14,18.8,187,18.124525,98.124886,12,26.71,69.8,970.1,-4.454,66.156,996.002,188,17,27,42,4.181,120.446,0.504,97,1
14,18.9,188,18.124531,98.124893,13,26.7,69.7,972.7,5.641,62.813,1005.056,189,18,28,43,4.181,119.436,0.499,97,1
14,19,189,18.124537,98.124901,14,26.69,69.7,975.2,15.679,59.157,1013.649,190,19,29,44,4.181,118.427,0.495,97,1
14,19.1,190,18.124542,98.124908,10,26.69,69.7,977.7,25.558,55.205,1020.999,191,10,30,45,4.181,117.423,0.491,97,1
14,19.2,191,18.124548,98.124916,11,26.68,69.7,980.2,35.175,50.976,1026.435,192,11,31,46,4.181,116.425,0.487,97,1
14,19.3,192,18.124554,98.124924,12,26.67,69.7,982.8,44.435,46.494,1029.463,193,12,32,47,4.181,115.436,0.483,97,1
14,19.4,193,18.124559,98.124931,13,26.66,69.7,985.3,53.241,41.779,1029.807,194,13,33,48,4.181,114.459,0.479,97,1
14,19.5,194,18.124565,98.124939,14,26.66,69.6,987.8,61.505,36.855,1027.435,195,14,34,49,4.18,113.496,0.474,97,1
14,19.6,195,18.124571,98.124947,10,26.65,69.6,990.3,69.141,31.747,1022.563,196,15,20,50,4.18,112.55,0.471,97,1
14,19.7,196,18.124577,98.124954,11,26.64,69.6,992.9,76.074,26.48,1015.636,197,16,21,51,4.18,111.622,0.467,97,1
14,19.8,197,18.124582,98.124962,12,26.63,69.6,995.4,82.23,21.081,1007.284,198,17,22,52,4.18,110.716,0.463,97,1
14,19.9,198,18.124588,98.124969,13,26.63,69.6,997.9,87.549,15.577,998.269,199,18,23,53,4.18,109.834,0.459,97,1
14,20,199,18.124594,98.124977,14,26.62,69.5,1000,91.975,9.995,989.411,200,19,24,54,4.18,108.977,0.456,97,2
14,20.1,200,18.124599,98.124985,10,26.61,69.5,1000,95.464,4.363,981.518,201,10,25,35,4.18,108.149,0.452,97,2
14,20.2,201,18.124605,98.124992,11,26.61,69.5,1000,97.98,-1.291,975.309,202,11,26,36,4.18,107.351,0.449,97,2
14,20.3,202,18.124611,98.125,12,26.6,69.5,1000,99.497,-6.938,971.349,203,12,27,37,4.18,106.585,0.445,97,2
14,20.4,203,18.124617,98.125008,13,26.6,69.5,1000,100,-12.551,970,204,13,28,38,4.18,105.853,0.442,97,2
14,20.5,204,18.124622,98.125015,14,26.59,69.4,1000,99.484,-18.101,971.384,205,14,29,39,4.179,105.158,0.44,97,2
14,20.6,205,18.124628,98.125023,10,26.58,69.4,1000,97.954,-23.56,975.375,206,15,30,40,4.179,104.5,0.437,97,2
14,20.7,206,18.124634,98.125031,11,26.58,69.4,1000,95.425,-28.902,981.61,207,16,31,41,4.179,103.882,0.434,97,2
14,20.8,207,18.12464,98.125038,12,26.57,69.4,1000,91.924,-34.099,989.52,208,17,32,42,4.179,103.305,0.432,97,2
14,20.9,208,18.124645,98.125046,13,26.57,69.3,1000,87.486,-39.126,998.385,209,18,33,43,4.179,102.77,0.429,97,2
14,21,209,18.124651,98.125053,14,26.56,69.3,1000,82.156,-43.958,1007.397,210,19,34,44,4.179,102.279,0.427,97,2
14,21.1,210,18.124657,98.125061,10,26.56,69.3,1000,75.989,-48.57,1015.736,211,10,20,45,4.179,101.834,0.426,97,2
14,21.2,211,18.124662,98.125069,11,26.55,69.3,1000,69.048,-52.939,1022.64,212,11,21,46,4.179,101.435,0.424,97,2
14,21.3,212,18.124668,98.125076,12,26.55,69.2,1000,61.402,-57.044,1027.482,213,12,22,47,4.179,101.083,0.422,97,2
14,21.4,213,18.124674,98.125084,13,26.54,69.2,1000,53.131,-60.863,1029.82,214,13,23,48,4.179,100.779,0.421,97,2
14,21.5,214,18.12468,98.125092,14,26.54,69.2,1000,44.319,-64.379,1029.441,215,14,24,49,4.178,100.525,0.42,97,2
14,21.6,215,18.124685,98.125099,10,26.54,69.1,1000,35.054,-67.573,1026.38,216,15,25,50,4.178,100.32,0.419,97,2
14,21.7,216,18.124691,98.125107,11,26.53,69.1,1000,25.432,-70.429,1020.915,217,16,26,51,4.178,100.165,0.419,97,2
14,21.8,217,18.124697,98.125114,12,26.53,69.1,1000,15.552,-72.934,1013.545,218,17,27,52,4.178,100.061,0.418,97,2
14,21.9,218,18.124702,98.125122,13,26.53,69.1,1000,5.512,-75.074,1004.941,219,18,28,53,4.178,100.008,0.418,97,2
14,22,219,18.124708,98.12513,14,26.52,69,1000,-4.584,-76.839,995.886,220,19,29,54,4.178,100.005,0.418,97,2
14,22.1,220,18.124714,98.125137,10,26.52,69,1000,-14.632,-78.22,987.207,221,10,30,35,4.178,100.054,0.418,97,2
14,22.2,221,18.12472,98.125145,11,26.52,69,1000,-24.532,-79.21,979.693,222,11,31,36,4.178,100.153,0.418,97,2
14,22.3,222,18.124725,98.125153,12,26.51,68.9,1000,-34.182,-79.804,974.029,223,12,32,37,4.178,100.303,0.419,97,2
14,22.4,223,18.124731,98.12516,13,26.51,68.9,1000,-43.483,-80,970.731,224,13,33,38,4.178,100.504,0.42,97,2
14,22.5,224,18.124737,98.125168,14,26.51,68.9,1000,-52.341,-79.796,970.1,225,14,34,39,4.177,100.754,0.421,97,2
14,22.6,225,18.124743,98.125175,10,26.51,68.8,1000,-60.666,-79.193,972.193,226,15,20,40,4.177,101.053,0.422,97,2
14,22.7,226,18.124748,98.125183,11,26.51,68.8,1000,-68.372,-78.195,976.82,227,16,21,41,4.177,101.4,0.424,97,2
14,22.8,227,18.124754,98.125191,12,26.51,68.8,1000,-75.382,-76.806,983.558,228,17,22,42,4.177,101.795,0.425,97,2
14,22.9,228,18.12476,98.125198,13,26.5,68.7,1000,-81.623,-75.033,991.795,229,18,23,43,4.177,102.236,0.427,97,2
14,23,229,18.124765,98.125206,14,26.5,68.7,1000,-87.032,-72.885,1000.779,230,19,24,44,4.177,102.723,0.429,97,2
14,23.1,230,18.124771,98.125214,10,26.5,68.7,1000,-91.554,-70.373,1009.692,231,10,25,45,4.177,103.254,0.431,97,2
14,23.2,231,18.124777,98.125221,11,26.5,68.6,1000,-95.143,-67.51,1017.722,232,11,26,46,4.177,103.827,0.434,97,2
14,23.4,232,18.124783,98.125229,12,26.5,68.6,1000,-97.762,-64.309,1024.137,233,12,27,47,4.177,104.441,0.436,97,2
14,23.5,233,18.124788,98.125237,13,26.5,68.6,1000,-99.385,-60.787,1028.354,234,13,28,48,4.177,105.096,0.439,97,2
14,23.6,234,18.124794,98.125244,14,26.5,68.5,1000,-99.995,-56.961,1029.987,235,14,29,49,4.176,105.788,0.442,97,2
14,23.7,235,18.1248,98.125252,10,26.5,68.5,1000,-99.586,-52.851,1028.888,236,15,30,50,4.176,106.516,0.445,97,2
14,23.8,236,18.124805,98.125259,11,26.5,68.5,1000,-98.161,-48.476,1025.157,237,16,31,51,4.176,107.279,0.448,97,2
14,23.9,237,18.124811,98.125267,12,26.5,68.4,1000,-95.737,-43.859,1019.134,238,17,32,52,4.176,108.074,0.451,97,2
14,24,238,18.124817,98.125275,13,26.5,68.4,1000,-92.336,-39.023,1011.368,239,18,33,53,4.176,108.9,0.455,97,2
14,24.1,239,18.124823,98.125282,14,26.5,68.4,1000,-87.994,-33.993,1002.566,240,19,34,54,4.176,109.754,0.458,97,2
14,24.2,240,18.124828,98.12529,10,26.5,68.3,1000,-82.756,-28.792,993.53,241,10,20,35,4.176,110.634,0.462,97,2
14,24.3,241,18.124834,98.125298,11,26.5,68.3,1000,-76.674,-23.447,985.084,242,11,21,36,4.176,111.538,0.466,97,2
14,24.4,242,18.12484,98.125305,12,26.51,68.2,1000,-69.81,-17.986,977.997,243,12,22,37,4.176,112.463,0.47,97,2
14,24.5,243,18.124846,98.125313,13,26.51,68.2,1000,-62.235,-12.434,972.914,244,13,23,38,4.176,113.408,0.474,97,2
14,24.6,244,18.124851,98.12532,14,26.51,68.2,1000,-54.026,-6.82,970.299,245,14,24,39,4.175,114.37,0.478,97,2
14,24.7,245,18.124857,98.125328,10,26.51,68.1,1000,-45.266,-1.173,970.391,246,15,25,40,4.175,115.346,0.482,97,2
14,24.8,246,18.124863,98.125336,11,26.51,68.1,1000,-36.044,4.481,973.18,247,16,26,41,4.175,116.333,0.486,97,2
14,24.9,247,18.124868,98.125343,12,26.52,68,1000,-26.455,10.112,978.412,248,17,27,42,4.175,117.331,0.49,97,2
14,25,248,18.124874,98.125351,13,26.52,68,1000,-16.597,15.693,985.611,249,18,28,43,4.175,118.335,0.494,97,2
14,25.1,249,18.12488,98.125359,14,26.52,68,998.7,-6.569,21.195,994.121,250,19,29,44,4.175,119.343,0.498,97,4
14,25.2,250,18.124886,98.125366,10,26.53,67.9,996.6,3.525,26.591,1003.167,251,10,30,45,4.175,120.353,0.502,97,4
14,25.3,251,18.124891,98.125374,11,26.53,67.9,994.6,13.584,31.855,1011.925,252,11,31,46,4.175,121.362,0.507,97,4
14,25.4,252,18.124897,98.125381,12,26.53,67.8,992.6,23.504,36.959,1019.595,253,12,32,47,4.175,122.367,0.511,97,4
14,25.5,253,18.124903,98.125389,13,26.54,67.8,990.6,33.185,41.879,1025.481,254,13,33,48,4.175,123.366,0.515,97,4
14,25.6,254,18.124908,98.125397,14,26.54,67.8,988.6,42.527,46.59,1029.045,255,14,34,49,4.174,124.357,0.519,97,4
14,25.7,255,18.124914,98.125404,10,26.54,67.7,986.5,51.436,51.067,1029.963,256,15,20,50,4.174,125.337,0.523,97,4
14,25.8,256,18.12492,98.125412,11,26.55,67.7,984.5,59.82,55.29,1028.15,257,16,21,51,4.174,126.303,0.527,97,4
14,25.9,257,18.124926,98.12542,12,26.55,67.6,982.5,67.595,59.236,1023.773,258,17,22,52,4.174,127.253,0.531,97,4
14,26,258,18.124931,98.125427,13,26.56,67.6,980.5,74.681,62.886,1017.231,259,18,23,53,4.174,128.185,0.535,97,4
14,26.1,259,18.124937,98.125435,14,26.56,67.5,978.5,81.006,66.222,1009.118,260,19,24,54,4.174,129.096,0.539,97,4
14,26.2,260,18.124943,98.125443,10,26.57,67.5,976.4,86.505,69.228,1000.175,261,10,25,35,4.174,129.983,0.543,97,4
14,26.3,261,18.124949,98.12545,11,26.57,67.5,974.4,91.123,71.887,991.215,262,11,26,36,4.174,130.845,0.546,97,4
14,26.4,262,18.124954,98.125458,12,26.58,67.4,972.4,94.812,74.187,983.056,263,12,27,37,4.174,131.68,0.55,97,4
14,26.5,263,18.12496,98.125465,13,26.58,67.4,970.4,97.534,76.117,976.441,264,13,28,38,4.174,132.484,0.553,97,4
14,26.6,264,18.124966,98.125473,14,26.59,67.3,968.4,99.262,77.666,971.972,265,14,29,39,4.173,133.257,0.556,97,4
14,26.7,265,18.124971,98.125481,10,26.59,67.3,966.3,99.979,78.827,970.057,266,15,30,40,4.173,133.996,0.559,97,4
14,26.8,266,18.124977,98.125488,11,26.6,67.2,964.3,99.676,79.594,970.87,267,16,31,41,4.173,134.699,0.562,97,4
14,26.9,267,18.124983,98.125496,12,26.61,67.2,962.3,98.358,79.964,974.337,268,17,32,42,4.173,135.365,0.565,97,4
14,27,268,18.124989,98.125504,13,26.61,67.1,960.3,96.037,79.934,980.142,269,18,33,43,4.173,135.992,0.567,97,4
14,27.1,269,18.124994,98.125511,14,26.62,67.1,958.3,92.737,79.505,987.756,270,19,34,44,4.173,136.578,0.57,96,8
14,27.2,270,18.125,98.125519,10,26.63,67.1,956.2,88.493,78.678,996.486,271,10,20,45,4.173,137.122,0.572,96,8
14,27.3,271,18.125006,98.125526,11,26.63,67,954.2,83.346,77.458,1005.536,272,11,21,46,4.173,137.621,0.574,96,8
14,27.4,272,18.125011,98.125534,12,26.64,67,952.2,77.349,75.852,1014.081,273,12,22,47,4.173,138.077,0.576,96,8
14,27.5,273,18.125017,98.125542,13,26.65,66.9,950.2,70.565,73.866,1021.344,274,13,23,48,4.173,138.485,0.578,96,8
14,27.6,274,18.125023,98.125549,14,26.65,66.9,948.2,63.061,71.511,1026.662,275,14,24,49,4.172,138.847,0.579,96,8
14,27.7,275,18.125029,98.125557,10,26.66,66.8,946.1,54.914,68.799,1029.551,276,15,25,50,4.172,139.161,0.581,96,8
14,27.8,276,18.125034,98.125565,11,26.67,66.8,944.1,46.207,65.743,1029.748,277,16,26,51,4.172,139.426,0.582,96,8
14,27.9,277,18.12504,98.125572,12,26.68,66.7,942.1,37.03,62.359,1027.234,278,17,27,52,4.172,139.641,0.583,96,8
14,28,278,18.125046,98.12558,13,26.68,66.7,940.1,27.475,58.663,1022.239,279,18,28,53,4.172,139.807,0.583,96,8
14,28.1,279,18.125051,98.125587,14,26.69,66.6,938.1,17.641,54.674,1015.218,280,19,29,54,4.172,139.921,0.584,96,8
14,28.2,280,18.125057,98.125595,10,26.7,66.6,936,7.626,50.412,1006.81,281,10,30,35,4.172,139.985,0.584,96,8
14,28.3,281,18.125063,98.125603,11,26.71,66.5,934,-2.466,45.898,997.782,282,11,31,36,4.172,139.998,0.584,96,8
14,28.4,282,18.125069,98.12561,12,26.72,66.5,932,-12.534,41.155,988.956,284,12,32,37,4.172,139.961,0.584,96,8
14,28.5,283,18.125074,98.125618,13,26.72,66.4,930,-22.473,36.206,981.136,285,13,33,38,4.171,139.872,0.583,96,8
14,28.6,284,18.12508,98.125626,14,26.73,66.4,928,-32.183,31.076,975.035,286,14,34,39,4.171,139.732,0.583,96,8
14,28.7,285,18.125086,98.125633,10,26.74,66.3,925.9,-41.566,25.791,971.208,287,15,20,40,4.171,139.542,0.582,96,8
14,28.8,286,18.125092,98.125641,11,26.75,66.3,923.9,-50.525,20.377,970.005,288,16,21,41,4.171,139.303,0.581,96,8
14,28.9,287,18.125097,98.125648,12,26.76,66.2,921.9,-58.968,14.861,971.534,289,17,22,42,4.171,139.014,0.58,96,8
14,29,288,18.125103,98.125656,13,26.77,66.2,919.9,-66.811,9.271,975.657,290,18,23,43,4.171,138.677,0.578,96,8
14,29.1,289,18.125109,98.125664,14,26.78,66.1,917.9,-73.973,3.635,981.998,291,19,24,44,4.171,138.292,0.577,96,8
14,29.2,290,18.125114,98.125671,10,26.79,66.1,915.8,-80.381,-2.02,989.979,292,10,25,45,4.171,137.86,0.575,96,8
14,29.3,291,18.12512,98.125679,11,26.8,66,913.8,-85.969,-7.664,998.872,293,11,26,46,4.171,137.383,0.573,96,8
14,29.4,292,18.125126,98.125687,12,26.8,66,911.8,-90.682,-13.27,1007.869,294,12,27,47,4.171,136.861,0.571,96,8
14,29.5,293,18.125132,98.125694,13,26.81,65.9,909.8,-94.47,-18.81,1016.149,295,13,28,48,4.17,136.297,0.568,96,8
14,29.6,294,18.125137,98.125702,14,26.82,65.9,907.8,-97.295,-24.256,1022.957,296,14,29,49,4.17,135.691,0.566,96,8
14,29.7,295,18.125143,98.12571,10,26.83,65.8,905.7,-99.128,-29.581,1027.674,297,15,30,50,4.17,135.045,0.563,96,8
14,29.8,296,18.125149,98.125717,11,26.84,65.8,903.7,-99.952,-34.757,1029.869,298,16,31,51,4.17,134.361,0.56,96,8
14,29.9,297,18.125154,98.125725,12,26.85,65.7,901.7,-99.756,-39.761,1029.343,299,17,32,52,4.17,133.64,0.557,96,8
14,30,298,18.12516,98.125732,13,26.86,65.7,899.7,-98.544,-44.565,1026.144,300,18,33,53,4.17,132.884,0.554,96,8
14,30.1,299,18.125166,98.12574,14,26.87,65.6,897.7,-96.327,-49.147,1020.563,301,19,34,54,4.17,132.095,0.551,96,8
14,30.2,300,18.125172,98.125748,10,26.88,65.6,895.6,-93.129,-53.483,1013.108,302,10,20,35,4.17,131.276,0.547,96,8
14,30.3,301,18.125177,98.125755,11,26.89,65.5,893.6,-88.981,-57.553,1004.459,303,11,21,36,4.17,130.428,0.544,96,8
14,30.4,302,18.125183,98.125763,12,26.9,65.5,891.6,-83.926,-61.334,995.404,304,12,22,37,4.17,129.553,0.54,96,8
14,30.5,303,18.125189,98.125771,13,26.91,65.4,889.6,-78.016,-64.809,986.767,305,13,23,38,4.169,128.654,0.536,96,8
14,30.6,304,18.125195,98.125778,14,26.92,65.4,887.6,-71.311,-67.96,979.336,306,14,24,39,4.169,127.732,0.533,96,8
14,30.7,305,18.1252,98.125786,10,26.93,65.3,885.5,-63.879,-70.772,973.788,307,15,25,40,4.169,126.791,0.529,96,8
14,30.8,306,18.125206,98.125793,11,26.94,65.3,883.5,-55.796,-73.23,970.628,308,16,26,41,4.169,125.833,0.525,96,8
14,30.9,307,18.125212,98.125801,12,26.95,65.2,881.5,-47.144,-75.323,970.144,309,17,27,42,4.169,124.86,0.521,96,8
14,31,308,18.125217,98.125809,13,26.96,65.2,879.5,-38.012,-77.038,972.38,310,18,28,43,4.169,123.875,0.516,96,8
14,31.1,309,18.125223,98.125816,14,26.97,65.1,877.5,-28.492,-78.369,977.133,311,19,29,44,4.169,122.879,0.512,96,8
14,31.2,310,18.125229,98.125824,10,26.98,65.1,875.4,-18.682,-79.309,983.969,312,10,30,45,4.169,121.876,0.508,96,8
14,31.3,311,18.125235,98.125832,11,26.99,65,873.4,-8.682,-79.852,992.265,313,11,31,46,4.169,120.869,0.504,96,8
14,31.4,312,18.12524,98.125839,12,27,65,871.4,1.407,-79.996,1001.266,314,12,32,47,4.169,119.859,0.5,96,8
14,31.5,313,18.125246,98.125847,13,27.01,64.9,869.4,11.482,-79.741,1010.152,315,13,33,48,4.168,118.85,0.495,96,8
14,31.6,314,18.125252,98.125854,14,27.02,64.9,867.4,21.44,-79.087,1018.113,316,14,34,49,4.168,117.843,0.491,96,8
14,31.7,315,18.125257,98.125862,10,27.03,64.8,865.3,31.179,-78.038,1024.424,317,15,20,50,4.168,116.843,0.487,96,8
14,31.8,316,18.125263,98.12587,11,27.04,64.8,863.3,40.6,-76.599,1028.509,318,16,21,51,4.168,115.85,0.483,96,8
14,31.9,317,18.125269,98.125877,12,27.05,64.7,861.3,49.608,-74.777,1029.997,319,17,22,52,4.168,114.867,0.479,96,8
14,32,318,18.125275,98.125885,13,27.06,64.7,859.3,58.109,-72.582,1028.752,320,18,23,53,4.168,113.898,0.475,96,8
14,32.1,319,18.12528,98.125893,14,27.07,64.6,857.3,66.019,-70.024,1024.888,321,19,24,54,4.168,112.944,0.471,96,8
14,32.2,320,18.125286,98.1259,10,27.08,64.6,855.2,73.256,-67.116,1018.756,322,10,25,35,4.168,112.009,0.467,96,8
14,32.3,321,18.125292,98.125908,11,27.09,64.5,853.2,79.746,-63.873,1010.915,323,11,26,36,4.168,111.094,0.463,96,8
14,32.4,322,18.125298,98.125916,12,27.1,64.5,851.2,85.423,-60.31,1002.08,324,12,27,37,4.168,110.201,0.459,96,8
14,32.5,323,18.125303,98.125923,13,27.11,64.4,849.2,90.23,-56.447,993.055,325,13,28,38,4.167,109.333,0.456,96,8
14,32.6,324,18.125309,98.125931,14,27.12,64.4,847.2,94.117,-52.301,984.663,326,14,29,39,4.167,108.493,0.452,96,8
14,32.7,325,18.125315,98.125938,10,27.13,64.3,845.1,97.045,-47.894,977.668,327,15,30,40,4.167,107.682,0.449,96,8
14,32.8,326,18.12532,98.125946,11,27.14,64.3,843.1,98.983,-43.248,972.708,328,16,31,41,4.167,106.902,0.445,96,8
14,32.9,327,18.125326,98.125954,12,27.15,64.2,841.1,99.913,-38.385,970.235,329,17,32,42,4.167,106.156,0.442,96,8
14,33,328,18.125332,98.125961,13,27.16,64.2,839.1,99.824,-33.331,970.473,330,18,33,43,4.167,105.445,0.439,96,8
14,33.1,329,18.125338,98.125969,14,27.17,64.1,837.1,98.718,-28.11,973.402,331,19,34,44,4.167,104.771,0.437,96,8
14,33.2,330,18.125343,98.125977,10,27.18,64.1,835,96.606,-22.749,978.754,332,10,20,45,4.167,104.136,0.434,96,8
14,33.3,331,18.125349,98.125984,11,27.19,64,833,93.509,-17.275,986.041,333,11,21,46,4.167,103.542,0.431,96,8
14,33.5,332,18.125355,98.125992,12,27.2,64,831,89.459,-11.713,994.601,334,12,22,47,4.167,102.989,0.429,96,8
14,33.6,333,18.12536,98.125999,13,27.21,63.9,829,84.498,-6.094,1003.652,335,13,23,48,4.166,102.48,0.427,96,8
14,33.7,334,18.125366,98.126007,14,27.22,63.9,827,78.675,-0.444,1012.371,336,14,24,49,4.166,102.015,0.425,96,8
14,33.8,335,18.125372,98.126015,10,27.23,63.8,824.9,72.05,5.209,1019.962,337,15,25,50,4.166,101.596,0.423,96,8
14,33.9,336,18.125378,98.126022,11,27.23,63.8,822.9,64.691,10.835,1025.735,338,16,26,51,4.166,101.225,0.422,96,8
14,34,337,18.125383,98.12603,12,27.24,63.7,820.9,56.672,16.407,1029.163,339,17,27,52,4.166,100.901,0.42,96,8
14,34.1,338,18.125389,98.126038,13,27.25,63.7,818.9,48.076,21.897,1029.934,340,18,28,53,4.166,100.626,0.419,96,8
14,34.2,339,18.125395,98.126045,14,27.26,63.6,816.9,38.99,27.278,1027.978,341,19,29,54,4.166,100.4,0.418,96,8
14,34.3,340,18.125401,98.126053,10,27.27,63.6,814.8,29.506,32.523,1023.473,342,10,30,35,4.166,100.224,0.418,96,8
14,34.4,341,18.125406,98.12606,11,27.28,63.5,812.8,19.722,37.605,1016.829,343,11,31,36,4.166,100.098,0.417,96,8
14,34.5,342,18.125412,98.126068,12,27.29,63.5,810.8,9.737,42.499,1008.652,344,12,32,37,4.166,100.024,0.417,96,8
14,34.6,343,18.125418,98.126076,13,27.29,63.5,808.8,-0.348,47.18,999.687,345,13,33,38,4.165,100,0.417,96,8
14,34.7,344,18.125423,98.126083,14,27.3,63.4,806.8,-10.429,51.626,990.75,346,14,34,39,4.165,100.027,0.417,96,8
14,34.8,345,18.125429,98.126091,10,27.31,63.4,804.7,-20.404,55.814,982.656,347,15,20,40,4.165,100.105,0.417,96,8
14,34.9,346,18.125435,98.126099,11,27.32,63.3,802.7,-30.17,59.724,976.142,348,16,21,41,4.165,100.234,0.417,96,8
14,35,347,18.125441,98.126106,12,27.33,63.3,800.7,-39.63,63.334,971.802,349,17,22,42,4.165,100.414,0.418,96,8
14,35.1,348,18.125446,98.126114,13,27.33,63.2,798.7,-48.685,66.629,970.031,350,18,23,43,4.165,100.643,0.419,96,8
14,35.2,349,18.125452,98.126122,14,27.34,63.2,796.7,-57.244,69.59,970.99,351,19,24,44,4.165,100.922,0.42,96,8
14,35.3,350,18.125458,98.126129,10,27.35,63.1,794.6,-65.22,72.204,974.593,352,10,25,45,4.165,101.249,0.422,96,8
14,35.4,351,18.125463,98.126137,11,27.36,63.1,792.6,-72.531,74.457,980.51,353,11,26,46,4.165,101.624,0.423,96,8
14,35.5,352,18.125469,98.126144,12,27.36,63,790.6,-79.102,76.338,988.203,354,12,27,47,4.165,102.046,0.425,96,8
14,35.6,353,18.125475,98.126152,13,27.37,63,788.6,-84.868,77.837,996.971,355,13,28,48,4.164,102.513,0.427,96,8
14,35.7,354,18.125481,98.12616,14,27.38,62.9,786.6,-89.768,78.948,1006.015,356,14,29,49,4.164,103.026,0.429,96,8
14,35.8,355,18.125486,98.126167,10,27.38,62.9,784.5,-93.754,79.664,1014.51,357,15,30,50,4.164,103.581,0.431,96,8
14,35.9,356,18.125492,98.126175,11,27.39,62.8,782.5,-96.784,79.982,1021.684,358,16,31,51,4.164,104.179,0.434,96,8
14,36,357,18.125498,98.126183,12,27.4,62.8,780.5,-98.827,79.901,1026.882,359,17,32,52,4.164,104.816,0.436,96,8
14,36.1,358,18.125504,98.12619,13,27.4,62.8,778.5,-99.863,79.42,1029.631,0,18,33,53,4.164,105.493,0.439,95,8
14,36.2,359,18.125509,98.126198,14,27.41,62.7,776.5,-99.882,78.543,1029.681,1,19,34,54,4.164,106.206,0.442,95,8
14,36.3,360,18.125515,98.126205,10,27.41,62.7,774.4,-98.882,77.273,1027.026,2,10,20,35,4.164,106.955,0.445,95,8
14,36.4,361,18.125521,98.126213,11,27.42,62.6,772.4,-96.874,75.617,1021.908,3,11,21,36,4.164,107.737,0.449,95,8
14,36.5,362,18.125526,98.126221,12,27.42,62.6,770.4,-93.879,73.583,1014.795,4,12,22,37,4.164,108.55,0.452,95,8
14,36.6,363,18.125532,98.126228,13,27.43,62.5,768.4,-89.928,71.181,1006.334,5,13,23,38,4.163,109.392,0.455,95,8
14,36.7,364,18.125538,98.126236,14,27.43,62.5,766.4,-85.059,68.424,997.296,6,14,24,39,4.163,110.262,0.459,95,8
14,36.8,365,18.125544,98.126244,10,27.44,62.4,764.3,-79.324,65.325,988.504,7,15,25,40,4.163,111.156,0.463,95,8
14,36.9,366,18.125549,98.126251,11,27.44,62.4,762.3,-72.78,61.9,980.76,8,16,26,41,4.163,112.073,0.467,95,8
14,37,367,18.125555,98.126259,12,27.45,62.4,760.3,-65.495,58.165,974.768,9,17,27,42,4.163,113.01,0.47,95,8
14,37.1,368,18.125561,98.126266,13,27.45,62.3,758.3,-57.542,54.14,971.075,10,18,28,43,4.163,113.964,0.474,95,8
14,37.2,369,18.125566,98.126274,14,27.46,62.3,756.3,-49.002,49.844,970.018,11,19,29,44,4.163,114.935,0.478,95,8
14,37.3,370,18.125572,98.126282,10,27.46,62.2,754.2,-39.963,45.299,971.692,12,10,30,45,4.163,115.918,0.483,95,8
14,37.4,371,18.125578,98.126289,11,27.47,62.2,752.2,-30.517,40.528,975.945,13,11,31,46,4.163,116.911,0.487,95,8
14,37.5,372,18.125584,98.126297,12,27.47,62.1,750.2,-20.759,35.554,982.39,14,12,32,47,4.163,117.913,0.491,95,8
14,37.6,373,18.125589,98.126305,13,27.47,62.1,748.2,-10.79,30.403,990.44,15,13,33,48,4.162,118.919,0.495,95,8
14,37.7,374,18.125595,98.126312,14,27.48,62.1,746.2,-0.711,25.1,999.36,16,14,34,49,4.162,119.929,0.499,95,8
14,37.8,375,18.125601,98.12632,10,27.48,62,744.1,9.375,19.671,1008.339,17,15,20,50,4.162,120.939,0.503,95,8
14,37.9,376,18.125607,98.126328,11,27.48,62,742.1,19.366,14.144,1016.558,18,16,21,51,4.162,121.946,0.508,95,8
14,38,377,18.125612,98.126335,12,27.48,61.9,740.1,29.159,8.547,1023.268,19,17,22,52,4.162,122.948,0.512,95,8
14,38.1,378,18.125618,98.126343,13,27.49,61.9,738.1,38.655,2.906,1027.859,20,18,23,53,4.162,123.943,0.516,95,8
14,38.2,379,18.125624,98.12635,14,27.49,61.9,736.1,47.757,-2.748,1029.911,21,19,24,54,4.162,124.928,0.52,95,8
14,38.3,380,18.125629,98.126358,10,27.49,61.8,734,56.372,-8.39,1029.238,22,10,25,35,4.162,125.9,0.524,95,8
14,38.4,381,18.125635,98.126366,11,27.49,61.8,732,64.413,-13.989,1025.901,23,11,26,36,4.162,126.857,0.528,95,8
14,38.5,382,18.125641,98.126373,12,27.49,61.7,730,71.797,-19.518,1020.205,25,12,27,37,4.161,127.797,0.532,95,8
14,38.6,383,18.125647,98.126381,13,27.5,61.7,728,78.45,-24.95,1012.667,26,13,28,38,4.161,128.716,0.536,95,8
14,38.7,384,18.125652,98.126389,14,27.5,61.7,726,84.303,-30.257,1003.976,27,14,29,39,4.161,129.614,0.539,95,8
14,38.8,385,18.125658,98.126396,10,27.5,61.6,723.9,89.296,-35.413,994.922,28,15,30,40,4.161,130.487,0.543,95,8
14,38.9,386,18.125664,98.126404,11,27.5,61.6,721.9,93.38,-40.392,986.331,29,16,31,41,4.161,131.333,0.546,95,8
14,39,387,18.125669,98.126411,12,27.5,61.6,719.9,96.512,-45.169,978.986,30,17,32,42,4.161,132.151,0.55,95,8
14,39.1,388,18.125675,98.126419,13,27.5,61.5,717.9,98.66,-49.72,973.555,31,18,33,43,4.161,132.937,0.553,95,8
14,39.2,389,18.125681,98.126427,14,27.5,61.5,715.9,99.802,-54.024,970.533,32,19,34,44,4.161,133.69,0.556,95,8
14,39.3,390,18.125687,98.126434,10,27.5,61.5,713.8,99.927,-58.057,970.196,33,10,20,45,4.161,134.409,0.559,95,8
14,39.4,391,18.125692,98.126442,11,27.5,61.4,711.8,99.034,-61.8,972.574,34,11,21,46,4.161,135.091,0.562,95,8
14,39.5,392,18.125698,98.12645,12,27.5,61.4,709.8,97.132,-65.234,977.451,35,12,22,47,4.16,135.734,0.565,95,8
14,39.6,393,18.125704,98.126457,13,27.5,61.3,707.8,94.239,-68.342,984.383,36,13,23,48,4.16,136.337,0.567,95,8
14,39.7,394,18.12571,98.126465,14,27.5,61.3,705.8,90.386,-71.109,992.737,37,14,24,49,4.16,136.899,0.57,95,8
14,39.8,395,18.125715,98.126472,10,27.5,61.3,703.7,85.612,-73.521,1001.753,38,15,25,50,4.16,137.417,0.572,95,8
14,39.9,396,18.125721,98.12648,11,27.5,61.2,701.7,79.964,-75.565,1010.61,39,16,26,51,4.16,137.891,0.574,95,8
14,40,397,18.125727,98.126488,12,27.49,61.2,699.7,73.503,-77.232,1018.499,40,17,27,52,4.16,138.32,0.575,95,8
14,40.1,398,18.125732,98.126495,13,27.49,61.2,697.7,66.291,-78.513,1024.704,41,18,28,53,4.16,138.701,0.577,95,8
14,40.2,399,18.125738,98.126503,14,27.49,61.1,695.7,58.405,-79.401,1028.657,42,19,29,54,4.16,139.035,0.578,95,8
14,40.3,400,18.125744,98.126511,10,27.49,61.1,693.6,49.922,-79.893,1030,43,10,30,35,4.16,139.321,0.58,95,8
14,40.4,401,18.12575,98.126518,11,27.49,61.1,691.6,40.932,-79.986,1028.609,44,11,31,36,4.16,139.557,0.58,95,8
14,40.5,402,18.125755,98.126526,12,27.48,61.1,689.6,31.523,-79.679,1024.612,45,12,32,37,4.159,139.743,0.581,95,8
14,40.6,403,18.125761,98.126534,13,27.48,61,687.6,21.794,-78.974,1018.373,46,13,33,38,4.159,139.879,0.582,95,8
14,40.7,404,18.125767,98.126541,14,27.48,61,685.6,11.843,-77.874,1010.459,47,14,34,39,4.159,139.965,0.582,95,8
14,40.8,405,18.125772,98.126549,10,27.48,61,683.5,1.77,-76.385,1001.592,48,15,20,40,4.159,139.999,0.582,95,8
14,40.9,406,18.125778,98.126556,11,27.47,60.9,681.5,-8.32,-74.515,992.581,49,16,21,41,4.159,139.983,0.582,95,8
14,41,407,18.125784,98.126564,12,27.47,60.9,679.5,-18.326,-72.272,984.245,50,17,22,42,4.159,139.915,0.582,95,8
14,41.1,408,18.12579,98.126572,13,27.47,60.9,677.5,-28.144,-69.668,977.345,51,18,23,43,4.159,139.797,0.581,95,8
14,41.2,409,18.125795,98.126579,14,27.46,60.8,675.5,-37.676,-66.716,972.509,52,19,24,44,4.159,139.628,0.581,95,8
14,41.3,410,18.125801,98.126587,10,27.46,60.8,673.4,-46.824,-63.431,970.178,53,10,25,45,4.159,139.409,0.58,95,8
14,41.4,411,18.125807,98.126595,11,27.45,60.8,671.4,-55.494,-59.829,970.563,54,11,26,46,4.159,139.141,0.579,95,8
14,41.5,412,18.125813,98.126602,12,27.45,60.8,669.4,-63.599,-55.928,973.631,55,12,27,47,4.158,138.824,0.577,95,8
14,41.6,413,18.125818,98.12661,13,27.45,60.7,667.4,-71.056,-51.747,979.101,56,13,28,48,4.158,138.459,0.576,95,8
14,41.7,414,18.125824,98.126617,14,27.44,60.7,665.4,-77.789,-47.308,986.475,57,14,29,49,4.158,138.047,0.574,95,8
14,41.8,415,18.12583,98.126625,10,27.44,60.7,663.3,-83.728,-42.632,995.081,58,15,30,50,4.158,137.588,0.572,95,8
14,41.9,416,18.125835,98.126633,11,27.43,60.7,661.3,-88.815,-37.744,1004.135,59,16,31,51,4.158,137.085,0.57,95,8
14,42,417,18.125841,98.12664,12,27.43,60.6,659.3,-92.996,-32.667,1012.813,60,17,32,52,4.158,136.539,0.568,95,8
14,42.1,418,18.125847,98.126648,13,27.42,60.6,657.3,-96.229,-27.426,1020.324,61,18,33,53,4.158,135.95,0.565,95,8
14,42.2,419,18.125853,98.126656,14,27.41,60.6,655.3,-98.481,-22.049,1025.982,62,19,34,54,4.158,135.321,0.563,95,8
14,42.3,420,18.125858,98.126663,10,27.41,60.6,653.2,-99.73,-16.562,1029.274,63,10,20,35,4.158,134.652,0.56,95,8
14,42.4,421,18.125864,98.126671,11,27.4,60.5,651.2,-99.962,-10.992,1029.898,64,11,21,36,4.158,133.946,0.557,95,8
14,42.5,422,18.12587,98.126678,12,27.4,60.5,649.2,-99.176,-5.366,1027.798,65,12,22,37,4.157,133.205,0.554,95,8
14,42.6,423,18.125875,98.126686,13,27.39,60.5,647.2,-97.378,0.286,1023.166,66,13,23,38,4.157,132.43,0.551,95,8
14,42.7,424,18.125881,98.126694,14,27.38,60.5,645.2,-94.588,5.936,1016.423,67,14,24,39,4.157,131.623,0.547,95,8
14,42.8,425,18.125887,98.126701,10,27.38,60.5,643.1,-90.834,11.557,1008.184,68,15,25,40,4.157,130.787,0.544,95,8
14,42.9,426,18.125893,98.126709,11,27.37,60.4,641.1,-86.154,17.12,999.199,69,16,26,41,4.157,129.923,0.54,95,8
14,43,427,18.125898,98.126717,12,27.36,60.4,639.1,-80.596,22.598,990.287,70,17,27,42,4.157,129.034,0.536,95,8
14,43.1,428,18.125904,98.126724,13,27.36,60.4,637.1,-74.217,27.962,982.26,71,18,28,43,4.157,128.121,0.533,95,8
14,43.2,429,18.12591,98.126732,14,27.35,60.4,635.1,-67.081,33.187,975.85,72,19,29,44,4.157,127.188,0.529,95,8
14,43.3,430,18.125916,98.12674,10,27.34,60.4,633,-59.261,38.247,971.639,73,10,30,45,4.157,126.237,0.525,95,8
14,43.4,431,18.125921,98.126747,11,27.34,60.3,631,-50.837,43.115,970.013,74,11,31,46,4.157,125.27,0.521,95,8
14,43.5,432,18.125927,98.126755,12,27.33,60.3,629,-41.896,47.767,971.118,75,12,32,47,4.156,124.289,0.517,95,8
14,43.7,433,18.125933,98.126762,13,27.32,60.3,627,-32.527,52.181,974.855,76,13,33,48,4.156,123.298,0.512,95,8
14,43.8,434,18.125938,98.12677,14,27.31,60.3,625,-22.827,56.334,980.883,77,14,34,49,4.156,122.298,0.508,95,8
14,43.9,435,18.125944,98.126778,10,27.3,60.3,622.9,-12.894,60.206,988.653,78,15,20,50,4.156,121.292,0.504,95,8
14,44,436,18.12595,98.126785,11,27.3,60.2,620.9,-2.829,63.777,997.456,79,16,21,51,4.156,120.283,0.5,95,8
14,44.1,437,18.125956,98.126793,12,27.29,60.2,618.9,7.264,67.03,1006.492,80,17,22,52,4.156,119.273,0.496,95,8
14,44.2,438,18.125961,98.126801,13,27.28,60.2,616.9,17.283,69.947,1014.935,81,18,23,53,4.156,118.265,0.491,95,8
14,44.3,439,18.125967,98.126808,14,27.27,60.2,614.9,27.126,72.515,1022.018,82,19,24,54,4.156,117.262,0.487,95,8
14,44.4,440,18.125973,98.126816,10,27.26,60.2,612.8,36.693,74.721,1027.095,83,10,25,35,4.156,116.265,0.483,95,8
14,44.5,441,18.125978,98.126823,11,27.25,60.2,610.8,45.885,76.553,1029.704,84,11,26,36,4.156,115.278,0.479,95,8
14,44.6,442,18.125984,98.126831,12,27.25,60.2,608.8,54.61,78.003,1029.606,85,12,27,37,4.155,114.303,0.475,95,8
14,44.7,443,18.12599,98.126839,13,27.24,60.2,606.8,62.778,79.063,1026.81,86,13,28,38,4.155,113.342,0.471,95,8
14,44.8,444,18.125996,98.126846,14,27.23,60.1,604.8,70.307,79.728,1021.572,87,14,29,39,4.155,112.399,0.467,95,8
14,44.9,445,18.126001,98.126854,10,27.22,60.1,602.7,77.119,79.994,1014.369,88,15,30,40,4.155,111.475,0.463,95,8
14,45,446,18.126007,98.126862,11,27.21,60.1,600.7,83.145,79.861,1005.857,89,16,31,41,4.155,110.572,0.459,95,8
14,45.1,447,18.126013,98.126869,12,27.2,60.1,598.7,88.323,79.329,996.811,90,17,32,42,4.155,109.694,0.456,94,8
14,45.2,448,18.126019,98.126877,13,27.19,60.1,596.7,92.601,78.401,988.055,91,18,33,43,4.155,108.842,0.452,94,8
14,45.3,449,18.126024,98.126884,14,27.18,60.1,594.7,95.935,77.081,980.388,92,19,34,44,4.155,108.018,0.449,94,8
14,45.4,450,18.12603,98.126892,10,27.17,60.1,592.6,98.292,75.376,974.507,93,10,20,45,4.155,107.225,0.445,94,8
14,45.5,451,18.126036,98.1269,11,27.16,60.1,590.6,99.647,73.294,970.95,94,11,21,46,4.155,106.465,0.442,94,8
14,45.6,452,18.126041,98.126907,12,27.15,60.1,588.6,99.986,70.846,970.039,95,12,22,47,4.154,105.739,0.439,94,8
14,45.7,453,18.126047,98.126915,13,27.14,60.1,586.6,99.306,68.044,971.857,96,13,23,48,4.154,105.049,0.436,94,8
14,45.8,454,18.126053,98.126923,14,27.13,60,584.6,97.614,64.902,976.24,97,14,24,49,4.154,104.398,0.434,94,8
14,45.9,455,18.126059,98.12693,10,27.12,60,582.5,94.926,61.435,982.788,98,15,25,50,4.154,103.786,0.431,94,8
14,46,456,18.126064,98.126938,11,27.11,60,580.5,91.272,57.662,990.903,99,16,26,51,4.154,103.216,0.429,94,8
14,46.1,457,18.12607,98.126945,12,27.1,60,578.5,86.687,53.601,999.848,100,17,27,52,4.154,102.688,0.427,94,8
14,46.2,458,18.126076,98.126953,13,27.09,60,576.5,81.219,49.272,1008.806,101,18,28,53,4.154,102.205,0.425,94,8
14,46.3,459,18.126081,98.126961,14,27.08,60,574.5,74.922,44.696,1016.962,102,19,29,54,4.154,101.766,0.423,94,8
14,46.4,460,18.126087,98.126968,10,27.07,60,572.4,67.863,39.898,1023.573,103,10,30,35,4.154,101.375,0.421,94,8
14,46.5,461,18.126093,98.126976,11,27.06,60,570.4,60.111,34.9,1028.036,104,11,31,36,4.154,101.031,0.42,94,8
14,46.6,462,18.126099,98.126984,12,27.05,60,568.4,51.747,29.727,1029.944,105,12,32,37,4.153,100.735,0.418,94,8
14,46.7,463,18.126104,98.126991,13,27.04,60,566.4,42.855,24.406,1029.125,106,13,33,38,4.153,100.488,0.417,94,8
14,46.8,464,18.12611,98.126999,14,27.03,60,564.4,33.527,18.964,1025.652,107,14,34,39,4.153,100.292,0.417,94,8
14,46.9,465,18.126116,98.127007,10,27.02,60,562.3,23.857,13.426,1019.842,108,15,20,40,4.153,100.145,0.416,94,8
14,47,466,18.126122,98.127014,11,27.01,60,560.3,13.943,7.821,1012.224,109,16,21,41,4.153,100.049,0.416,94,8
14,47.1,467,18.126127,98.127022,12,27,60,558.3,3.888,2.178,1003.492,110,17,22,42,4.153,100.004,0.415,94,8
14,47.2,468,18.126133,98.127029,13,26.99,60,556.3,-6.207,-3.477,994.442,111,18,23,43,4.153,100.01,0.415,94,8
14,47.3,469,18.126139,98.127037,14,26.98,60,554.3,-16.239,-9.114,985.899,112,19,24,44,4.153,100.066,0.416,94,8
14,47.4,470,18.126144,98.127045,10,26.97,60,552.2,-26.105,-14.706,978.64,113,10,25,45,4.153,100.174,0.416,94,8
14,47.5,471,18.12615,98.127052,11,26.96,60,550.2,-35.705,-20.224,973.328,114,11,26,46,4.153,100.332,0.417,94,8
14,47.6,472,18.126156,98.12706,12,26.95,60,548.2,-44.941,-25.642,970.445,115,12,27,47,4.152,100.541,0.417,94,8
14,47.7,473,18.126162,98.127068,13,26.94,60,546.2,-53.72,-30.931,970.255,116,13,28,48,4.152,100.799,0.419,94,8
14,47.8,474,18.126167,98.127075,14,26.93,60,544.2,-61.95,-36.065,972.776,117,14,29,49,4.152,101.106,0.42,94,8
14,47.9,475,18.126173,98.127083,10,26.92,60,542.1,-69.55,-41.02,977.776,118,15,30,50,4.152,101.461,0.421,94,8
14,48,476,18.126179,98.12709,11,26.91,60,540.1,-76.44,-45.769,984.801,119,16,31,51,4.152,101.863,0.423,94,8
14,48.1,477,18.126184,98.127098,12,26.9,60,538.1,-82.551,-50.29,993.212,120,17,32,52,4.152,102.312,0.425,94,8
14,48.2,478,18.12619,98.127106,13,26.89,60,536.1,-87.821,-54.559,1002.24,121,18,33,53,4.152,102.805,0.427,94,8
14,48.3,479,18.126196,98.127113,14,26.88,60,534.1,-92.196,-58.556,1011.065,122,19,34,54,4.152,103.343,0.429,94,8
14,48.4,480,18.126202,98.127121,10,26.87,60,532,-95.631,-62.26,1018.881,123,10,20,35,4.152,103.923,0.431,94,8
14,48.5,481,18.126207,98.127129,11,26.86,60,530,-98.091,-65.653,1024.977,124,11,21,36,4.152,104.544,0.434,94,8
14,48.6,482,18.126213,98.127136,12,26.85,60.1,528,-99.552,-68.718,1028.798,126,12,22,37,4.151,105.204,0.437,94,8
14,48.7,483,18.126219,98.127144,13,26.84,60.1,526,-99.998,-71.44,1029.995,127,13,23,38,4.151,105.903,0.44,94,8
14,48.8,484,18.126225,98.127151,14,26.84,60.1,524,-99.425,-73.805,1028.459,128,14,24,39,4.151,106.637,0.443,94,8
14,48.9,485,18.12623,98.127159,10,26.83,60.1,521.9,-97.838,-75.801,1024.33,129,15,25,40,4.151,107.405,0.446,94,8
14,49,486,18.126236,98.127167,11,26.82,60.1,519.9,-95.254,-77.419,1017.984,130,16,26,41,4.151,108.205,0.449,94,8
14,49.1,487,18.126242,98.127174,12,26.81,60.1,517.9,-91.7,-78.649,1010,131,17,27,42,4.151,109.035,0.453,94,8
14,49.2,488,18.126247,98.127182,13,26.8,60.1,515.9,-87.21,-79.487,1001.105,132,18,28,43,4.151,109.894,0.456,94,8
14,49.3,489,18.126253,98.12719,14,26.79,60.1,513.9,-81.832,-79.927,992.11,133,19,29,44,4.151,110.778,0.46,94,8
14,49.4,490,18.126259,98.127197,10,26.78,60.1,511.8,-75.62,-79.968,983.833,134,10,30,45,4.151,111.685,0.464,94,8
14,49.5,491,18.126265,98.127205,11,26.77,60.1,509.8,-68.637,-79.61,977.029,135,11,31,46,4.15,112.614,0.467,94,8
14,49.6,492,18.12627,98.127213,12,26.76,60.2,507.8,-60.954,-78.854,972.318,136,12,32,47,4.15,113.562,0.471,94,8
team_id,time,packet_id,lat,lon,sat,temp,humidity,alt_baro,acc_x,acc_y,acc_z,heading,pm1_0,pm2_5,pm10,voltage,current,watt,battery_percent,status
NAJA,0.4,1,-1,-1,0,25.12,45.64,345.4,-8,-1016,120,0,-1,-1,-1,-1,-1,0,-1,1
NAJA,1.4,2,-1,-1,0,25.11,45.69,345.4,-8,-1008,120,0,-1,-1,-1,-1,-1,0,-1,1
NAJA,2.4,3,-1,-1,0,25.11,45.71,345.4,-8,-1016,116,0,-1,-1,-1,-1,-1,0,-1,1
NAJA,3.4,4,-1,-1,0,25.11,45.65,345.6,-8,-1008,116,0,-1,-1,-1,-1,-1,0,-1,1
NAJA,4.4,5,-1,-1,0,25.11,45.6,345.4,-4,-1012,120,0,-1,-1,-1,-1,-1,0,-1,1
NAJA,5.4,6,-1,-1,0,25.11,45.59,345.6,-4,-1012,120,0,-1,-1,-1,-1,-1,0,-1,1
NAJA,6.4,7,-1,-1,0,25.12,45.58,345.4,-4,-1016,120,0,-1,-1,-1,-1,-1,0,-1,1
NAJA,7.4,8,-1,-1,0,25.11,45.61,345.5,-12,-1012,116,0,-1,-1,-1,-1,-1,0,-1,1
NAJA,8.4,9,-1,-1,0,25.11,45.64,345.4,-8,-1012,116,0,-1,-1,-1,-1,-1,0,-1,1
NAJA,9.4,10,-1,-1,0,25.12,45.67,345.3,-12,-1012,120,0,-1,-1,-1,-1,-1,0,-1,1
NAJA,10.4,11,-1,-1,0,25.12,45.69,345.7,-4,-1012,116,0,-1,-1,-1,-1,-1,0,-1,1
NAJA,11.4,12,-1,-1,0,25.11,45.75,345.5,-4,-1016,124,0,-1,-1,-1,-1,-1,0,-1,1
NAJA,12.4,13,-1,-1,0,25.11,45.69,345.6,-8,-1012,120,0,-1,-1,-1,-1,-1,0,-1,1
NAJA,13.4,14,-1,-1,0,25.11,45.64,345.5,-8,-1012,124,0,-1,-1,-1,-1,-1,0,-1,1
NAJA,14.4,15,-1,-1,0,25.12,45.6,345.4,-12,-1012,128,0,-1,-1,-1,-1,-1,0,-1,1
NAJA,15.4,16,-1,-1,0,25.11,45.59,345.5,-8,-1012,124,0,-1,-1,-1,-1,-1,0,-1,1
NAJA,16.4,17,-1,-1,0,25.11,45.66,345.4,-4,-1012,124,0,-1,-1,-1,-1,-1,0,-1,1
NAJA,17.4,18,-1,-1,0,25.11,45.66,345.7,-8,-1012,120,0,-1,-1,-1,-1,-1,0,-1,1
NAJA,18.4,19,-1,-1,0,25.11,45.61,345.3,-4,-1012,120,0,-1,-1,-1,-1,-1,0,-1,1
NAJA,19.4,20,-1,-1,0,25.1,45.58,345.5,-4,-1016,120,0,-1,-1,-1,-1,-1,0,-1,1
NAJA,20.4,21,-1,-1,0,25.1,45.54,345.4,-4,-1008,116,0,-1,-1,-1,-1,-1,0,-1,1
NAJA,21.4,22,-1,-1,0,25.1,45.61,345.8,-4,-1008,120,0,-1,-1,-1,-1,-1,0,-1,1
NAJA,22.4,23,-1,-1,0,25.11,45.68,345.5,-4,-1008,116,0,-1,-1,-1,-1,-1,0,-1,1
NAJA,23.4,24,-1,-1,0,25.11,45.7,345.5,0,-1008,120,0,-1,-1,-1,-1,-1,0,-1,1
NAJA,24.4,25,-1,-1,0,25.1,45.67,345.5,-4,-1016,120,0,-1,-1,-1,-1,-1,0,-1,1
NAJA,25.4,26,-1,-1,0,25.1,45.6,345.3,-4,-1016,116,0,-1,-1,-1,-1,-1,0,-1,1
NAJA,26.4,27,-1,-1,0,25.1,45.59,345.7,-4,-1012,128,0,-1,-1,-1,-1,-1,0,-1,1
NAJA,27.4,28,-1,-1,0,25.09,45.58,345.5,-8,-1008,120,0,-1,-1,-1,-1,-1,0,-1,1
NAJA,28.4,29,-1,-1,0,25.1,45.54,345.3,-8,-1012,120,0,-1,-1,-1,-1,-1,0,-1,1
NAJA,29.4,30,-1,-1,0,25.1,45.49,345.4,-4,-1016,124,0,-1,-1,-1,-1,-1,0,-1,1
NAJA,30.4,31,-1,-1,0,25.1,45.43,345.2,-4,-1016,120,0,-1,-1,-1,-1,-1,0,-1,1
NAJA,31.4,32,-1,-1,0,25.1,45.43,345.5,-8,-1008,120,0,-1,-1,-1,-1,-1,0,-1,1
NAJA,32.4,33,-1,-1,0,25.1,45.53,345.2,-8,-1016,120,0,-1,-1,-1,-1,-1,0,-1,1
NAJA,33.4,34,-1,-1,0,25.1,45.52,345.2,-4,-1016,120,0,-1,-1,-1,-1,-1,0,-1,1
NAJA,34.4,35,-1,-1,0,25.09,45.49,345.3,-8,-1008,120,0,-1,-1,-1,-1,-1,0,-1,1
NAJA,35.4,36,-1,-1,0,25.09,45.5,345.6,-4,-1016,120,0,-1,-1,-1,-1,-1,0,-1,1
NAJA,36.4,37,-1,-1,0,25.1,45.54,345.6,-4,-1012,116,0,-1,-1,-1,-1,-1,0,-1,1
NAJA,37.4,38,-1,-1,0,25.1,45.63,345.4,-12,-1012,120,0,-1,-1,-1,-1,-1,0,-1,1
NAJA,38.4,39,-1,-1,0,25.1,45.68,345.3,-8,-1016,124,0,-1,-1,-1,-1,-1,0,-1,1
NAJA,39.4,40,-1,-1,0,25.1,45.74,345.4,-4,-1016,124,0,-1,-1,-1,-1,-1,0,-1,1
NAJA,40.4,41,-1,-1,0,25.11,45.76,345.4,-8,-1012,124,0,-1,-1,-1,-1,-1,0,-1,1
NAJA,41.4,42,-1,-1,0,25.1,45.77,345,-4,-1012,116,0,-1,-1,-1,-1,-1,0,-1,1
NAJA,42.4,43,-1,-1,0,25.1,45.77,345.1,-4,-1016,124,0,-1,-1,-1,-1,-1,0,-1,1
NAJA,43.4,44,-1,-1,0,25.09,45.58,345.3,-12,-1008,116,0,-1,-1,-1,-1,-1,0,-1,1
NAJA,44.4,45,-1,-1,0,25.1,45.48,345.3,-4,-1016,124,0,-1,-1,-1,-1,-1,0,-1,1
NAJA,45.4,46,-1,-1,0,25.1,45.46,345.5,-4,-1012,120,0,-1,-1,-1,-1,-1,0,-1,1
NAJA,46.4,47,-1,-1,0,25.1,45.46,345.3,-4,-1016,120,0,-1,-1,-1,-1,-1,0,-1,1
JA,47.4,48,-1,-1,0,25.1,45.51,345.4,-4,-1016,124,0,-1,-1,-1,-1,-1,0,-1,1
NAJA,48.4,49,-1,-1,0,25.09,45.57,345.4,-4,-1016,116,0,-1,-1,-1,-1,-1,0,-1,1
NAJA,49.4,50,-1,-1,0,25.09,45.63,345.4,-4,-1012,124,0,-1,-1,-1,-1,-1,0,-1,1
NAJA,50.4,51,-1,-1,0,25.09,45.71,345.3,-4,-1012,124,0,-1,-1,-1,-1,-1,0,-1,1
NAJA,51.4,52,-1,-1,0,25.09,45.69,345.5,-4,-1016,120,0,-1,-1,-1,-1,-1,0,-1,1
NAJA,52.4,53,-1,-1,0,25.09,45.66,345.1,-4,-1012,116,0,-1,-1,-1,-1,-1,0,-1,1
NAJA,53.4,54,-1,-1,0,25.09,45.77,345.4,-8,-1012,124,0,-1,-1,-1,-1,-1,0,-1,1
NAJA,54.4,55,-1,-1,0,25.09,45.79,345.2,-4,-1016,124,0,-1,-1,-1,-1,-1,0,-1,1
NAJA,55.4,56,-1,-1,0,25.09,45.77,345.2,-8,-1008,120,0,-1,-1,-1,-1,-1,0,-1,1
NAJA,56.4,57,-1,-1,0,25.09,45.77,345.3,-8,-1008,124,0,-1,-1,-1,-1,-1,0,-1,1
NAJA,57.4,58,-1,-1,0,25.1,45.8,345.3,-4,-1016,120,0,-1,-1,-1,-1,-1,0,-1,1
NAJA,58.4,59,-1,-1,0,25.1,45.85,345.3,0,-1012,120,0,-1,-1,-1,-1,-1,0,-1,1
NAJA,59.4,60,-1,-1,0,25.1,46.01,345.6,-8,-1012,120,0,-1,-1,-1,-1,-1,0,-1,1
NAJA,60.4,61,-1,-1,0,25.08,46.05,345.4,-8,-1012,120,0,-1,-1,-1,-1,-1,0,-1,1
NAJA,61.4,62,-1,-1,0,25.08,46.02,345.2,0,-1012,116,0,-1,-1,-1,-1,-1,0,-1,1
NAJA,62.4,63,-1,-1,0,25.08,46.06,345.6,-4,-1016,116,0,-1,-1,-1,-1,-1,0,-1,1
NAJA,63.4,64,-1,-1,0,25.09,46.25,345.5,-8,-1012,120,0,-1,-1,-1,-1,-1,0,-1,1
NAJA,64.4,65,-1,-1,0,25.09,46.59,345.3,-4,-1016,120,0,-1,-1,-1,-1,-1,0,-1,1
NAJA,65.4,66,-1,-1,0,25.09,46.65,345.4,-4,-1008,112,0,-1,-1,-1,-1,-1,0,-1,1
NAJA,66.4,67,-1,-1,0,25.09,46.68,345.6,-12,-1012,124,0,-1,-1,-1,-1,-1,0,-1,1
NAJA,67.4,68,-1,-1,0,25.09,46.81,345.2,-12,-1012,120,0,-1,-1,-1,-1,-1,0,-1,1
NAJA,68.4,69,-1,-1,0,25.09,46.78,345.4,-4,-1016,116,0,-1,-1,-1,-1,-1,0,-1,1
NAJA,69.4,70,-1,-1,0,25.1,46.82,345.5,-8,-1012,116,0,-1,-1,-1,-1,-1,0,-1,1
NAJA,70.4,71,-1,-1,0,25.09,46.68,345.4,-8,-1016,124,0,-1,-1,-1,-1,-1,0,-1,1
NAJA,71.4,72,-1,-1,0,25.09,46.67,345.5,0,-1012,120,0,-1,-1,-1,-1,-1,0,-1,1
NAJA,72.4,73,-1,-1,0,25.09,46.68,345.2,-4,-1016,124,0,-1,-1,-1,-1,-1,0,-1,1
NAJA,73.4,74,-1,-1,0,25.11,48.84,345.3,96,-1808,116,0,-1,-1,-1,-1,-1,0,-1,1
NAJA,74.4,75,-1,-1,0,25.16,54.87,345.1,-500,-1468,104,0,-1,-1,-1,-1,-1,0,-1,1
NAJA,75.4,76,-1,-1,0,25.18,58.89,345.2,92,-1040,304,0,-1,-1,-1,-1,-1,0,-1,1
NAJA,76.4,77,-1,-1,0,25.19,61.63,345.3,68,-1004,144,0,-1,-1,-1,-1,-1,0,-1,1
NAJA,77.4,78,-1,-1,0,25.18,61.59,345.2,4,-1016,24,0,-1,-1,-1,-1,-1,0,-1,1
NAJA,78.4,79,-1,-1,0,25.15,57.46,345.2,4,-1020,32,0,-1,-1,-1,-1,-1,0,-1,1
NAJA,79.4,80,-1,-1,0,25.15,54.53,345.2,4,-1016,28,0,-1,-1,-1,-1,-1,0,-1,1
NAJA,80.4,81,-1,-1,0,25.16,53.88,345.3,0,-996,8,0,-1,-1,-1,-1,-1,0,-1,1
NAJA,81.4,82,-1,-1,0,25.18,56.04,345.2,0,-1020,44,0,-1,-1,-1,-1,-1,0,-1,1
NAJA,82.4,83,-1,-1,0,25.15,53.55,345,0,-1016,44,0,-1,-1,-1,-1,-1,0,-1,1
NAJA,83.4,84,-1,-1,0,25.14,51.44,345,0,-1020,44,0,-1,-1,-1,-1,-1,0,-1,1
NAJA,84.4,85,-1,-1,0,25.14,50.26,345.2,0,-1020,48,0,-1,-1,-1,-1,-1,0,-1,1
NAJA,85.4,86,-1,-1,0,25.14,49.57,345.1,0,-1016,44,0,-1,-1,-1,-1,-1,0,-1,1
NAJA,86.4,87,-1,-1,0,25.15,49.06,345.3,0,-1016,36,0,-1,-1,-1,-1,-1,0,-1,1
NAJA,87.4,88,-1,-1,0,25.15,48.77,345.1,0,-1016,48,0,-1,-1,-1,-1,-1,0,-1,1
NAJA,88.4,89,-1,-1,0,25.15,48.49,345,0,-1016,40,0,-1,-1,-1,-1,-1,0,-1,1
NAJA,89.4,90,-1,-1,0,25.14,48.19,345,0,-1016,52,0,-1,-1,-1,-1,-1,0,-1,1
NAJA,90.4,91,-1,-1,0,25.15,47.99,345.3,0,-1016,44,0,-1,-1,-1,-1,-1,0,-1,1
NAJA,91.4,92,-1,-1,0,25.15,47.91,345.2,4,-1020,44,0,-1,-1,-1,-1,-1,0,-1,1
NAJA,92.4,93,-1,-1,0,25.15,47.69,345.2,0,-1020,44,0,-1,-1,-1,-1,-1,0,-1,1
NAJA,93.4,94,-1,-1,0,25.15,47.61,345.4,0,-1020,44,0,-1,-1,-1,-1,-1,0,-1,1
NAJA,94.4,95,-1,-1,0,25.15,47.49,345.3,0,-1016,40,0,-1,-1,-1,-1,-1,0,-1,1
NAJA,95.4,96,-1,-1,0,25.16,47.31,345.2,-4,-1020,52,0,-1,-1,-1,-1,-1,0,-1,1
NAJA,96.4,97,-1,-1,0,25.16,47.21,345,0,-1020,48,0,-1,-1,-1,-1,-1,0,-1,1
NAJA,97.4,98,-1,-1,0,25.15,47.12,345.4,0,-1020,44,0,-1,-1,-1,-1,-1,0,-1,1
NAJA,98.4,99,-1,-1,0,25.15,47.01,345.2,0,-1020,44,0,-1,-1,-1,-1,-1,0,-1,1
NAJA,99.4,100,-1,-1,0,25.15,46.91,345.4,0,-1016,44,0,-1,-1,-1,-1,-1,0,-1,1
NAJA,100.4,101,-1,-1,0,25.16,46.84,345.1,0,-1016,40,0,-1,-1,-1,-1,-1,0,-1,1
NAJA,101.4,102,-1,-1,0,25.16,46.89,345.2,0,-1016,48,0,-1,-1,-1,-1,-1,0,-1,1
JA,102.4,103,-1,-1,0,25.16,46.88,345.5,0,-1016,52,0,-1,-1,-1,-1,-1,0,-1,1
NAJA,103.4,104,-1,-1,0,25.16,46.77,345.4,0,-1020,44,0,-1,-1,-1,-1,-1,0,-1,1
NAJA,104.4,105,-1,-1,0,25.17,46.75,345.5,0,-1020,48,0,-1,-1,-1,-1,-1,0,-1,1
NAJA,105.4,106,-1,-1,0,25.16,46.71,345.4,4,-1016,48,0,-1,-1,-1,-1,-1,0,-1,1
NAJA,106.4,107,-1,-1,0,25.17,46.66,345.2,0,-1016,44,0,-1,-1,-1,-1,-1,0,-1,1
NAJA,107.4,108,-1,-1,0,25.17,46.63,345,0,-1016,48,0,-1,-1,-1,-1,-1,0,-1,1
NAJA,108.4,109,-1,-1,0,25.17,46.58,345.2,0,-1020,44,0,-1,-1,-1,-1,-1,0,-1,1
NAJA,109.4,110,-1,-1,0,25.18,46.53,345.3,-4,-1016,48,0,-1,-1,-1,-1,-1,0,-1,1
NAJA,110.4,111,-1,-1,0,25.17,46.45,345.3,0,-1016,44,0,-1,-1,-1,-1,-1,0,-1,1
NAJA,111.4,112,-1,-1,0,25.17,46.41,345.4,0,-1016,44,0,-1,-1,-1,-1,-1,0,-1,1
NAJA,112.4,113,-1,-1,0,25.17,46.56,345.2,0,-1016,48,0,-1,-1,-1,-1,-1,0,-1,1
NAJA,113.4,114,-1,-1,0,25.17,46.64,345.2,0,-1016,48,0,-1,-1,-1,-1,-1,0,-1,1
NAJA,114.4,115,-1,-1,0,25.18,46.64,344.8,0,-1016,44,0,-1,-1,-1,-1,-1,0,-1,1
NAJA,115.4,116,-1,-1,0,25.18,46.55,345.5,0,-1016,44,0,-1,-1,-1,-1,-1,0,-1,1
NAJA,116.4,117,-1,-1,0,25.19,46.49,345.1,0,-1016,44,0,-1,-1,-1,-1,-1,0,-1,1
NAJA,117.4,118,-1,-1,0,25.19,46.44,345.2,0,-1012,44,0,-1,-1,-1,-1,-1,0,-1,1
NAJA,118.4,119,-1,-1,0,25.18,46.38,345.3,0,-1020,40,0,-1,-1,-1,-1,-1,0,-1,1
NAJA,119.4,120,-1,-1,0,25.19,46.27,345.2,0,-1016,44,0,-1,-1,-1,-1,-1,0,-1,1
NAJA,120.4,121,-1,-1,0,25.18,46.2,345.3,0,-1016,48,0,-1,-1,-1,-1,-1,0,-1,1
NAJA,121.4,122,-1,-1,0,25.18,46.1,345.1,0,-1016,48,0,-1,-1,-1,-1,-1,0,-1,1
NAJA,122.4,123,-1,-1,0,25.18,46.03,345.1,4,-1020,48,0,-1,-1,-1,-1,-1,0,-1,1
NAJA,123.4,124,-1,-1,0,25.18,46.03,345.1,0,-1020,48,0,-1,-1,-1,-1,-1,0,-1,1
NAJA,124.4,125,-1,-1,0,25.18,46.02,345.3,-4,-1016,40,0,-1,-1,-1,-1,-1,0,-1,1
NAJA,125.4,126,-1,-1,0,25.18,45.98,345,0,-1016,40,0,-1,-1,-1,-1,-1,0,-1,1
NAJA,126.4,127,-1,-1,0,25.17,45.98,345.5,0,-1016,44,0,-1,-1,-1,-1,-1,0,-1,1
NAJA,127.4,128,-1,-1,0,25.17,45.95,345.3,0,-1016,40,0,-1,-1,-1,-1,-1,0,-1,1
NAJA,128.4,129,-1,-1,0,25.17,45.9,345.5,0,-1020,52,0,-1,-1,-1,-1,-1,0,-1,1
AJA,129.4,130,-1,-1,0,25.17,45.85,345.2,0,-1016,48,0,-1,-1,-1,-1,-1,0,-1,1
NAJA,130.4,131,-1,-1,0,25.18,45.77,345.4,0,-1016,48,0,-1,-1,-1,-1,-1,0,-1,1
NAJA,131.4,132,-1,-1,0,25.19,46.03,345.2,4,-1016,48,0,-1,-1,-1,-1,-1,0,-1,1
NAJA,132.4,133,-1,-1,0,25.19,46.12,345.2,0,-1016,44,0,-1,-1,-1,-1,-1,0,-1,1
NAJA,133.4,134,-1,-1,0,25.18,46.04,345.3,4,-1020,44,0,-1,-1,-1,-1,-1,0,-1,1
NAJA,134.4,135,-1,-1,0,25.18,45.95,345,-4,-1020,44,0,-1,-1,-1,-1,-1,0,-1,1
NAJA,135.4,136,-1,-1,0,25.17,45.88,345,0,-1016,40,0,-1,-1,-1,-1,-1,0,-1,1
NAJA,136.4,137,-1,-1,0,25.19,48.4,345.3,-8,-1016,0,0,-1,-1,-1,-1,-1,0,-1,1
NAJA,137.4,138,-1,-1,0,25.24,53.07,345.1,-76,-792,52,0,-1,-1,-1,-1,-1,0,-1,1
NAJA,138.4,139,-1,-1,0,25.25,56.86,345.2,44,-1036,-12,0,-1,-1,-1,-1,-1,0,-1,1
NAJA,139.4,140,-1,-1,0,25.27,59.39,345,144,-1220,-20,0,-1,-1,-1,-1,-1,0,-1,1
NAJA,140.4,141,-1,-1,0,25.28,61.58,345.1,424,-1140,-52,0,-1,-1,-1,-1,-1,0,-1,1
NAJA,141.4,142,-1,-1,0,25.29,63.32,345,44,-1008,20,0,-1,-1,-1,-1,-1,0,-1,1
NAJA,142.4,143,-1,-1,0,25.3,63.75,344.8,4,-1020,20,0,-1,-1,-1,-1,-1,0,-1,1
NAJA,143.4,144,-1,-1,0,25.27,60.6,345,4,-1016,24,0,-1,-1,-1,-1,-1,0,-1,1
NAJA,144.4,145,-1,-1,0,25.26,56.7,344.8,4,-1016,28,0,-1,-1,-1,-1,-1,0,-1,1
NAJA,145.4,146,-1,-1,0,25.26,54.83,345.1,4,-1016,24,0,-1,-1,-1,-1,-1,0,-1,1
NAJA,146.4,147,-1,-1,0,25.26,53.18,345.1,4,-1016,28,0,-1,-1,-1,-1,-1,0,-1,1
NAJA,147.4,148,-1,-1,0,25.25,51.65,345.1,4,-1020,28,0,-1,-1,-1,-1,-1,0,-1,1
NAJA,148.4,149,-1,-1,0,25.26,50.68,345.2,4,-1016,32,0,-1,-1,-1,-1,-1,0,-1,1
NAJA,149.4,150,-1,-1,0,25.26,49.99,345.2,4,-1020,20,0,-1,-1,-1,-1,-1,0,-1,1
NAJA,150.4,151,-1,-1,0,25.26,49.46,345.1,4,-1020,24,0,-1,-1,-1,-1,-1,0,-1,1
NAJA,151.4,152,-1,-1,0,25.26,48.96,345.4,4,-1020,20,0,-1,-1,-1,-1,-1,0,-1,1
NAJA,152.4,153,-1,-1,0,25.26,48.61,345.3,4,-1020,20,0,-1,-1,-1,-1,-1,0,-1,1
NAJA,153.4,154,-1,-1,0,25.26,48.27,345.3,4,-1020,24,0,-1,-1,-1,-1,-1,0,-1,1
NAJA,154.4,155,-1,-1,0,25.27,48.02,345,4,-1016,32,0,-1,-1,-1,-1,-1,0,-1,1
NAJA,155.4,156,-1,-1,0,25.27,47.83,345,4,-1020,28,0,-1,-1,-1,-1,-1,0,-1,1
NAJA,156.4,157,-1,-1,0,25.27,47.62,345.2,4,-1016,32,0,-1,-1,-1,-1,-1,0,-1,1
NAJA,157.4,158,-1,-1,0,25.27,47.41,345.1,4,-1016,28,0,-1,-1,-1,-1,-1,0,-1,1
NAJA,158.4,159,-1,-1,0,25.26,47.26,345.4,4,-1012,28,0,-1,-1,-1,-1,-1,0,-1,1
NAJA,159.4,160,-1,-1,0,25.27,47.1,345.5,4,-1016,24,0,-1,-1,-1,-1,-1,0,-1,1
NAJA,160.4,161,-1,-1,0,25.27,46.95,345.3,8,-1016,24,0,-1,-1,-1,-1,-1,0,-1,1
NAJA,161.4,162,-1,-1,0,25.28,46.79,345.1,4,-1020,16,0,-1,-1,-1,-1,-1,0,-1,1
NAJA,162.4,163,-1,-1,0,25.27,46.67,345.1,4,-1024,20,0,-1,-1,-1,-1,-1,0,-1,1
NAJA,163.4,164,-1,-1,0,25.28,46.57,345.2,4,-1016,24,0,-1,-1,-1,-1,-1,0,-1,1
NAJA,164.4,165,-1,-1,0,25.26,46.46,345.2,4,-1016,28,0,-1,-1,-1,-1,-1,0,-1,1
NAJA,165.4,166,-1,-1,0,25.27,46.45,345.5,4,-1016,28,0,-1,-1,-1,-1,-1,0,-1,1
NAJA,166.4,167,-1,-1,0,25.28,46.44,345.4,12,-1016,32,0,-1,-1,-1,-1,-1,0,-1,1
NAJA,167.4,168,-1,-1,0,25.27,46.4,345.4,4,-1020,24,0,-1,-1,-1,-1,-1,0,-1,1
NAJA,168.4,169,-1,-1,0,25.27,46.33,345.2,0,-1016,28,0,-1,-1,-1,-1,-1,0,-1,1
NAJA,169.4,170,-1,-1,0,25.27,46.37,345.4,0,-1020,28,0,-1,-1,-1,-1,-1,0,-1,1
NAJA,170.4,171,-1,-1,0,25.27,46.25,345.4,4,-1016,24,0,-1,-1,-1,-1,-1,0,-1,1
NAJA,171.4,172,-1,-1,0,25.27,46.24,345.3,4,-1020,28,0,-1,-1,-1,-1,-1,0,-1,1
NAJA,172.4,173,-1,-1,0,25.27,46.15,345.3,4,-1016,28,0,-1,-1,-1,-1,-1,0,-1,1
NAJA,173.4,174,-1,-1,0,25.27,46.21,345,4,-1020,36,0,-1,-1,-1,-1,-1,0,-1,1
NAJA,174.4,175,-1,-1,0,25.27,46.3,345.1,4,-1020,28,0,-1,-1,-1,-1,-1,0,-1,1
NAJA,175.4,176,-1,-1,0,25.27,46.3,345.4,4,-1020,28,0,-1,-1,-1,-1,-1,0,-1,1
NAJA,176.4,177,-1,-1,0,25.27,46.23,345.4,0,-1016,28,0,-1,-1,-1,-1,-1,0,-1,1
NAJA,177.4,178,-1,-1,0,25.28,46.21,345.4,4,-1016,32,0,-1,-1,-1,-1,-1,0,-1,1
NAJA,178.4,179,-1,-1,0,25.28,46.33,345.3,8,-1020,28,0,-1,-1,-1,-1,-1,0,-1,1
NAJA,179.4,180,-1,-1,0,25.28,46.33,345.4,4,-1016,44,0,-1,-1,-1,-1,-1,0,-1,1
NAJA,180.4,181,-1,-1,0,25.29,46.27,345.2,4,-1016,24,0,-1,-1,-1,-1,-1,0,-1,1
NAJA,181.4,182,-1,-1,0,25.29,46.16,345.2,4,-1020,24,0,-1,-1,-1,-1,-1,0,-1,1
NAJA,182.4,183,-1,-1,0,25.28,46.07,345.3,0,-1016,28,0,-1,-1,-1,-1,-1,0,-1,1
NAJA,183.4,184,-1,-1,0,25.28,46.16,345.4,8,-1016,32,0,-1,-1,-1,-1,-1,0,-1,1
NAJA,184.4,185,-1,-1,0,25.28,46.2,345.3,4,-1020,28,0,-1,-1,-1,-1,-1,0,-1,1
NAJA,185.4,186,-1,-1,0,25.29,46.19,345.1,4,-1004,32,0,-1,-1,-1,-1,-1,0,-1,1
NAJA,186.4,187,-1,-1,0,25.29,46.23,345.2,4,-1020,28,0,-1,-1,-1,-1,-1,0,-1,1
NAJA,187.4,188,-1,-1,0,25.28,46.21,345.6,4,-1016,28,0,-1,-1,-1,-1,-1,0,-1,1
NAJA,188.4,189,-1,-1,0,25.29,46.21,345.3,4,-1016,24,0,-1,-1,-1,-1,-1,0,-1,1
NAJA,189.4,190,-1,-1,0,25.3,46.18,345.2,4,-1020,20,0,-1,-1,-1,-1,-1,0,-1,1
NAJA,190.4,191,-1,-1,0,25.3,46.18,345.4,4,-1020,32,0,-1,-1,-1,-1,-1,0,-1,1
NAJA,191.4,192,-1,-1,0,25.3,46.15,345.3,4,-1008,24,0,-1,-1,-1,-1,-1,0,-1,1
NAJA,192.4,193,-1,-1,0,25.29,46.19,345.5,4,-1016,28,0,-1,-1,-1,-1,-1,0,-1,1
NAJA,193.4,194,-1,-1,0,25.29,46.21,345.3,4,-1020,28,0,-1,-1,-1,-1,-1,0,-1,1
NAJA,194.4,195,-1,-1,0,25.29,46.22,345.6,0,-1020,28,0,-1,-1,-1,-1,-1,0,-1,1
NAJA,195.4,196,-1,-1,0,25.3,46.3,345.3,4,-1016,28,0,-1,-1,-1,-1,-1,0,-1,1
NAJA,196.4,197,-1,-1,0,25.3,46.47,345.3,4,-1020,28,0,-1,-1,-1,-1,-1,0,-1,1
NAJA,197.4,198,-1,-1,0,25.29,46.61,345.6,4,-1016,20,0,-1,-1,-1,-1,-1,0,-1,1
NAJA,198.4,199,-1,-1,0,25.29,46.53,345.4,0,-1016,32,0,-1,-1,-1,-1,-1,0,-1,1
NAJA,199.4,200,-1,-1,0,25.29,46.39,345.2,4,-1016,32,0,-1,-1,-1,-1,-1,0,-1,1
NAJA,200.4,201,-1,-1,0,25.29,46.13,345.3,4,-1016,36,0,-1,-1,-1,-1,-1,0,-1,1
NAJA,201.4,202,-1,-1,0,25.28,46.03,345.5,8,-1016,28,0,-1,-1,-1,-1,-1,0,-1,1
NAJA,202.4,203,-1,-1,0,25.28,46,345.6,4,-1016,28,0,-1,-1,-1,-1,-1,0,-1,1
NAJA,203.4,204,-1,-1,0,25.3,45.98,345.5,4,-1016,24,0,-1,-1,-1,-1,-1,0,-1,1
NAJA,204.4,205,-1,-1,0,25.29,45.94,345.5,8,-1024,24,0,-1,-1,-1,-1,-1,0,-1,1
NAJA,205.4,206,-1,-1,0,25.29,45.97,345.5,4,-1020,28,0,-1,-1,-1,-1,-1,0,-1,1
NAJA,206.4,207,-1,-1,0,25.3,45.85,345.4,4,-1016,28,0,-1,-1,-1,-1,-1,0,-1,1
NAJA,207.4,208,-1,-1,0,25.3,45.76,345.5,4,-1016,36,0,-1,-1,-1,-1,-1,0,-1,1
NAJA,208.4,209,-1,-1,0,25.29,45.73,345.5,0,-1020,36,0,-1,-1,-1,-1,-1,0,-1,1
NAJA,209.4,210,-1,-1,0,25.29,45.76,345.4,4,-1020,36,0,-1,-1,-1,-1,-1,0,-1,1
NAJA,210.4,211,-1,-1,0,25.29,45.84,345.6,4,-1016,32,0,-1,-1,-1,-1,-1,0,-1,1
NAJA,211.4,212,-1,-1,0,25.29,45.86,345.5,4,-1016,32,0,-1,-1,-1,-1,-1,0,-1,1
NAJA,212.4,213,-1,-1,0,25.3,45.92,345.3,4,-1020,24,0,-1,-1,-1,-1,-1,0,-1,1
NAJA,213.4,214,-1,-1,0,25.3,45.93,345.4,0,-1016,32,0,-1,-1,-1,-1,-1,0,-1,1
NAJA,214.4,215,-1,-1,0,25.3,45.93,345.4,0,-1020,32,0,-1,-1,-1,-1,-1,0,-1,1
NAJA,215.4,216,-1,-1,0,25.3,45.93,345.4,0,-1020,28,0,-1,-1,-1,-1,-1,0,-1,1
NAJA,216.4,217,-1,-1,0,25.3,45.85,345.5,4,-1020,32,0,-1,-1,-1,-1,-1,0,-1,1
NAJA,217.4,218,-1,-1,0,25.29,45.8,345.4,4,-1020,40,0,-1,-1,-1,-1,-1,0,-1,1
A,218.4,219,-1,-1,0,25.28,45.75,345.5,4,-1016,32,0,-1,-1,-1,-1,-1,0,-1,1
NAJA,219.4,220,-1,-1,0,25.29,45.77,345.4,4,-1016,28,0,-1,-1,-1,-1,-1,0,-1,1
NAJA,220.4,221,-1,-1,0,25.29,45.71,345.7,4,-1020,28,0,-1,-1,-1,-1,-1,0,-1,1
NAJA,221.4,222,-1,-1,0,25.29,45.68,345.2,4,-1016,24,0,-1,-1,-1,-1,-1,0,-1,1
NAJA,222.4,223,-1,-1,0,25.29,45.67,345.5,4,-1020,32,0,-1,-1,-1,-1,-1,0,-1,1
NAJA,223.4,224,-1,-1,0,25.29,45.65,345.5,4,-1020,32,0,-1,-1,-1,-1,-1,0,-1,1
NAJA,224.4,225,-1,-1,0,25.29,45.63,345.5,4,-1016,32,0,-1,-1,-1,-1,-1,0,-1,1
NAJA,225.4,226,-1,-1,0,25.27,45.6,345.4,4,-1016,32,0,-1,-1,-1,-1,-1,0,-1,1
NAJA,226.4,227,-1,-1,0,25.27,45.55,345.6,0,-1020,24,0,-1,-1,-1,-1,-1,0,-1,1
NAJA,227.4,228,-1,-1,0,25.28,45.55,345.4,4,-1016,36,0,-1,-1,-1,-1,-1,0,-1,1
NAJA,228.4,229,-1,-1,0,25.29,45.53,345.5,0,-1016,32,0,-1,-1,-1,-1,-1,0,-1,1
NAJA,229.4,230,-1,-1,0,25.28,45.52,345.7,0,-1020,40,0,-1,-1,-1,-1,-1,0,-1,1
NAJA,230.4,231,-1,-1,0,25.29,45.52,345.3,4,-1016,40,0,-1,-1,-1,-1,-1,0,-1,1
NAJA,231.4,232,-1,-1,0,25.29,45.52,345.4,4,-1016,28,0,-1,-1,-1,-1,-1,0,-1,1
NAJA,232.4,233,-1,-1,0,25.28,45.51,345.7,4,-1020,28,0,-1,-1,-1,-1,-1,0,-1,1
NAJA,233.4,234,-1,-1,0,25.29,45.51,345.3,0,-1016,32,0,-1,-1,-1,-1,-1,0,-1,1
NAJA,234.4,235,-1,-1,0,25.29,45.46,345.8,0,-1016,32,0,-1,-1,-1,-1,-1,0,-1,1
NAJA,235.4,236,-1,-1,0,25.29,45.43,345.7,0,-1016,32,0,-1,-1,-1,-1,-1,0,-1,1
NAJA,236.4,237,-1,-1,0,25.29,45.39,345.7,0,-1016,32,0,-1,-1,-1,-1,-1,0,-1,1
NAJA,237.4,238,-1,-1,0,25.3,45.38,345.7,4,-1020,36,0,-1,-1,-1,-1,-1,0,-1,1
NAJA,238.4,239,-1,-1,0,25.3,45.37,345.6,4,-1012,24,0,-1,-1,-1,-1,-1,0,-1,1
NAJA,239.4,240,-1,-1,0,25.28,45.3,345.6,0,-1016,24,0,-1,-1,-1,-1,-1,0,-1,1
NAJA,240.4,241,-1,-1,0,25.27,45.26,345.7,0,-1016,36,0,-1,-1,-1,-1,-1,0,-1,1
NAJA,241.4,242,-1,-1,0,25.28,45.23,345.6,0,-1020,28,0,-1,-1,-1,-1,-1,0,-1,1
NAJA,242.4,243,-1,-1,0,25.29,45.25,345.6,0,-1020,36,0,-1,-1,-1,-1,-1,0,-1,1
NAJA,243.4,244,-1,-1,0,25.28,45.26,345.5,0,-1020,48,0,-1,-1,-1,-1,-1,0,-1,1
NAJA,244.4,245,-1,-1,0,25.27,45.28,345.3,-4,-1016,72,0,-1,-1,-1,-1,-1,0,-1,1
NAJA,245.4,246,-1,-1,0,25.27,45.65,345.5,-20,-1012,76,0,-1,-1,-1,-1,-1,0,-1,1
NAJA,246.4,247,-1,-1,0,25.27,45.81,345.5,-12,-1016,80,0,-1,-1,-1,-1,-1,0,-1,1
NAJA,247.4,248,-1,-1,0,25.26,45.97,345.8,-32,-1004,104,0,-1,-1,-1,-1,-1,0,-1,1
NAJA,248.4,249,-1,-1,0,25.27,45.86,345.7,-20,-1012,92,0,-1,-1,-1,-1,-1,0,-1,1
NAJA,249.4,250,-1,-1,0,25.28,45.75,345.6,-28,-1012,108,0,-1,-1,-1,-1,-1,0,-1,1
NAJA,250.4,251,-1,-1,0,25.28,45.63,345.9,-24,-1012,104,0,-1,-1,-1,-1,-1,0,-1,1
NAJA,251.4,252,-1,-1,0,25.29,45.6,345.6,-8,-1016,104,0,-1,-1,-1,-1,-1,0,-1,1
NAJA,252.4,253,-1,-1,0,25.29,45.52,345.8,-24,-1012,96,0,-1,-1,-1,-1,-1,0,-1,1
NAJA,253.4,254,-1,-1,0,25.29,45.51,345.7,-20,-1016,100,0,-1,-1,-1,-1,-1,0,-1,1
NAJA,254.4,255,-1,-1,0,25.29,45.5,345.5,-12,-1016,100,0,-1,-1,-1,-1,-1,0,-1,1
NAJA,255.4,256,-1,-1,0,25.29,45.46,345.7,-12,-1016,100,0,-1,-1,-1,-1,-1,0,-1,1
NAJA,256.4,257,-1,-1,0,25.29,45.44,345.6,-16,-1012,100,0,-1,-1,-1,-1,-1,0,-1,1
NAJA,257.4,258,-1,-1,0,25.29,45.53,345.7,-20,-1012,100,0,-1,-1,-1,-1,-1,0,-1,1
NAJA,258.4,259,-1,-1,0,25.29,45.62,345.6,-24,-1020,104,0,-1,-1,-1,-1,-1,0,-1,1
NAJA,259.4,260,-1,-1,0,25.29,45.59,345.9,-24,-1016,100,0,-1,-1,-1,-1,-1,0,-1,1
NAJA,260.4,261,-1,-1,0,25.29,45.54,345.4,-16,-1016,100,0,-1,-1,-1,-1,-1,0,-1,1
NAJA,261.4,262,-1,-1,0,25.29,45.6,345.7,-20,-1016,100,0,-1,-1,-1,-1,-1,0,-1,1
NAJA,262.4,263,-1,-1,0,25.29,45.85,345.6,-24,-1008,104,0,-1,-1,-1,-1,-1,0,-1,1
NAJA,263.4,264,-1,-1,0,25.3,46.07,345.7,-28,-1012,104,0,-1,-1,-1,-1,-1,0,-1,1
NAJA,264.4,265,-1,-1,0,25.3,46.12,345.7,-20,-1016,108,0,-1,-1,-1,-1,-1,0,-1,1
NAJA,265.4,266,-1,-1,0,25.3,46.13,345.6,-20,-1012,100,0,-1,-1,-1,-1,-1,0,-1,1
NAJA,266.4,267,-1,-1,0,25.32,46.2,345.4,-16,-1012,96,0,-1,-1,-1,-1,-1,0,-1,1
NAJA,267.4,268,-1,-1,0,25.31,46.18,345.6,-24,-1016,108,0,-1,-1,-1,-1,-1,0,-1,1
NAJA,268.4,269,-1,-1,0,25.3,45.88,345.6,-28,-1016,100,0,-1,-1,-1,-1,-1,0,-1,1
NAJA,269.4,270,-1,-1,0,25.3,45.72,345.4,-20,-1016,96,0,-1,-1,-1,-1,-1,0,-1,1
NAJA,270.4,271,-1,-1,0,25.3,45.6,345.4,-20,-1016,104,0,-1,-1,-1,-1,-1,0,-1,1
NAJA,271.4,272,-1,-1,0,25.3,45.5,345.4,-24,-1016,108,0,-1,-1,-1,-1,-1,0,-1,1
NAJA,272.4,273,-1,-1,0,25.3,45.41,345.7,-24,-1016,104,0,-1,-1,-1,-1,-1,0,-1,1
NAJA,273.4,274,-1,-1,0,25.3,45.31,345.9,-20,-1016,104,0,-1,-1,-1,-1,-1,0,-1,1
NAJA,274.4,275,-1,-1,0,25.3,45.28,345.7,-20,-1016,112,0,-1,-1,-1,-1,-1,0,-1,1
NAJA,275.4,276,-1,-1,0,25.3,45.27,345.8,-16,-1016,100,0,-1,-1,-1,-1,-1,0,-1,1
NAJA,276.4,277,-1,-1,0,25.3,45.26,345.7,-16,-1016,100,0,-1,-1,-1,-1,-1,0,-1,1
NAJA,277.4,278,-1,-1,0,25.31,45.19,345.8,-16,-1016,116,0,-1,-1,-1,-1,-1,0,-1,1
NAJA,278.4,279,-1,-1,0,25.31,45.61,345.6,-44,-1016,120,0,-1,-1,-1,-1,-1,0,-1,1
NAJA,279.4,280,-1,-1,0,25.33,48.05,345.6,-16,-1012,116,0,-1,-1,-1,-1,-1,0,-1,1
NAJA,280.4,281,-1,-1,0,25.32,48.91,345.4,-28,-1012,100,0,-1,-1,-1,-1,-1,0,-1,1
NAJA,281.4,282,-1,-1,0,25.31,47.87,345.8,-16,-1012,100,0,-1,-1,-1,-1,-1,0,-1,1
NAJA,282.4,283,-1,-1,0,25.31,47.03,345.7,-20,-1016,104,0,-1,-1,-1,-1,-1,0,-1,1
NAJA,283.4,284,-1,-1,0,25.31,46.39,345.6,-24,-1012,96,0,-1,-1,-1,-1,-1,0,-1,1
NAJA,284.4,285,-1,-1,0,25.31,46,345.6,-12,-1016,100,0,-1,-1,-1,-1,-1,0,-1,1
NAJA,285.4,286,-1,-1,0,25.32,45.75,345.7,-24,-1016,96,0,-1,-1,-1,-1,-1,0,-1,1
NAJA,286.4,287,-1,-1,0,25.33,45.61,345.7,-20,-1012,96,0,-1,-1,-1,-1,-1,0,-1,1
NAJA,287.4,288,-1,-1,0,25.32,45.49,345.4,-24,-1016,104,0,-1,-1,-1,-1,-1,0,-1,1
NAJA,288.4,289,-1,-1,0,25.33,45.41,345.6,-24,-1016,100,0,-1,-1,-1,-1,-1,0,-1,1
NAJA,289.4,290,-1,-1,0,25.33,45.36,345.5,-16,-1016,100,0,-1,-1,-1,-1,-1,0,-1,1
NAJA,290.4,291,-1,-1,0,25.32,45.31,345.7,-20,-1012,104,0,-1,-1,-1,-1,-1,0,-1,1
NAJA,291.4,292,-1,-1,0,25.32,45.27,345.7,-20,-1016,100,0,-1,-1,-1,-1,-1,0,-1,1
NAJA,292.4,293,-1,-1,0,25.32,45.25,345.7,-12,-1016,100,0,-1,-1,-1,-1,-1,0,-1,1
NAJA,293.4,294,-1,-1,0,25.32,45.2,345.9,-16,-1016,100,0,-1,-1,-1,-1,-1,0,-1,1
NAJA,294.4,295,-1,-1,0,25.33,45.16,345.5,-20,-1016,100,0,-1,-1,-1,-1,-1,0,-1,1
NAJA,295.4,296,-1,-1,0,25.33,45.11,345.6,-24,-1016,104,0,-1,-1,-1,-1,-1,0,-1,1
NAJA,296.4,297,-1,-1,0,25.31,45.07,345.6,-28,-1012,100,0,-1,-1,-1,-1,-1,0,-1,1
NAJA,297.4,298,-1,-1,0,25.32,45.04,345.7,-16,-1008,100,0,-1,-1,-1,-1,-1,0,-1,1
NAJA,298.4,299,-1,-1,0,25.32,45.08,345.7,-24,-1012,96,0,-1,-1,-1,-1,-1,0,-1,1
NAJA,299.4,300,-1,-1,0,25.32,45.12,345.6,-20,-1016,100,0,-1,-1,-1,-1,-1,0,-1,1
NAJA,300.4,301,-1,-1,0,25.31,45.15,345.7,-20,-1016,100,0,-1,-1,-1,-1,-1,0,-1,1
NAJA,301.4,302,-1,-1,0,25.31,45.12,345.7,-24,-1016,100,0,-1,-1,-1,-1,-1,0,-1,1
NAJA,302.4,303,-1,-1,0,25.3,45.08,345.9,-20,-1016,100,0,-1,-1,-1,-1,-1,0,-1,1
NAJA,303.4,304,-1,-1,0,25.31,46.12,346,-36,-1004,128,0,-1,-1,-1,-1,-1,0,-1,1
NAJA,304.4,305,-1,-1,0,25.91,62.97,343.9,-24,-1012,96,0,-1,-1,-1,-1,-1,0,-1,2
NAJA,305.4,306,-1,-1,0,25.92,66.89,346.5,-20,-1008,104,0,-1,-1,-1,-1,-1,0,-1,8
NAJA,306.4,307,-1,-1,0,25.97,67.81,345.4,-20,-1008,104,0,-1,-1,-1,-1,-1,0,-1,8
NAJA,307.4,308,-1,-1,0,25.86,63.27,345.2,-20,-1012,104,0,-1,-1,-1,-1,-1,0,-1,8
NAJA,308.4,309,-1,-1,0,25.82,60.61,345.2,-24,-1012,108,0,-1,-1,-1,-1,-1,0,-1,8
NAJA,309.4,310,-1,-1,0,25.79,58.11,345.5,-20,-1016,104,0,-1,-1,-1,-1,-1,0,-1,8
NAJA,310.4,311,-1,-1,0,25.78,56.24,345.4,-28,-1012,100,0,-1,-1,-1,-1,-1,0,-1,8
NAJA,311.4,312,-1,-1,0,25.76,54.39,345.2,-28,-1012,100,0,-1,-1,-1,-1,-1,0,-1,8
NAJA,312.4,313,-1,-1,0,25.74,52.96,345.3,-20,-1016,104,0,-1,-1,-1,-1,-1,0,-1,8
NAJA,313.4,314,-1,-1,0,25.73,51.97,345.7,-20,-1016,108,0,-1,-1,-1,-1,-1,0,-1,8
NAJA,314.4,315,-1,-1,0,25.72,51.02,345.5,-20,-1012,100,0,-1,-1,-1,-1,-1,0,-1,8
NAJA,315.4,316,-1,-1,0,25.7,50.14,345.4,-28,-1012,104,0,-1,-1,-1,-1,-1,0,-1,8
NAJA,316.4,317,-1,-1,0,25.69,49.51,345.7,-24,-1016,108,0,-1,-1,-1,-1,-1,0,-1,8
NAJA,317.4,318,-1,-1,0,25.69,49.37,345.5,-24,-1016,100,0,-1,-1,-1,-1,-1,0,-1,8
NAJA,318.4,319,-1,-1,0,25.68,49.01,345.5,-28,-1016,108,0,-1,-1,-1,-1,-1,0,-1,8
NAJA,319.4,320,-1,-1,0,25.67,48.49,345.7,-24,-1012,104,0,-1,-1,-1,-1,-1,0,-1,8
NAJA,320.4,321,-1,-1,0,25.66,48.2,345.4,-24,-1016,108,0,-1,-1,-1,-1,-1,0,-1,8
NAJA,321.4,322,-1,-1,0,25.65,47.97,345.5,-16,-1016,104,0,-1,-1,-1,-1,-1,0,-1,8
NAJA,322.4,323,-1,-1,0,25.65,47.64,345.5,-20,-1016,104,0,-1,-1,-1,-1,-1,0,-1,8
NAJA,323.4,324,-1,-1,0,25.65,47.43,345.6,-24,-1016,108,0,-1,-1,-1,-1,-1,0,-1,8
NAJA,324.4,325,-1,-1,0,25.64,47.13,345.5,-32,-1020,104,0,-1,-1,-1,-1,-1,0,-1,8
NAJA,325.4,326,-1,-1,0,25.62,46.96,345.7,-24,-1012,108,0,-1,-1,-1,-1,-1,0,-1,8
NAJA,326.4,327,-1,-1,0,25.61,46.97,345.6,-24,-1012,104,0,-1,-1,-1,-1,-1,0,-1,8
NAJA,327.4,328,-1,-1,0,25.61,46.81,345.5,-28,-1012,104,0,-1,-1,-1,-1,-1,0,-1,8
NAJA,328.4,329,-1,-1,0,25.6,46.59,345.4,-20,-1016,108,0,-1,-1,-1,-1,-1,0,-1,8
NAJA,329.4,330,-1,-1,0,25.6,46.46,345.5,-20,-1020,108,0,-1,-1,-1,-1,-1,0,-1,8
NAJA,330.4,331,-1,-1,0,25.59,46.31,345.4,-24,-1016,104,0,-1,-1,-1,-1,-1,0,-1,8
NAJA,331.4,332,-1,-1,0,25.6,46.23,345.5,-24,-1016,100,0,-1,-1,-1,-1,-1,0,-1,8
NAJA,332.4,333,-1,-1,0,25.6,46.18,345.6,-28,-1012,104,0,-1,-1,-1,-1,-1,0,-1,8
NAJA,333.4,334,-1,-1,0,25.59,46.02,345.4,-24,-1016,104,0,-1,-1,-1,-1,-1,0,-1,8
NAJA,334.4,335,-1,-1,0,25.59,45.9,345.4,-16,-1016,100,0,-1,-1,-1,-1,-1,0,-1,8
NAJA,335.4,336,-1,-1,0,25.59,45.8,345.5,-24,-1012,104,0,-1,-1,-1,-1,-1,0,-1,8
NAJA,336.4,337,-1,-1,0,25.58,45.76,345.6,-20,-1012,104,0,-1,-1,-1,-1,-1,0,-1,8
NAJA,337.4,338,-1,-1,0,25.58,45.81,345.3,-24,-1016,104,0,-1,-1,-1,-1,-1,0,-1,8
NAJA,338.4,339,-1,-1,0,25.58,45.79,345.4,-20,-1016,96,0,-1,-1,-1,-1,-1,0,-1,8
NAJA,339.4,340,-1,-1,0,25.58,45.8,345.3,-24,-1016,100,0,-1,-1,-1,-1,-1,0,-1,8
NAJA,340.4,341,-1,-1,0,25.58,45.77,345.4,-24,-1012,100,0,-1,-1,-1,-1,-1,0,-1,8
NAJA,341.4,342,-1,-1,0,25.58,45.7,345.5,-24,-1012,104,0,-1,-1,-1,-1,-1,0,-1,8
NAJA,342.4,343,-1,-1,0,25.58,45.55,345.8,-20,-1016,96,0,-1,-1,-1,-1,-1,0,-1,8
NAJA,343.4,344,-1,-1,0,25.57,45.51,345.3,-24,-1016,100,0,-1,-1,-1,-1,-1,0,-1,8
NAJA,344.4,345,-1,-1,0,25.55,45.42,345.1,-28,-1008,100,0,-1,-1,-1,-1,-1,0,-1,8
NAJA,345.4,346,-1,-1,0,25.55,45.31,345.2,-16,-1008,108,0,-1,-1,-1,-1,-1,0,-1,8
NAJA,346.4,347,-1,-1,0,25.55,45.26,345.5,-24,-1016,104,0,-1,-1,-1,-1,-1,0,-1,8
NAJA,347.4,348,-1,-1,0,25.55,45.27,345.6,-12,-1016,100,0,-1,-1,-1,-1,-1,0,-1,8
NAJA,348.4,349,-1,-1,0,25.55,45.24,345.6,-16,-1016,96,0,-1,-1,-1,-1,-1,0,-1,8
NAJA,349.4,350,-1,-1,0,25.55,45.21,345.5,-16,-1012,100,0,-1,-1,-1,-1,-1,0,-1,8
NAJA,350.4,351,-1,-1,0,25.56,45.24,345.4,-16,-1016,104,0,-1,-1,-1,-1,-1,0,-1,8
NAJA,351.4,352,-1,-1,0,25.57,45.26,345.3,-24,-1016,100,0,-1,-1,-1,-1,-1,0,-1,8
NAJA,352.4,353,-1,-1,0,25.57,45.33,345.2,-24,-1012,104,0,-1,-1,-1,-1,-1,0,-1,8
NAJA,353.4,354,-1,-1,0,25.57,45.42,345.3,-20,-1016,104,0,-1,-1,-1,-1,-1,0,-1,8
NAJA,354.4,355,-1,-1,0,25.56,45.48,345.3,-20,-1016,104,0,-1,-1,-1,-1,-1,0,-1,8
NAJA,355.4,356,-1,-1,0,25.56,45.38,345.3,-16,-1016,104,0,-1,-1,-1,-1,-1,0,-1,8
NAJA,356.4,357,-1,-1,0,25.56,45.32,345.6,-28,-1012,104,0,-1,-1,-1,-1,-1,0,-1,8
NAJA,357.4,358,-1,-1,0,25.56,45.34,345.5,-24,-1016,100,0,-1,-1,-1,-1,-1,0,-1,8
NAJA,358.4,359,-1,-1,0,25.56,45.36,345.2,-24,-1016,108,0,-1,-1,-1,-1,-1,0,-1,8
NAJA,359.4,360,-1,-1,0,25.55,45.42,345.2,-16,-1016,104,0,-1,-1,-1,-1,-1,0,-1,8
NAJA,360.4,361,-1,-1,0,25.55,45.5,345.3,-28,-1008,100,0,-1,-1,-1,-1,-1,0,-1,8
NAJA,361.4,362,-1,-1,0,25.55,45.44,345.5,-24,-1016,100,0,-1,-1,-1,-1,-1,0,-1,8
NAJA,362.4,363,-1,-1,0,25.55,45.35,345.4,-24,-1016,96,0,-1,-1,-1,-1,-1,0,-1,8
NAJA,363.4,364,-1,-1,0,25.55,45.18,345.4,-28,-1012,100,0,-1,-1,-1,-1,-1,0,-1,8
NAJA,364.4,365,-1,-1,0,25.53,45.07,345.6,-24,-1016,104,0,-1,-1,-1,-1,-1,0,-1,8
NAJA,365.4,366,-1,-1,0,25.53,45,345.4,-20,-1016,100,0,-1,-1,-1,-1,-1,0,-1,8
NAJA,366.4,367,-1,-1,0,25.54,44.98,345.4,-28,-1016,100,0,-1,-1,-1,-1,-1,0,-1,8
NAJA,367.4,368,-1,-1,0,25.54,44.99,345.5,-20,-1016,100,0,-1,-1,-1,-1,-1,0,-1,8
NAJA,368.4,369,-1,-1,0,25.55,45,345.6,-28,-1016,104,0,-1,-1,-1,-1,-1,0,-1,8
NAJA,369.4,370,-1,-1,0,25.56,45,345.3,-20,-1016,108,0,-1,-1,-1,-1,-1,0,-1,8
NAJA,370.4,371,-1,-1,0,25.55,45.01,345.5,-16,-1020,100,0,-1,-1,-1,-1,-1,0,-1,8
NAJA,371.4,372,-1,-1,0,25.55,44.98,345.3,-20,-1016,104,0,-1,-1,-1,-1,-1,0,-1,8
NAJA,372.4,373,-1,-1,0,25.55,44.99,345.5,-20,-1016,100,0,-1,-1,-1,-1,-1,0,-1,8
NAJA,373.4,374,-1,-1,0,25.56,44.96,345.2,-20,-1016,100,0,-1,-1,-1,-1,-1,0,-1,8
NAJA,374.4,375,-1,-1,0,25.54,44.91,345.2,-20,-1016,96,0,-1,-1,-1,-1,-1,0,-1,8
NAJA,375.4,376,-1,-1,0,25.54,44.93,345.4,-16,-1016,100,0,-1,-1,-1,-1,-1,0,-1,8
NAJA,376.4,377,-1,-1,0,25.54,44.95,345.3,-24,-1016,104,0,-1,-1,-1,-1,-1,0,-1,8
NAJA,377.4,378,-1,-1,0,25.53,44.93,345.4,-24,-1012,96,0,-1,-1,-1,-1,-1,0,-1,8
NAJA,378.4,379,-1,-1,0,25.54,44.92,345.8,-16,-1020,104,0,-1,-1,-1,-1,-1,0,-1,8
NAJA,379.4,380,-1,-1,0,25.54,44.92,345.5,-24,-1012,100,0,-1,-1,-1,-1,-1,0,-1,8
NAJA,380.4,381,-1,-1,0,25.54,44.91,345.2,-16,-1016,100,0,-1,-1,-1,-1,-1,0,-1,8
NAJA,381.4,382,-1,-1,0,25.55,44.95,345.3,-28,-1016,96,0,-1,-1,-1,-1,-1,0,-1,8
NAJA,382.4,383,-1,-1,0,25.54,45.01,345.3,-24,-1016,104,0,-1,-1,-1,-1,-1,0,-1,8
NAJA,383.4,384,-1,-1,0,25.54,45.08,345.4,-24,-1012,96,0,-1,-1,-1,-1,-1,0,-1,8
NAJA,384.4,385,-1,-1,0,25.55,45.11,345.2,-24,-1016,112,0,-1,-1,-1,-1,-1,0,-1,8
NAJA,385.4,386,-1,-1,0,25.55,45.12,345.2,-24,-1016,100,0,-1,-1,-1,-1,-1,0,-1,8
NAJA,386.4,387,-1,-1,0,25.54,45.09,345.3,-24,-1016,100,0,-1,-1,-1,-1,-1,0,-1,8
NAJA,387.4,388,-1,-1,0,25.53,45.09,345.2,-28,-1012,108,0,-1,-1,-1,-1,-1,0,-1,8
NAJA,388.4,389,-1,-1,0,25.54,45.13,345.1,-24,-1016,104,0,-1,-1,-1,-1,-1,0,-1,8
NAJA,389.4,390,-1,-1,0,25.54,45.12,345.5,-28,-1016,108,0,-1,-1,-1,-1,-1,0,-1,8
NAJA,390.4,391,-1,-1,0,25.55,45.09,345.2,-28,-1012,104,0,-1,-1,-1,-1,-1,0,-1,8
NAJA,391.4,392,-1,-1,0,25.55,45.07,345.3,-28,-1016,104,0,-1,-1,-1,-1,-1,0,-1,8
NAJA,392.4,393,-1,-1,0,25.54,45.05,345.3,-24,-1016,104,0,-1,-1,-1,-1,-1,0,-1,8
NAJA,393.4,394,-1,-1,0,25.53,45.02,345.3,-20,-1016,104,0,-1,-1,-1,-1,-1,0,-1,8
NAJA,394.4,395,-1,-1,0,25.54,45.02,345.5,-28,-1012,104,0,-1,-1,-1,-1,-1,0,-1,8
NAJA,395.4,396,-1,-1,0,25.54,44.95,345.5,-28,-1012,100,0,-1,-1,-1,-1,-1,0,-1,8
NAJA,396.4,397,-1,-1,0,25.53,44.9,345.3,-20,-1012,104,0,-1,-1,-1,-1,-1,0,-1,8
NAJA,397.4,398,-1,-1,0,25.53,44.87,345.3,-20,-1016,96,0,-1,-1,-1,-1,-1,0,-1,8
NAJA,398.4,399,-1,-1,0,25.53,44.85,345.5,-24,-1016,108,0,-1,-1,-1,-1,-1,0,-1,8
NAJA,399.4,400,-1,-1,0,25.53,44.84,345.2,-20,-1016,108,0,-1,-1,-1,-1,-1,0,-1,8
NAJA,400.4,401,-1,-1,0,25.54,44.86,345.2,-24,-1012,104,0,-1,-1,-1,-1,-1,0,-1,8
NAJA,401.4,402,-1,-1,0,25.53,44.86,345.1,-20,-1016,100,0,-1,-1,-1,-1,-1,0,-1,8
NAJA,402.4,403,-1,-1,0,25.53,44.85,345.4,-20,-1016,100,0,-1,-1,-1,-1,-1,0,-1,8
NAJA,403.4,404,-1,-1,0,25.54,44.82,345.3,-28,-1012,104,0,-1,-1,-1,-1,-1,0,-1,8
NAJA,404.4,405,-1,-1,0,25.52,44.74,345.5,-20,-1012,112,0,-1,-1,-1,-1,-1,0,-1,8
NAJA,405.4,406,-1,-1,0,25.53,44.78,345.3,-20,-1016,100,0,-1,-1,-1,-1,-1,0,-1,8
NAJA,406.4,407,-1,-1,0,25.52,44.79,345.4,-20,-1012,100,0,-1,-1,-1,-1,-1,0,-1,8
NAJA,407.4,408,-1,-1,0,25.51,44.79,345.1,-28,-1012,112,0,-1,-1,-1,-1,-1,0,-1,8
NAJA,408.4,409,-1,-1,0,25.51,44.64,345.2,-28,-1012,100,0,-1,-1,-1,-1,-1,0,-1,8
NAJA,409.4,410,-1,-1,0,25.5,44.6,345.5,-20,-1016,104,0,-1,-1,-1,-1,-1,0,-1,8
NAJA,410.4,411,-1,-1,0,25.5,44.56,345.5,-24,-1012,104,0,-1,-1,-1,-1,-1,0,-1,8
NAJA,411.4,412,-1,-1,0,25.51,44.58,345.5,-20,-1012,104,0,-1,-1,-1,-1,-1,0,-1,8
AJA,412.4,413,-1,-1,0,25.5,44.55,345.4,-12,-1016,108,0,-1,-1,-1,-1,-1,0,-1,8
NAJA,413.4,414,-1,-1,0,25.5,44.55,345.3,-24,-1020,104,0,-1,-1,-1,-1,-1,0,-1,8
NAJA,414.4,415,-1,-1,0,25.49,44.64,345,-20,-1016,104,0,-1,-1,-1,-1,-1,0,-1,8
NAJA,415.4,416,-1,-1,0,25.5,44.58,345.3,-20,-1016,108,0,-1,-1,-1,-1,-1,0,-1,8
NAJA,416.4,417,-1,-1,0,25.49,44.6,345.4,-20,-1016,104,0,-1,-1,-1,-1,-1,0,-1,8
NAJA,417.4,418,-1,-1,0,25.49,44.69,345.3,-28,-1012,104,0,-1,-1,-1,-1,-1,0,-1,8
NAJA,418.4,419,-1,-1,0,25.47,44.85,345.3,-20,-1008,92,0,-1,-1,-1,-1,-1,0,-1,8
NAJA,419.4,420,-1,-1,0,25.47,44.73,345,-20,-1016,108,0,-1,-1,-1,-1,-1,0,-1,8
NAJA,420.4,421,-1,-1,0,25.47,44.62,345,-24,-1016,108,0,-1,-1,-1,-1,-1,0,-1,8
NAJA,421.4,422,-1,-1,0,25.47,44.55,345.2,-36,-1012,120,0,-1,-1,-1,-1,-1,0,-1,8
NAJA,422.4,423,-1,-1,0,25.47,44.51,345.6,-20,-1012,100,0,-1,-1,-1,-1,-1,0,-1,8
NAJA,423.4,424,-1,-1,0,25.46,44.48,345.4,-20,-1020,108,0,-1,-1,-1,-1,-1,0,-1,8
NAJA,424.4,425,-1,-1,0,25.47,44.48,345.3,-12,-1008,100,0,-1,-1,-1,-1,-1,0,-1,8
NAJA,425.4,426,-1,-1,0,25.48,44.5,345.4,-24,-1016,100,0,-1,-1,-1,-1,-1,0,-1,8
NAJA,426.4,427,-1,-1,0,25.48,44.49,345.5,-24,-1012,100,0,-1,-1,-1,-1,-1,0,-1,8
NAJA,427.4,428,-1,-1,0,25.46,44.45,345.3,-28,-1016,108,0,-1,-1,-1,-1,-1,0,-1,8
NAJA,428.4,429,-1,-1,0,25.44,44.46,345.5,-28,-1016,104,0,-1,-1,-1,-1,-1,0,-1,8
NAJA,429.4,430,-1,-1,0,25.43,44.44,345.6,-24,-1016,100,0,-1,-1,-1,-1,-1,0,-1,8
NAJA,430.4,431,-1,-1,0,25.42,44.46,345.6,-20,-1012,100,0,-1,-1,-1,-1,-1,0,-1,8
NAJA,431.4,432,-1,-1,0,25.42,44.48,345.3,-24,-1016,104,0,-1,-1,-1,-1,-1,0,-1,8
NAJA,432.4,433,-1,-1,0,25.4,44.45,345.2,-16,-1016,104,0,-1,-1,-1,-1,-1,0,-1,8
NAJA,433.4,434,-1,-1,0,25.4,44.7,345.3,-24,-1016,104,0,-1,-1,-1,-1,-1,0,-1,8
NAJA,434.4,435,-1,-1,0,25.41,44.63,345.3,-24,-1016,104,0,-1,-1,-1,-1,-1,0,-1,8
NAJA,435.4,436,-1,-1,0,25.4,44.55,345.4,-20,-1020,104,0,-1,-1,-1,-1,-1,0,-1,8
NAJA,436.4,437,-1,-1,0,25.4,44.49,345.5,-24,-1016,104,0,-1,-1,-1,-1,-1,0,-1,8
NAJA,437.4,438,-1,-1,0,25.4,44.46,345.5,-104,-1024,140,0,-1,-1,-1,-1,-1,0,-1,8
NAJA,438.4,439,-1,-1,0,25.4,44.58,345.3,-20,-1020,116,0,-1,-1,-1,-1,-1,0,-1,8
NAJA,439.4,440,-1,-1,0,25.4,44.53,345.4,-24,-1012,112,0,-1,-1,-1,-1,-1,0,-1,8
team_id,time,packet_id,lat,lon,sat,temp,humidity,alt_baro,acc_x,acc_y,acc_z,heading,pm1_0,pm2_5,pm10,voltage,current,watt,battery_percent,status
NAJA,0.4,1.0,-1.0,-1.0,0.0,26.41,43.98,346.5,532.0,4.0,836.0,0.0,-1.0,-1.0,-1.0,-1.0,-1.0,0.0,-1.0,1.0
NAJA,1.4,2.0,-1.0,-1.0,0.0,26.42,44.07,346.3,532.0,0.0,840.0,0.0,-1.0,-1.0,-1.0,-1.0,-1.0,0.0,-1.0,1.0
NAJA,2.4,3.0,-1.0,-1.0,0.0,26.42,44.24,346.6,532.0,0.0,836.0,0.0,-1.0,-1.0,-1.0,-1.0,-1.0,0.0,-1.0,1.0
NAJA,3.4,4.0,-1.0,-1.0,0.0,26.42,44.39,346.4,536.0,0.0,836.0,0.0,-1.0,-1.0,-1.0,-1.0,-1.0,0.0,-1.0,1.0
NAJA,4.4,5.0,-1.0,-1.0,0.0,26.42,44.54,346.4,532.0,8.0,840.0,0.0,-1.0,-1.0,-1.0,-1.0,-1.0,0.0,-1.0,1.0
NAJA,5.4,6.0,-1.0,-1.0,0.0,26.41,44.6,346.3,532.0,0.0,836.0,0.0,-1.0,-1.0,-1.0,-1.0,-1.0,0.0,-1.0,1.0
NAJA,6.4,7.0,-1.0,-1.0,0.0,26.41,44.57,346.5,536.0,4.0,840.0,0.0,-1.0,-1.0,-1.0,-1.0,-1.0,0.0,-1.0,1.0
NAJA,7.4,8.0,-1.0,-1.0,0.0,26.41,44.48,346.2,532.0,0.0,840.0,0.0,-1.0,-1.0,-1.0,-1.0,-1.0,0.0,-1.0,1.0
NAJA,8.4,9.0,-1.0,-1.0,0.0,26.41,44.41,346.5,532.0,4.0,840.0,0.0,-1.0,-1.0,-1.0,-1.0,-1.0,0.0,-1.0,1.0
NAJA,9.4,10.0,-1.0,-1.0,0.0,26.42,44.38,346.7,532.0,0.0,840.0,0.0,-1.0,-1.0,-1.0,-1.0,-1.0,0.0,-1.0,1.0
NAJA,10.4,11.0,-1.0,-1.0,0.0,26.42,44.48,346.3,532.0,0.0,840.0,0.0,-1.0,-1.0,-1.0,-1.0,-1.0,0.0,-1.0,1.0
NAJA,11.4,12.0,-1.0,-1.0,0.0,26.42,44.65,346.2,536.0,0.0,840.0,0.0,-1.0,-1.0,-1.0,-1.0,-1.0,0.0,-1.0,1.0
NAJA,12.4,13.0,-1.0,-1.0,0.0,26.42,44.76,346.5,536.0,0.0,836.0,0.0,-1.0,-1.0,-1.0,-1.0,-1.0,0.0,-1.0,1.0
NAJA,13.4,14.0,-1.0,-1.0,0.0,26.42,44.81,346.4,536.0,0.0,844.0,0.0,-1.0,-1.0,-1.0,-1.0,-1.0,0.0,-1.0,1.0
NAJA,14.4,15.0,-1.0,-1.0,0.0,26.41,44.81,346.4,532.0,4.0,840.0,0.0,-1.0,-1.0,-1.0,-1.0,-1.0,0.0,-1.0,1.0
NAJA,15.4,16.0,-1.0,-1.0,0.0,26.41,44.78,346.6,536.0,0.0,840.0,0.0,-1.0,-1.0,-1.0,-1.0,-1.0,0.0,-1.0,1.0
NAJA,16.4,17.0,-1.0,-1.0,0.0,26.41,44.72,346.4,536.0,0.0,836.0,0.0,-1.0,-1.0,-1.0,-1.0,-1.0,0.0,-1.0,1.0
NAJA,17.4,18.0,-1.0,-1.0,0.0,26.4,44.65,346.6,536.0,4.0,836.0,0.0,-1.0,-1.0,-1.0,-1.0,-1.0,0.0,-1.0,1.0
NAJA,18.4,19.0,-1.0,-1.0,0.0,26.41,44.58,346.4,536.0,0.0,836.0,0.0,-1.0,-1.0,-1.0,-1.0,-1.0,0.0,-1.0,1.0
NAJA,19.4,20.0,-1.0,-1.0,0.0,26.4,44.54,346.6,536.0,0.0,836.0,0.0,-1.0,-1.0,-1.0,-1.0,-1.0,0.0,-1.0,1.0
NAJA,20.4,21.0,-1.0,-1.0,0.0,26.41,44.53,346.4,532.0,0.0,836.0,0.0,-1.0,-1.0,-1.0,-1.0,-1.0,0.0,-1.0,1.0
NAJA,21.4,22.0,-1.0,-1.0,0.0,26.4,44.51,346.6,532.0,4.0,840.0,0.0,-1.0,-1.0,-1.0,-1.0,-1.0,0.0,-1.0,1.0
NAJA,22.4,23.0,-1.0,-1.0,0.0,26.41,44.44,346.3,532.0,0.0,836.0,0.0,-1.0,-1.0,-1.0,-1.0,-1.0,0.0,-1.0,1.0
NAJA,23.4,24.0,-1.0,-1.0,0.0,26.4,44.41,346.4,532.0,4.0,840.0,0.0,-1.0,-1.0,-1.0,-1.0,-1.0,0.0,-1.0,1.0
NAJA,24.4,25.0,-1.0,-1.0,0.0,26.4,44.38,346.4,848.0,604.0,52.0,0.0,-1.0,-1.0,-1.0,-1.0,-1.0,0.0,-1.0,1.0
NAJA,25.4,26.0,-1.0,-1.0,0.0,26.39,46.91,346.4,744.0,452.0,-372.0,0.0,-1.0,-1.0,-1.0,-1.0,-1.0,0.0,-1.0,1.0
NAJA,26.4,27.0,-1.0,-1.0,0.0,26.4,53.15,346.3,772.0,524.0,-404.0,0.0,-1.0,-1.0,-1.0,-1.0,-1.0,0.0,-1.0,1.0
NAJA,27.4,28.0,-1.0,-1.0,0.0,26.36,51.89,346.2,660.0,484.0,-304.0,0.0,-1.0,-1.0,-1.0,-1.0,-1.0,0.0,-1.0,1.0
NAJA,28.4,29.0,-1.0,-1.0,0.0,26.37,49.34,346.5,744.0,528.0,-316.0,0.0,-1.0,-1.0,-1.0,-1.0,-1.0,0.0,-1.0,1.0
NAJA,29.4,30.0,-1.0,-1.0,0.0,26.38,48.09,346.5,736.0,592.0,-328.0,0.0,-1.0,-1.0,-1.0,-1.0,-1.0,0.0,-1.0,1.0
NAJA,30.4,31.0,-1.0,-1.0,0.0,26.37,47.23,346.7,724.0,592.0,-324.0,0.0,-1.0,-1.0,-1.0,-1.0,-1.0,0.0,-1.0,1.0
NAJA,31.4,32.0,-1.0,-1.0,0.0,26.38,46.71,346.5,700.0,588.0,-364.0,0.0,-1.0,-1.0,-1.0,-1.0,-1.0,0.0,-1.0,1.0
NAJA,32.4,33.0,-1.0,-1.0,0.0,26.38,46.2,346.3,672.0,576.0,-380.0,0.0,-1.0,-1.0,-1.0,-1.0,-1.0,0.0,-1.0,1.0
NAJA,33.4,34.0,-1.0,-1.0,0.0,26.37,45.73,346.5,700.0,592.0,-344.0,0.0,-1.0,-1.0,-1.0,-1.0,-1.0,0.0,-1.0,1.0
NAJA,34.4,35.0,-1.0,-1.0,0.0,26.37,45.44,346.6,692.0,604.0,-364.0,0.0,-1.0,-1.0,-1.0,-1.0,-1.0,0.0,-1.0,1.0
NAJA,35.4,36.0,-1.0,-1.0,0.0,26.37,45.37,346.5,680.0,612.0,-336.0,0.0,-1.0,-1.0,-1.0,-1.0,-1.0,0.0,-1.0,1.0
NAJA,36.4,37.0,-1.0,-1.0,0.0,26.37,45.3,346.7,688.0,564.0,-388.0,0.0,-1.0,-1.0,-1.0,-1.0,-1.0,0.0,-1.0,1.0
NAJA,37.4,38.0,-1.0,-1.0,0.0,26.35,45.27,346.4,684.0,616.0,-332.0,0.0,-1.0,-1.0,-1.0,-1.0,-1.0,0.0,-1.0,1.0
NAJA,38.4,39.0,-1.0,-1.0,0.0,26.34,45.11,346.6,700.0,616.0,-308.0,0.0,-1.0,-1.0,-1.0,-1.0,-1.0,0.0,-1.0,1.0
NAJA,39.4,40.0,-1.0,-1.0,0.0,26.35,45.03,346.4,692.0,636.0,-348.0,0.0,-1.0,-1.0,-1.0,-1.0,-1.0,0.0,-1.0,1.0
NAJA,40.4,41.0,-1.0,-1.0,0.0,26.36,45.01,346.7,668.0,624.0,-380.0,0.0,-1.0,-1.0,-1.0,-1.0,-1.0,0.0,-1.0,1.0
NAJA,41.4,42.0,-1.0,-1.0,0.0,26.36,44.99,346.6,616.0,584.0,-412.0,0.0,-1.0,-1.0,-1.0,-1.0,-1.0,0.0,-1.0,1.0
NAJA,42.4,43.0,-1.0,-1.0,0.0,26.36,45.12,346.5,624.0,512.0,-396.0,0.0,-1.0,-1.0,-1.0,-1.0,-1.0,0.0,-1.0,1.0
NAJA,43.4,44.0,-1.0,-1.0,0.0,26.34,45.04,346.5,704.0,584.0,-292.0,0.0,-1.0,-1.0,-1.0,-1.0,-1.0,0.0,-1.0,1.0
NAJA,44.4,45.0,-1.0,-1.0,0.0,26.35,45.06,346.5,656.0,588.0,-392.0,0.0,-1.0,-1.0,-1.0,-1.0,-1.0,0.0,-1.0,1.0
NAJA,45.4,46.0,-1.0,-1.0,0.0,26.34,44.96,346.3,684.0,612.0,-372.0,0.0,-1.0,-1.0,-1.0,-1.0,-1.0,0.0,-1.0,1.0
NAJA,46.4,47.0,-1.0,-1.0,0.0,26.34,44.87,346.4,672.0,592.0,-364.0,0.0,-1.0,-1.0,-1.0,-1.0,-1.0,0.0,-1.0,1.0
NAJA,47.4,48.0,-1.0,-1.0,0.0,26.33,44.92,346.6,704.0,620.0,-332.0,0.0,-1.0,-1.0,-1.0,-1.0,-1.0,0.0,-1.0,1.0
NAJA,48.4,49.0,-1.0,-1.0,0.0,26.34,45.0,346.6,632.0,648.0,-348.0,0.0,-1.0,-1.0,-1.0,-1.0,-1.0,0.0,-1.0,1.0
NAJA,49.4,50.0,-1.0,-1.0,0.0,26.34,44.96,346.7,600.0,608.0,-428.0,0.0,-1.0,-1.0,-1.0,-1.0,-1.0,0.0,-1.0,1.0
NAJA,50.4,51.0,-1.0,-1.0,0.0,26.33,44.75,346.4,564.0,644.0,-488.0,0.0,-1.0,-1.0,-1.0,-1.0,-1.0,0.0,-1.0,1.0
NAJA,51.4,52.0,-1.0,-1.0,0.0,26.32,44.63,346.4,580.0,648.0,-504.0,0.0,-1.0,-1.0,-1.0,-1.0,-1.0,0.0,-1.0,1.0
NAJA,52.4,53.0,-1.0,-1.0,0.0,26.32,44.59,346.6,604.0,616.0,-432.0,0.0,-1.0,-1.0,-1.0,-1.0,-1.0,0.0,-1.0,1.0
NAJA,53.4,54.0,-1.0,-1.0,0.0,26.32,44.59,346.7,584.0,652.0,-452.0,0.0,-1.0,-1.0,-1.0,-1.0,-1.0,0.0,-1.0,1.0
NAJA,54.4,55.0,-1.0,-1.0,0.0,26.33,44.57,347.0,588.0,624.0,-468.0,0.0,-1.0,-1.0,-1.0,-1.0,-1.0,0.0,-1.0,1.0
NAJA,55.4,56.0,-1.0,-1.0,0.0,26.33,44.55,346.6,544.0,616.0,-492.0,0.0,-1.0,-1.0,-1.0,-1.0,-1.0,0.0,-1.0,1.0
NAJA,56.4,57.0,-1.0,-1.0,0.0,26.33,44.54,346.6,636.0,664.0,-400.0,0.0,-1.0,-1.0,-1.0,-1.0,-1.0,0.0,-1.0,1.0
NAJA,57.4,58.0,-1.0,-1.0,0.0,26.32,44.53,346.6,584.0,632.0,-448.0,0.0,-1.0,-1.0,-1.0,-1.0,-1.0,0.0,-1.0,1.0
NAJA,58.4,59.0,-1.0,-1.0,0.0,26.31,44.54,346.6,620.0,660.0,-416.0,0.0,-1.0,-1.0,-1.0,-1.0,-1.0,0.0,-1.0,1.0
NAJA,59.4,60.0,-1.0,-1.0,0.0,26.32,44.56,346.5,752.0,392.0,384.0,0.0,-1.0,-1.0,-1.0,-1.0,-1.0,0.0,-1.0,1.0
NAJA,60.4,61.0,-1.0,-1.0,0.0,26.32,44.6,346.5,592.0,16.0,720.0,0.0,-1.0,-1.0,-1.0,-1.0,-1.0,0.0,-1.0,1.0
NAJA,61.4,62.0,-1.0,-1.0,0.0,26.31,44.64,346.5,724.0,188.0,692.0,0.0,-1.0,-1.0,-1.0,-1.0,-1.0,0.0,-1.0,1.0
NAJA,62.4,63.0,-1.0,-1.0,0.0,26.32,44.67,346.4,744.0,232.0,628.0,0.0,-1.0,-1.0,-1.0,-1.0,-1.0,0.0,-1.0,1.0
NAJA,63.4,64.0,-1.0,-1.0,0.0,26.32,44.69,346.6,720.0,244.0,640.0,0.0,-1.0,-1.0,-1.0,-1.0,-1.0,0.0,-1.0,1.0
NAJA,64.4,65.0,-1.0,-1.0,0.0,26.33,44.72,346.5,760.0,296.0,576.0,0.0,-1.0,-1.0,-1.0,-1.0,-1.0,0.0,-1.0,1.0
NAJA,65.4,66.0,-1.0,-1.0,0.0,26.33,44.76,346.5,828.0,516.0,20.0,0.0,-1.0,-1.0,-1.0,-1.0,-1.0,0.0,-1.0,1.0
NAJA,66.4,67.0,-1.0,-1.0,0.0,26.32,44.75,346.5,760.0,296.0,604.0,0.0,-1.0,-1.0,-1.0,-1.0,-1.0,0.0,-1.0,1.0
NAJA,67.4,68.0,-1.0,-1.0,0.0,26.31,44.68,346.5,512.0,-24.0,836.0,0.0,-1.0,-1.0,-1.0,-1.0,-1.0,0.0,-1.0,1.0
NAJA,68.4,69.0,-1.0,-1.0,0.0,26.32,44.66,346.6,444.0,0.0,896.0,0.0,-1.0,-1.0,-1.0,-1.0,-1.0,0.0,-1.0,1.0
NAJA,69.4,70.0,-1.0,-1.0,0.0,26.32,44.64,346.6,440.0,0.0,896.0,0.0,-1.0,-1.0,-1.0,-1.0,-1.0,0.0,-1.0,1.0
NAJA,70.4,71.0,-1.0,-1.0,0.0,26.32,44.66,346.6,440.0,4.0,900.0,0.0,-1.0,-1.0,-1.0,-1.0,-1.0,0.0,-1.0,1.0
NAJA,71.4,72.0,-1.0,-1.0,0.0,26.32,44.68,346.4,440.0,0.0,892.0,0.0,-1.0,-1.0,-1.0,-1.0,-1.0,0.0,-1.0,1.0
NAJA,72.4,73.0,-1.0,-1.0,0.0,26.31,44.68,346.5,440.0,0.0,884.0,0.0,-1.0,-1.0,-1.0,-1.0,-1.0,0.0,-1.0,1.0
NAJA,73.4,74.0,-1.0,-1.0,0.0,26.31,44.7,346.6,424.0,0.0,900.0,0.0,-1.0,-1.0,-1.0,-1.0,-1.0,0.0,-1.0,1.0
NAJA,74.4,75.0,-1.0,-1.0,0.0,26.31,44.72,346.6,424.0,0.0,908.0,0.0,-1.0,-1.0,-1.0,-1.0,-1.0,0.0,-1.0,1.0
NAJA,75.4,76.0,-1.0,-1.0,0.0,26.31,44.76,346.4,428.0,0.0,904.0,0.0,-1.0,-1.0,-1.0,-1.0,-1.0,0.0,-1.0,1.0
NAJA,76.4,77.0,-1.0,-1.0,0.0,26.32,44.78,346.6,424.0,0.0,904.0,0.0,-1.0,-1.0,-1.0,-1.0,-1.0,0.0,-1.0,1.0
NAJA,77.4,78.0,-1.0,-1.0,0.0,26.31,44.8,346.5,424.0,0.0,908.0,0.0,-1.0,-1.0,-1.0,-1.0,-1.0,0.0,-1.0,1.0
NAJA,78.4,79.0,-1.0,-1.0,0.0,26.31,44.81,346.5,420.0,0.0,908.0,0.0,-1.0,-1.0,-1.0,-1.0,-1.0,0.0,-1.0,1.0
NAJA,79.4,80.0,-1.0,-1.0,0.0,26.31,44.85,346.5,500.0,-8.0,844.0,0.0,-1.0,-1.0,-1.0,-1.0,-1.0,0.0,-1.0,1.0
NAJA,80.4,81.0,-1.0,-1.0,0.0,26.31,44.86,346.7,372.0,0.0,932.0,0.0,-1.0,-1.0,-1.0,-1.0,-1.0,0.0,-1.0,1.0
NAJA,81.4,82.0,-1.0,-1.0,0.0,26.31,44.9,346.9,368.0,0.0,936.0,0.0,-1.0,-1.0,-1.0,-1.0,-1.0,0.0,-1.0,1.0
NAJA,82.4,83.0,-1.0,-1.0,0.0,26.31,44.95,346.5,372.0,4.0,924.0,0.0,-1.0,-1.0,-1.0,-1.0,-1.0,0.0,-1.0,1.0
NAJA,83.4,84.0,-1.0,-1.0,0.0,26.31,44.94,346.5,380.0,0.0,920.0,0.0,-1.0,-1.0,-1.0,-1.0,-1.0,0.0,-1.0,1.0
NAJA,84.4,85.0,-1.0,-1.0,0.0,26.3,44.94,346.5,376.0,0.0,924.0,0.0,-1.0,-1.0,-1.0,-1.0,-1.0,0.0,-1.0,1.0
NAJA,85.4,86.0,-1.0,-1.0,0.0,26.3,44.95,346.6,376.0,0.0,924.0,0.0,-1.0,-1.0,-1.0,-1.0,-1.0,0.0,-1.0,1.0
NAJA,86.4,87.0,-1.0,-1.0,0.0,26.3,44.95,346.7,376.0,0.0,920.0,0.0,-1.0,-1.0,-1.0,-1.0,-1.0,0.0,-1.0,1.0
NAJA,87.4,88.0,-1.0,-1.0,0.0,26.3,44.95,346.8,376.0,4.0,920.0,0.0,-1.0,-1.0,-1.0,-1.0,-1.0,0.0,-1.0,1.0
NAJA,88.4,89.0,-1.0,-1.0,0.0,26.3,44.96,346.7,376.0,-4.0,920.0,0.0,-1.0,-1.0,-1.0,-1.0,-1.0,0.0,-1.0,1.0
NAJA,89.4,90.0,-1.0,-1.0,0.0,26.31,45.0,346.5,376.0,4.0,920.0,0.0,-1.0,-1.0,-1.0,-1.0,-1.0,0.0,-1.0,1.0
NAJA,90.4,91.0,-1.0,-1.0,0.0,26.3,45.02,346.4,376.0,0.0,928.0,0.0,-1.0,-1.0,-1.0,-1.0,-1.0,0.0,-1.0,1.0
NAJA,91.4,92.0,-1.0,-1.0,0.0,26.3,45.01,346.5,376.0,4.0,924.0,0.0,-1.0,-1.0,-1.0,-1.0,-1.0,0.0,-1.0,1.0
NAJA,92.4,93.0,-1.0,-1.0,0.0,26.31,45.0,346.6,380.0,0.0,928.0,0.0,-1.0,-1.0,-1.0,-1.0,-1.0,0.0,-1.0,1.0
NAJA,93.4,94.0,-1.0,-1.0,0.0,26.3,44.98,346.8,372.0,4.0,924.0,0.0,-1.0,-1.0,-1.0,-1.0,-1.0,0.0,-1.0,1.0
NAJA,94.4,95.0,-1.0,-1.0,0.0,26.3,45.0,346.7,376.0,0.0,920.0,0.0,-1.0,-1.0,-1.0,-1.0,-1.0,0.0,-1.0,1.0
NAJA,95.4,96.0,-1.0,-1.0,0.0,26.3,45.03,346.8,376.0,0.0,920.0,0.0,-1.0,-1.0,-1.0,-1.0,-1.0,0.0,-1.0,1.0
NAJA,96.4,97.0,-1.0,-1.0,0.0,26.3,45.06,346.5,372.0,0.0,916.0,0.0,-1.0,-1.0,-1.0,-1.0,-1.0,0.0,-1.0,1.0
NAJA,97.4,98.0,-1.0,-1.0,0.0,26.3,45.1,346.6,376.0,0.0,924.0,0.0,-1.0,-1.0,-1.0,-1.0,-1.0,0.0,-1.0,1.0
NAJA,98.4,99.0,-1.0,-1.0,0.0,26.3,45.13,346.5,372.0,0.0,920.0,0.0,-1.0,-1.0,-1.0,-1.0,-1.0,0.0,-1.0,1.0
NAJA,99.4,100.0,-1.0,-1.0,0.0,26.3,45.13,346.6,376.0,0.0,924.0,0.0,-1.0,-1.0,-1.0,-1.0,-1.0,0.0,-1.0,1.0
NAJA,100.4,101.0,-1.0,-1.0,0.0,26.29,45.14,346.5,376.0,0.0,924.0,0.0,-1.0,-1.0,-1.0,-1.0,-1.0,0.0,-1.0,1.0
NAJA,101.4,102.0,-1.0,-1.0,0.0,26.29,45.17,346.9,372.0,0.0,924.0,0.0,-1.0,-1.0,-1.0,-1.0,-1.0,0.0,-1.0,1.0
NAJA,102.4,103.0,-1.0,-1.0,0.0,26.29,45.15,346.8,380.0,0.0,928.0,0.0,-1.0,-1.0,-1.0,-1.0,-1.0,0.0,-1.0,1.0
NAJA,103.4,104.0,-1.0,-1.0,0.0,26.29,45.12,346.5,368.0,0.0,928.0,0.0,-1.0,-1.0,-1.0,-1.0,-1.0,0.0,-1.0,1.0
NAJA,104.4,105.0,-1.0,-1.0,0.0,26.29,45.14,346.7,376.0,0.0,932.0,0.0,-1.0,-1.0,-1.0,-1.0,-1.0,0.0,-1.0,1.0
NAJA,105.4,106.0,-1.0,-1.0,0.0,26.3,45.17,346.6,380.0,0.0,928.0,0.0,-1.0,-1.0,-1.0,-1.0,-1.0,0.0,-1.0,1.0
NAJA,106.4,107.0,-1.0,-1.0,0.0,26.29,45.19,346.9,372.0,-4.0,920.0,0.0,-1.0,-1.0,-1.0,-1.0,-1.0,0.0,-1.0,1.0
NAJA,107.4,108.0,-1.0,-1.0,0.0,26.29,45.18,346.7,372.0,0.0,924.0,0.0,-1.0,-1.0,-1.0,-1.0,-1.0,0.0,-1.0,1.0
NAJA,108.4,109.0,-1.0,-1.0,0.0,26.29,45.16,346.6,372.0,0.0,928.0,0.0,-1.0,-1.0,-1.0,-1.0,-1.0,0.0,-1.0,1.0
NAJA,109.4,110.0,-1.0,-1.0,0.0,26.28,45.13,346.6,376.0,0.0,928.0,0.0,-1.0,-1.0,-1.0,-1.0,-1.0,0.0,-1.0,1.0
NAJA,110.4,111.0,-1.0,-1.0,0.0,26.28,45.08,346.8,368.0,-4.0,924.0,0.0,-1.0,-1.0,-1.0,-1.0,-1.0,0.0,-1.0,1.0
NAJA,111.4,112.0,-1.0,-1.0,0.0,26.28,45.06,346.5,368.0,0.0,920.0,0.0,-1.0,-1.0,-1.0,-1.0,-1.0,0.0,-1.0,1.0
NAJA,112.4,113.0,-1.0,-1.0,0.0,26.28,45.05,346.7,372.0,0.0,920.0,0.0,-1.0,-1.0,-1.0,-1.0,-1.0,0.0,-1.0,1.0
NAJA,113.4,114.0,-1.0,-1.0,0.0,26.28,45.04,346.7,372.0,0.0,924.0,0.0,-1.0,-1.0,-1.0,-1.0,-1.0,0.0,-1.0,1.0
NAJA,114.4,115.0,-1.0,-1.0,0.0,26.28,45.04,346.5,368.0,0.0,928.0,0.0,-1.0,-1.0,-1.0,-1.0,-1.0,0.0,-1.0,1.0
NAJA,115.4,116.0,-1.0,-1.0,0.0,26.28,45.03,346.7,376.0,0.0,920.0,0.0,-1.0,-1.0,-1.0,-1.0,-1.0,0.0,-1.0,1.0
NAJA,116.4,117.0,-1.0,-1.0,0.0,26.28,45.0,346.5,368.0,0.0,928.0,0.0,-1.0,-1.0,-1.0,-1.0,-1.0,0.0,-1.0,1.0
NAJA,117.4,118.0,-1.0,-1.0,0.0,26.28,44.96,346.7,372.0,0.0,928.0,0.0,-1.0,-1.0,-1.0,-1.0,-1.0,0.0,-1.0,1.0
NAJA,118.4,119.0,-1.0,-1.0,0.0,26.28,44.91,346.7,368.0,0.0,928.0,0.0,-1.0,-1.0,-1.0,-1.0,-1.0,0.0,-1.0,1.0
NAJA,119.4,120.0,-1.0,-1.0,0.0,26.28,44.83,346.6,372.0,0.0,924.0,0.0,-1.0,-1.0,-1.0,-1.0,-1.0,0.0,-1.0,1.0
NAJA,120.4,121.0,-1.0,-1.0,0.0,26.28,44.79,346.3,376.0,0.0,924.0,0.0,-1.0,-1.0,-1.0,-1.0,-1.0,0.0,-1.0,1.0
NAJA,121.4,122.0,-1.0,-1.0,0.0,26.28,44.72,346.5,376.0,0.0,928.0,0.0,-1.0,-1.0,-1.0,-1.0,-1.0,0.0,-1.0,1.0
NAJA,122.4,123.0,-1.0,-1.0,0.0,26.27,44.66,346.6,368.0,-4.0,924.0,0.0,-1.0,-1.0,-1.0,-1.0,-1.0,0.0,-1.0,1.0
NAJA,123.4,124.0,-1.0,-1.0,0.0,26.27,44.64,346.7,376.0,0.0,920.0,0.0,-1.0,-1.0,-1.0,-1.0,-1.0,0.0,-1.0,1.0
NAJA,124.4,125.0,-1.0,-1.0,0.0,26.27,44.65,346.6,368.0,0.0,924.0,0.0,-1.0,-1.0,-1.0,-1.0,-1.0,0.0,-1.0,1.0
NAJA,125.4,126.0,-1.0,-1.0,0.0,26.27,44.7,346.6,372.0,-4.0,924.0,0.0,-1.0,-1.0,-1.0,-1.0,-1.0,0.0,-1.0,1.0
NAJA,126.4,127.0,-1.0,-1.0,0.0,26.27,44.73,346.4,372.0,0.0,920.0,0.0,-1.0,-1.0,-1.0,-1.0,-1.0,0.0,-1.0,1.0
NAJA,127.4,128.0,-1.0,-1.0,0.0,26.27,44.74,346.8,372.0,0.0,928.0,0.0,-1.0,-1.0,-1.0,-1.0,-1.0,0.0,-1.0,1.0
NAJA,128.4,129.0,-1.0,-1.0,0.0,26.27,44.72,346.5,372.0,4.0,928.0,0.0,-1.0,-1.0,-1.0,-1.0,-1.0,0.0,-1.0,1.0
NAJA,129.4,130.0,-1.0,-1.0,0.0,26.27,44.72,346.9,372.0,0.0,924.0,0.0,-1.0,-1.0,-1.0,-1.0,-1.0,0.0,-1.0,1.0
NAJA,130.4,131.0,-1.0,-1.0,0.0,26.27,44.74,346.8,372.0,4.0,924.0,0.0,-1.0,-1.0,-1.0,-1.0,-1.0,0.0,-1.0,1.0
NAJA,131.4,132.0,-1.0,-1.0,0.0,26.27,44.74,346.6,372.0,0.0,928.0,0.0,-1.0,-1.0,-1.0,-1.0,-1.0,0.0,-1.0,1.0
NAJA,132.4,133.0,-1.0,-1.0,0.0,26.27,44.75,346.8,368.0,0.0,928.0,0.0,-1.0,-1.0,-1.0,-1.0,-1.0,0.0,-1.0,1.0
NAJA,133.4,134.0,-1.0,-1.0,0.0,26.26,44.76,346.7,372.0,0.0,928.0,0.0,-1.0,-1.0,-1.0,-1.0,-1.0,0.0,-1.0,1.0
NAJA,134.4,135.0,-1.0,-1.0,0.0,26.27,44.76,346.5,372.0,0.0,932.0,0.0,-1.0,-1.0,-1.0,-1.0,-1.0,0.0,-1.0,1.0
NAJA,135.4,136.0,-1.0,-1.0,0.0,26.26,44.73,346.8,376.0,0.0,924.0,0.0,-1.0,-1.0,-1.0,-1.0,-1.0,0.0,-1.0,1.0
NAJA,136.4,137.0,-1.0,-1.0,0.0,26.27,44.75,346.6,368.0,-4.0,936.0,0.0,-1.0,-1.0,-1.0,-1.0,-1.0,0.0,-1.0,1.0
NAJA,137.4,138.0,-1.0,-1.0,0.0,26.27,44.74,346.6,372.0,0.0,928.0,0.0,-1.0,-1.0,-1.0,-1.0,-1.0,0.0,-1.0,1.0
NAJA,138.4,139.0,-1.0,-1.0,0.0,26.26,44.71,346.6,372.0,0.0,924.0,0.0,-1.0,-1.0,-1.0,-1.0,-1.0,0.0,-1.0,1.0
team_id,time,packet_id,lat,lon,sat,temp,humidity,alt_baro,acc_x,acc_y,acc_z,heading,pm1_0,pm2_5,pm10,voltage,current,watt,battery_percent,status
14,0.4,1.0,-1.0,-1.0,0.0,26.3,44.27,350.4,-600.0,-12.0,804.0,0.0,-1.0,-1.0,-1.0,-1.0,-1.0,0.0,-1.0,1.0
14,1.4,2.0,-1.0,-1.0,0.0,26.3,44.28,350.4,-600.0,-8.0,804.0,0.0,-1.0,-1.0,-1.0,-1.0,-1.0,0.0,-1.0,1.0
14,2.4,3.0,-1.0,-1.0,0.0,26.3,44.28,350.4,-604.0,-12.0,804.0,0.0,-1.0,-1.0,-1.0,-1.0,-1.0,0.0,-1.0,1.0
14,3.4,4.0,-1.0,-1.0,0.0,26.3,44.28,350.4,-600.0,-4.0,812.0,0.0,-1.0,-1.0,-1.0,-1.0,-1.0,0.0,-1.0,1.0
14,4.4,5.0,-1.0,-1.0,0.0,26.3,44.26,350.6,-600.0,-8.0,804.0,0.0,-1.0,-1.0,-1.0,-1.0,-1.0,0.0,-1.0,1.0
14,5.4,6.0,-1.0,-1.0,0.0,26.3,44.2,350.5,-596.0,-8.0,808.0,0.0,-1.0,-1.0,-1.0,-1.0,-1.0,0.0,-1.0,1.0
14,6.4,7.0,-1.0,-1.0,0.0,26.3,44.16,350.5,-608.0,-4.0,812.0,0.0,-1.0,-1.0,-1.0,-1.0,-1.0,0.0,-1.0,1.0
14,7.4,8.0,-1.0,-1.0,0.0,26.3,44.14,350.1,-600.0,-4.0,804.0,0.0,-1.0,-1.0,-1.0,-1.0,-1.0,0.0,-1.0,1.0
14,8.4,9.0,-1.0,-1.0,0.0,26.3,44.11,349.9,-600.0,-8.0,812.0,0.0,-1.0,-1.0,-1.0,-1.0,-1.0,0.0,-1.0,1.0
14,9.4,10.0,-1.0,-1.0,0.0,26.3,44.07,350.1,-600.0,-4.0,812.0,0.0,-1.0,-1.0,-1.0,-1.0,-1.0,0.0,-1.0,1.0
14,10.4,11.0,-1.0,-1.0,0.0,26.29,44.0,350.0,-600.0,-8.0,808.0,0.0,-1.0,-1.0,-1.0,-1.0,-1.0,0.0,-1.0,1.0
14,11.4,12.0,-1.0,-1.0,0.0,26.29,43.98,349.9,-604.0,-8.0,804.0,0.0,-1.0,-1.0,-1.0,-1.0,-1.0,0.0,-1.0,1.0
14,12.4,13.0,-1.0,-1.0,0.0,26.29,43.95,350.3,-604.0,-8.0,812.0,0.0,-1.0,-1.0,-1.0,-1.0,-1.0,0.0,-1.0,1.0
14,13.4,14.0,-1.0,-1.0,0.0,26.29,43.9,350.3,-604.0,-8.0,804.0,0.0,-1.0,-1.0,-1.0,-1.0,-1.0,0.0,-1.0,1.0
14,14.4,15.0,-1.0,-1.0,0.0,26.29,43.87,350.3,-604.0,-8.0,804.0,0.0,-1.0,-1.0,-1.0,-1.0,-1.0,0.0,-1.0,1.0
14,15.4,16.0,-1.0,-1.0,0.0,26.3,43.82,350.4,-604.0,-4.0,816.0,0.0,-1.0,-1.0,-1.0,-1.0,-1.0,0.0,-1.0,1.0
14,16.4,17.0,-1.0,-1.0,0.0,26.3,43.75,350.1,-604.0,-12.0,812.0,0.0,-1.0,-1.0,-1.0,-1.0,-1.0,0.0,-1.0,1.0
14,17.4,18.0,-1.0,-1.0,0.0,26.28,43.73,350.2,-604.0,-8.0,812.0,0.0,-1.0,-1.0,-1.0,-1.0,-1.0,0.0,-1.0,1.0
14,18.4,19.0,-1.0,-1.0,0.0,26.28,43.72,350.1,-600.0,-8.0,808.0,0.0,-1.0,-1.0,-1.0,-1.0,-1.0,0.0,-1.0,1.0
14,19.4,20.0,-1.0,-1.0,0.0,26.28,43.76,349.9,-604.0,-8.0,804.0,0.0,-1.0,-1.0,-1.0,-1.0,-1.0,0.0,-1.0,1.0
14,20.4,21.0,-1.0,-1.0,0.0,26.29,43.82,350.0,-604.0,-4.0,812.0,0.0,-1.0,-1.0,-1.0,-1.0,-1.0,0.0,-1.0,1.0
14,21.4,22.0,-1.0,-1.0,0.0,26.3,43.83,350.1,-604.0,-4.0,808.0,0.0,-1.0,-1.0,-1.0,-1.0,-1.0,0.0,-1.0,1.0
14,22.4,23.0,-1.0,-1.0,0.0,26.29,43.82,350.2,-600.0,-4.0,816.0,0.0,-1.0,-1.0,-1.0,-1.0,-1.0,0.0,-1.0,1.0
14,23.4,24.0,-1.0,-1.0,0.0,26.29,43.82,350.0,-600.0,-8.0,808.0,0.0,-1.0,-1.0,-1.0,-1.0,-1.0,0.0,-1.0,1.0
14,24.4,25.0,-1.0,-1.0,0.0,26.29,43.82,350.3,-600.0,-12.0,800.0,0.0,-1.0,-1.0,-1.0,-1.0,-1.0,0.0,-1.0,1.0
14,25.4,26.0,-1.0,-1.0,0.0,26.29,43.82,350.2,-604.0,-8.0,808.0,0.0,-1.0,-1.0,-1.0,-1.0,-1.0,0.0,-1.0,1.0
14,26.4,27.0,-1.0,-1.0,0.0,26.29,43.81,350.1,-604.0,-4.0,800.0,0.0,-1.0,-1.0,-1.0,-1.0,-1.0,0.0,-1.0,1.0
14,27.4,28.0,-1.0,-1.0,0.0,26.29,43.81,350.2,-604.0,-4.0,808.0,0.0,-1.0,-1.0,-1.0,-1.0,-1.0,0.0,-1.0,1.0
14,28.4,29.0,-1.0,-1.0,0.0,26.29,43.82,350.1,-604.0,-8.0,808.0,0.0,-1.0,-1.0,-1.0,-1.0,-1.0,0.0,-1.0,1.0
14,29.4,30.0,-1.0,-1.0,0.0,26.28,43.81,350.3,-604.0,-8.0,804.0,0.0,-1.0,-1.0,-1.0,-1.0,-1.0,0.0,-1.0,1.0
14,30.4,31.0,-1.0,-1.0,0.0,26.29,43.79,350.3,-600.0,-8.0,808.0,0.0,-1.0,-1.0,-1.0,-1.0,-1.0,0.0,-1.0,1.0
14,31.4,32.0,-1.0,-1.0,0.0,26.29,43.8,350.3,-600.0,-4.0,812.0,0.0,-1.0,-1.0,-1.0,-1.0,-1.0,0.0,-1.0,1.0
14,32.4,33.0,-1.0,-1.0,0.0,26.29,43.79,350.2,-604.0,-4.0,804.0,0.0,-1.0,-1.0,-1.0,-1.0,-1.0,0.0,-1.0,1.0
14,33.4,34.0,-1.0,-1.0,0.0,26.28,43.79,350.2,-600.0,-8.0,808.0,0.0,-1.0,-1.0,-1.0,-1.0,-1.0,0.0,-1.0,1.0
14,34.4,35.0,-1.0,-1.0,0.0,26.28,43.79,350.5,-600.0,-4.0,804.0,0.0,-1.0,-1.0,-1.0,-1.0,-1.0,0.0,-1.0,1.0
14,35.4,36.0,-1.0,-1.0,0.0,26.28,43.79,350.4,-604.0,-8.0,808.0,0.0,-1.0,-1.0,-1.0,-1.0,-1.0,0.0,-1.0,1.0
14,36.4,37.0,-1.0,-1.0,0.0,26.28,43.8,350.0,-596.0,-8.0,808.0,0.0,-1.0,-1.0,-1.0,-1.0,-1.0,0.0,-1.0,1.0
14,37.4,38.0,-1.0,-1.0,0.0,26.28,43.8,350.4,-600.0,-8.0,808.0,0.0,-1.0,-1.0,-1.0,-1.0,-1.0,0.0,-1.0,1.0
14,38.4,39.0,-1.0,-1.0,0.0,26.28,43.82,350.5,-604.0,-8.0,808.0,0.0,-1.0,-1.0,-1.0,-1.0,-1.0,0.0,-1.0,1.0
14,39.4,40.0,-1.0,-1.0,0.0,26.28,43.79,350.4,-604.0,-8.0,812.0,0.0,-1.0,-1.0,-1.0,-1.0,-1.0,0.0,-1.0,1.0
14,40.4,41.0,-1.0,-1.0,0.0,26.28,43.79,350.2,-600.0,-8.0,820.0,0.0,-1.0,-1.0,-1.0,-1.0,-1.0,0.0,-1.0,1.0
14,41.4,42.0,-1.0,-1.0,0.0,26.28,43.86,350.3,-600.0,-8.0,808.0,0.0,-1.0,-1.0,-1.0,-1.0,-1.0,0.0,-1.0,1.0
14,42.4,43.0,-1.0,-1.0,0.0,26.29,43.88,350.4,-608.0,-8.0,812.0,0.0,-1.0,-1.0,-1.0,-1.0,-1.0,0.0,-1.0,1.0
14,43.4,44.0,-1.0,-1.0,0.0,26.28,43.91,350.3,-604.0,-4.0,812.0,0.0,-1.0,-1.0,-1.0,-1.0,-1.0,0.0,-1.0,1.0
14,44.4,45.0,-1.0,-1.0,0.0,26.28,43.9,350.3,-608.0,-8.0,808.0,0.0,-1.0,-1.0,-1.0,-1.0,-1.0,0.0,-1.0,1.0
14,45.4,46.0,-1.0,-1.0,0.0,26.28,43.87,349.9,-604.0,-8.0,816.0,0.0,-1.0,-1.0,-1.0,-1.0,-1.0,0.0,-1.0,1.0
14,46.4,47.0,-1.0,-1.0,0.0,26.28,43.84,350.2,-600.0,-8.0,808.0,0.0,-1.0,-1.0,-1.0,-1.0,-1.0,0.0,-1.0,1.0
14,47.4,48.0,-1.0,-1.0,0.0,26.28,43.78,350.0,-604.0,-8.0,800.0,0.0,-1.0,-1.0,-1.0,-1.0,-1.0,0.0,-1.0,1.0
14,48.4,49.0,-1.0,-1.0,0.0,26.28,43.76,350.1,-600.0,-4.0,808.0,0.0,-1.0,-1.0,-1.0,-1.0,-1.0,0.0,-1.0,1.0
14,49.4,50.0,-1.0,-1.0,0.0,26.28,43.79,350.1,-604.0,-8.0,808.0,0.0,-1.0,-1.0,-1.0,-1.0,-1.0,0.0,-1.0,1.0
14,50.4,51.0,-1.0,-1.0,0.0,26.28,43.81,350.4,-600.0,-8.0,812.0,0.0,-1.0,-1.0,-1.0,-1.0,-1.0,0.0,-1.0,1.0
14,51.4,52.0,-1.0,-1.0,0.0,26.28,43.82,350.6,-604.0,-8.0,804.0,0.0,-1.0,-1.0,-1.0,-1.0,-1.0,0.0,-1.0,1.0
14,52.4,53.0,-1.0,-1.0,0.0,26.28,43.83,350.4,-604.0,-8.0,808.0,0.0,-1.0,-1.0,-1.0,-1.0,-1.0,0.0,-1.0,1.0
14,53.4,54.0,-1.0,-1.0,0.0,26.28,43.82,350.5,-604.0,-12.0,808.0,0.0,-1.0,-1.0,-1.0,-1.0,-1.0,0.0,-1.0,1.0
14,54.4,55.0,-1.0,-1.0,0.0,26.28,43.79,350.5,-600.0,-8.0,812.0,0.0,-1.0,-1.0,-1.0,-1.0,-1.0,0.0,-1.0,1.0
14,55.4,56.0,-1.0,-1.0,0.0,26.28,43.74,350.5,-604.0,-8.0,804.0,0.0,-1.0,-1.0,-1.0,-1.0,-1.0,0.0,-1.0,1.0
14,56.4,57.0,-1.0,-1.0,0.0,26.28,43.7,350.1,-604.0,-8.0,808.0,0.0,-1.0,-1.0,-1.0,-1.0,-1.0,0.0,-1.0,1.0
14,57.4,58.0,-1.0,-1.0,0.0,26.27,43.67,350.3,-604.0,-8.0,812.0,0.0,-1.0,-1.0,-1.0,-1.0,-1.0,0.0,-1.0,1.0
14,58.4,59.0,-1.0,-1.0,0.0,26.27,43.65,350.6,-600.0,-8.0,808.0,0.0,-1.0,-1.0,-1.0,-1.0,-1.0,0.0,-1.0,1.0
14,59.4,60.0,-1.0,-1.0,0.0,26.27,43.62,350.4,-604.0,-8.0,804.0,0.0,-1.0,-1.0,-1.0,-1.0,-1.0,0.0,-1.0,1.0
14,60.4,61.0,-1.0,-1.0,0.0,26.27,43.6,350.1,-604.0,-12.0,808.0,0.0,-1.0,-1.0,-1.0,-1.0,-1.0,0.0,-1.0,1.0
14,61.4,62.0,-1.0,-1.0,0.0,26.27,43.62,350.4,-600.0,-4.0,804.0,0.0,-1.0,-1.0,-1.0,-1.0,-1.0,0.0,-1.0,1.0
14,62.4,63.0,-1.0,-1.0,0.0,26.27,43.65,350.1,-600.0,-8.0,808.0,0.0,-1.0,-1.0,-1.0,-1.0,-1.0,0.0,-1.0,1.0
14,63.4,64.0,-1.0,-1.0,0.0,26.27,43.74,350.0,-604.0,-4.0,808.0,0.0,-1.0,-1.0,-1.0,-1.0,-1.0,0.0,-1.0,1.0
14,64.4,65.0,-1.0,-1.0,0.0,26.27,43.84,350.2,-600.0,-4.0,808.0,0.0,-1.0,-1.0,-1.0,-1.0,-1.0,0.0,-1.0,1.0
14,65.4,66.0,-1.0,-1.0,0.0,26.27,43.91,350.3,-604.0,-4.0,808.0,0.0,-1.0,-1.0,-1.0,-1.0,-1.0,0.0,-1.0,1.0
14,66.4,67.0,-1.0,-1.0,0.0,26.27,43.96,350.3,-608.0,-4.0,808.0,0.0,-1.0,-1.0,-1.0,-1.0,-1.0,0.0,-1.0,1.0
14,67.4,68.0,-1.0,-1.0,0.0,26.27,43.99,350.5,-600.0,-8.0,796.0,0.0,-1.0,-1.0,-1.0,-1.0,-1.0,0.0,-1.0,1.0
14,68.4,69.0,-1.0,-1.0,0.0,26.26,43.84,350.3,-600.0,-4.0,808.0,0.0,-1.0,-1.0,-1.0,-1.0,-1.0,0.0,-1.0,1.0
14,69.4,70.0,-1.0,-1.0,0.0,26.26,43.76,350.2,-600.0,-12.0,812.0,0.0,-1.0,-1.0,-1.0,-1.0,-1.0,0.0,-1.0,1.0
team_id,time,packet_id,lat,lon,sat,temp,humidity,alt_baro,acc_x,acc_y,acc_z,heading,pm1_0,pm2_5,pm10,voltage,current,watt,battery_percent,status
14,0.4,1.0,-1.0,-1.0,0.0,27.18,42.0,355.5,-528.0,-12.0,852.0,0.0,-1.0,-1.0,-1.0,-1.0,-1.0,0.0,-1.0,1.0
14,1.4,2.0,-1.0,-1.0,0.0,27.18,41.91,355.6,-536.0,-4.0,852.0,0.0,-1.0,-1.0,-1.0,-1.0,-1.0,0.0,-1.0,1.0
14,2.4,3.0,-1.0,-1.0,0.0,27.18,41.9,355.4,-536.0,-4.0,852.0,0.0,-1.0,-1.0,-1.0,-1.0,-1.0,0.0,-1.0,1.0
14,3.4,4.0,-1.0,-1.0,0.0,27.18,41.92,355.4,-528.0,-4.0,852.0,0.0,-1.0,-1.0,-1.0,-1.0,-1.0,0.0,-1.0,1.0
14,4.4,5.0,-1.0,-1.0,0.0,27.19,41.91,355.3,-536.0,-8.0,848.0,0.0,-1.0,-1.0,-1.0,-1.0,-1.0,0.0,-1.0,1.0
14,5.4,6.0,-1.0,-1.0,0.0,27.18,41.89,355.7,-532.0,-4.0,856.0,0.0,-1.0,-1.0,-1.0,-1.0,-1.0,0.0,-1.0,1.0
14,6.4,7.0,-1.0,-1.0,0.0,27.19,41.87,355.6,-528.0,-4.0,856.0,0.0,-1.0,-1.0,-1.0,-1.0,-1.0,0.0,-1.0,1.0
14,7.4,8.0,-1.0,-1.0,0.0,27.19,41.88,355.3,-532.0,-8.0,852.0,0.0,-1.0,-1.0,-1.0,-1.0,-1.0,0.0,-1.0,1.0
14,8.4,9.0,-1.0,-1.0,0.0,27.19,41.93,355.4,-528.0,-4.0,852.0,0.0,-1.0,-1.0,-1.0,-1.0,-1.0,0.0,-1.0,1.0
14,9.4,10.0,-1.0,-1.0,0.0,27.19,41.95,355.6,-532.0,-4.0,852.0,0.0,-1.0,-1.0,-1.0,-1.0,-1.0,0.0,-1.0,1.0
14,10.4,11.0,-1.0,-1.0,0.0,27.19,41.97,355.5,-532.0,-12.0,856.0,0.0,-1.0,-1.0,-1.0,-1.0,-1.0,0.0,-1.0,1.0
14,11.4,12.0,-1.0,-1.0,0.0,27.19,41.99,355.4,-532.0,-4.0,852.0,0.0,-1.0,-1.0,-1.0,-1.0,-1.0,0.0,-1.0,1.0
14,12.4,13.0,-1.0,-1.0,0.0,27.2,42.02,355.5,-532.0,-8.0,852.0,0.0,-1.0,-1.0,-1.0,-1.0,-1.0,0.0,-1.0,1.0
14,13.4,14.0,-1.0,-1.0,0.0,27.2,42.04,355.3,-532.0,-4.0,848.0,0.0,-1.0,-1.0,-1.0,-1.0,-1.0,0.0,-1.0,1.0
14,14.4,15.0,-1.0,-1.0,0.0,27.19,42.05,355.4,-528.0,-4.0,856.0,0.0,-1.0,-1.0,-1.0,-1.0,-1.0,0.0,-1.0,1.0
14,15.4,16.0,-1.0,-1.0,0.0,27.19,42.07,355.4,-532.0,-8.0,852.0,0.0,-1.0,-1.0,-1.0,-1.0,-1.0,0.0,-1.0,1.0
14,16.4,17.0,-1.0,-1.0,0.0,27.2,42.09,355.4,-532.0,-4.0,848.0,0.0,-1.0,-1.0,-1.0,-1.0,-1.0,0.0,-1.0,1.0
14,17.4,18.0,-1.0,-1.0,0.0,27.2,42.13,355.3,-528.0,-4.0,848.0,0.0,-1.0,-1.0,-1.0,-1.0,-1.0,0.0,-1.0,1.0
14,18.4,19.0,-1.0,-1.0,0.0,27.2,42.16,355.6,-528.0,-4.0,844.0,0.0,-1.0,-1.0,-1.0,-1.0,-1.0,0.0,-1.0,1.0
14,19.4,20.0,-1.0,-1.0,0.0,27.19,42.17,355.4,-532.0,-8.0,856.0,0.0,-1.0,-1.0,-1.0,-1.0,-1.0,0.0,-1.0,1.0
14,20.4,21.0,-1.0,-1.0,0.0,27.2,42.22,355.8,-524.0,-8.0,852.0,0.0,-1.0,-1.0,-1.0,-1.0,-1.0,0.0,-1.0,1.0
14,21.4,22.0,-1.0,-1.0,0.0,27.2,42.27,355.4,-532.0,-8.0,852.0,0.0,-1.0,-1.0,-1.0,-1.0,-1.0,0.0,-1.0,1.0
14,22.4,23.0,-1.0,-1.0,0.0,27.2,42.28,355.4,-536.0,-4.0,856.0,0.0,-1.0,-1.0,-1.0,-1.0,-1.0,0.0,-1.0,1.0
14,23.4,24.0,-1.0,-1.0,0.0,27.21,42.23,355.4,-532.0,-4.0,856.0,0.0,-1.0,-1.0,-1.0,-1.0,-1.0,0.0,-1.0,1.0
14,24.4,25.0,-1.0,-1.0,0.0,27.2,42.18,355.4,-528.0,-4.0,856.0,0.0,-1.0,-1.0,-1.0,-1.0,-1.0,0.0,-1.0,1.0
14,25.4,26.0,-1.0,-1.0,0.0,27.2,42.16,355.1,-532.0,-4.0,860.0,0.0,-1.0,-1.0,-1.0,-1.0,-1.0,0.0,-1.0,1.0
14,26.4,27.0,-1.0,-1.0,0.0,27.21,42.18,355.4,-532.0,-8.0,852.0,0.0,-1.0,-1.0,-1.0,-1.0,-1.0,0.0,-1.0,1.0
14,27.4,28.0,-1.0,-1.0,0.0,27.21,42.2,355.5,-532.0,-8.0,852.0,0.0,-1.0,-1.0,-1.0,-1.0,-1.0,0.0,-1.0,1.0
14,28.4,29.0,-1.0,-1.0,0.0,27.2,42.22,355.3,-532.0,-8.0,856.0,0.0,-1.0,-1.0,-1.0,-1.0,-1.0,0.0,-1.0,1.0
14,29.4,30.0,-1.0,-1.0,0.0,27.21,42.26,355.4,-528.0,-8.0,856.0,0.0,-1.0,-1.0,-1.0,-1.0,-1.0,0.0,-1.0,1.0
14,30.4,31.0,-1.0,-1.0,0.0,27.21,42.28,355.6,-532.0,-8.0,856.0,0.0,-1.0,-1.0,-1.0,-1.0,-1.0,0.0,-1.0,1.0
14,31.4,32.0,-1.0,-1.0,0.0,27.21,42.32,355.6,-532.0,-8.0,848.0,0.0,-1.0,-1.0,-1.0,-1.0,-1.0,0.0,-1.0,1.0
14,32.4,33.0,-1.0,-1.0,0.0,27.21,42.34,355.5,-532.0,-8.0,852.0,0.0,-1.0,-1.0,-1.0,-1.0,-1.0,0.0,-1.0,1.0
14,33.4,34.0,-1.0,-1.0,0.0,27.21,42.34,355.5,-528.0,-8.0,852.0,0.0,-1.0,-1.0,-1.0,-1.0,-1.0,0.0,-1.0,1.0
14,34.4,35.0,-1.0,-1.0,0.0,27.21,42.34,355.1,-532.0,-8.0,856.0,0.0,-1.0,-1.0,-1.0,-1.0,-1.0,0.0,-1.0,1.0
14,35.4,36.0,-1.0,-1.0,0.0,27.21,42.35,355.2,-532.0,-12.0,856.0,0.0,-1.0,-1.0,-1.0,-1.0,-1.0,0.0,-1.0,1.0
14,36.4,37.0,-1.0,-1.0,0.0,27.21,42.35,355.6,-532.0,-8.0,852.0,0.0,-1.0,-1.0,-1.0,-1.0,-1.0,0.0,-1.0,1.0
14,37.4,38.0,-1.0,-1.0,0.0,27.21,42.36,355.3,-532.0,-8.0,848.0,0.0,-1.0,-1.0,-1.0,-1.0,-1.0,0.0,-1.0,1.0
14,38.4,39.0,-1.0,-1.0,0.0,27.22,42.32,355.5,-532.0,-8.0,856.0,0.0,-1.0,-1.0,-1.0,-1.0,-1.0,0.0,-1.0,1.0
14,39.4,40.0,-1.0,-1.0,0.0,27.21,42.26,355.3,-532.0,-8.0,856.0,0.0,-1.0,-1.0,-1.0,-1.0,-1.0,0.0,-1.0,1.0
14,40.4,41.0,-1.0,-1.0,0.0,27.23,42.24,355.2,-536.0,-4.0,852.0,0.0,-1.0,-1.0,-1.0,-1.0,-1.0,0.0,-1.0,1.0
14,41.4,42.0,-1.0,-1.0,0.0,27.23,42.25,355.3,-532.0,0.0,856.0,0.0,-1.0,-1.0,-1.0,-1.0,-1.0,0.0,-1.0,1.0
14,42.4,43.0,-1.0,-1.0,0.0,27.22,42.28,355.6,-532.0,-4.0,852.0,0.0,-1.0,-1.0,-1.0,-1.0,-1.0,0.0,-1.0,1.0
14,43.4,44.0,-1.0,-1.0,0.0,27.22,42.33,355.3,-532.0,-8.0,856.0,0.0,-1.0,-1.0,-1.0,-1.0,-1.0,0.0,-1.0,1.0
14,44.4,45.0,-1.0,-1.0,0.0,27.22,42.34,355.7,-536.0,-4.0,852.0,0.0,-1.0,-1.0,-1.0,-1.0,-1.0,0.0,-1.0,1.0
14,45.4,46.0,-1.0,-1.0,0.0,27.22,42.35,355.4,-532.0,-4.0,856.0,0.0,-1.0,-1.0,-1.0,-1.0,-1.0,0.0,-1.0,1.0
14,46.4,47.0,-1.0,-1.0,0.0,27.22,42.36,355.2,-536.0,-4.0,856.0,0.0,-1.0,-1.0,-1.0,-1.0,-1.0,0.0,-1.0,1.0
14,47.4,48.0,-1.0,-1.0,0.0,27.23,42.37,355.5,-536.0,-4.0,852.0,0.0,-1.0,-1.0,-1.0,-1.0,-1.0,0.0,-1.0,1.0
14,48.4,49.0,-1.0,-1.0,0.0,27.23,42.4,355.6,-528.0,-8.0,852.0,0.0,-1.0,-1.0,-1.0,-1.0,-1.0,0.0,-1.0,1.0
14,49.4,50.0,-1.0,-1.0,0.0,27.23,42.41,355.6,-532.0,0.0,852.0,0.0,-1.0,-1.0,-1.0,-1.0,-1.0,0.0,-1.0,1.0
14,50.4,51.0,-1.0,-1.0,0.0,27.23,42.42,355.5,-528.0,-8.0,852.0,0.0,-1.0,-1.0,-1.0,-1.0,-1.0,0.0,-1.0,1.0
14,51.4,52.0,-1.0,-1.0,0.0,27.23,42.42,355.6,-532.0,-8.0,848.0,0.0,-1.0,-1.0,-1.0,-1.0,-1.0,0.0,-1.0,1.0
14,52.4,53.0,-1.0,-1.0,0.0,27.24,42.42,355.5,-536.0,-4.0,848.0,0.0,-1.0,-1.0,-1.0,-1.0,-1.0,0.0,-1.0,1.0
14,53.4,54.0,-1.0,-1.0,0.0,27.23,42.41,355.4,-528.0,-8.0,856.0,0.0,-1.0,-1.0,-1.0,-1.0,-1.0,0.0,-1.0,1.0
14,54.4,55.0,-1.0,-1.0,0.0,27.24,42.36,355.3,-532.0,-4.0,856.0,0.0,-1.0,-1.0,-1.0,-1.0,-1.0,0.0,-1.0,1.0
14,55.4,56.0,-1.0,-1.0,0.0,27.23,42.33,355.4,-536.0,-4.0,844.0,0.0,-1.0,-1.0,-1.0,-1.0,-1.0,0.0,-1.0,1.0
14,56.4,57.0,-1.0,-1.0,0.0,27.24,42.29,355.2,-532.0,-4.0,848.0,0.0,-1.0,-1.0,-1.0,-1.0,-1.0,0.0,-1.0,1.0
14,57.4,58.0,-1.0,-1.0,0.0,27.24,42.27,355.5,-532.0,-4.0,848.0,0.0,-1.0,-1.0,-1.0,-1.0,-1.0,0.0,-1.0,1.0
14,58.4,59.0,-1.0,-1.0,0.0,27.24,42.27,355.6,-532.0,-8.0,852.0,0.0,-1.0,-1.0,-1.0,-1.0,-1.0,0.0,-1.0,1.0
14,59.4,60.0,-1.0,-1.0,0.0,27.24,42.27,355.6,-532.0,-8.0,848.0,0.0,-1.0,-1.0,-1.0,-1.0,-1.0,0.0,-1.0,1.0
14,60.4,61.0,-1.0,-1.0,0.0,27.24,42.3,355.4,-532.0,-8.0,856.0,0.0,-1.0,-1.0,-1.0,-1.0,-1.0,0.0,-1.0,1.0
